ISO-10303-21;
HEADER;
FILE_DESCRIPTION(('Open CASCADE Model'),'2;1');
FILE_NAME('Open CASCADE Shape Model','2026-09-12T22:55:35',('Author'),(
    'Open CASCADE'),'Open CASCADE STEP processor 7.9','Open CASCADE 7.9'
  ,'Unknown');
FILE_SCHEMA(('AUTOMOTIVE_DESIGN { 1 0 10303 214 1 1 1 1 }'));
ENDSEC;
DATA;
#1 = APPLICATION_PROTOCOL_DEFINITION('international standard',
  'automotive_design',2000,#2);
#2 = APPLICATION_CONTEXT(
  'core data for automotive mechanical design processes');
#3 = SHAPE_DEFINITION_REPRESENTATION(#4,#10);
#4 = PRODUCT_DEFINITION_SHAPE('','',#5);
#5 = PRODUCT_DEFINITION('design','',#6,#9);
#6 = PRODUCT_DEFINITION_FORMATION('','',#7);
#7 = PRODUCT('Open CASCADE STEP translator 7.9 2',
  'Open CASCADE STEP translator 7.9 2','',(#8));
#8 = PRODUCT_CONTEXT('',#2,'mechanical');
#9 = PRODUCT_DEFINITION_CONTEXT('part definition',#2,'design');
#10 = ADVANCED_BREP_SHAPE_REPRESENTATION('',(#11,#15),#3459);
#11 = AXIS2_PLACEMENT_3D('',#12,#13,#14);
#12 = CARTESIAN_POINT('',(0.,0.,0.));
#13 = DIRECTION('',(0.,0.,1.));
#14 = DIRECTION('',(1.,0.,-0.));
#15 = MANIFOLD_SOLID_BREP('',#16);
#16 = CLOSED_SHELL('',(#17,#137,#619,#673,#723,#1100,#1127,#1154,#1181,
    #1208,#1235,#1453,#1480,#1529,#1737,#1928,#1977,#2004,#2170,#2220,
    #2270,#2297,#2324,#2351,#2378,#2405,#2432,#2459,#2819,#2868,#3141,
    #3168,#3195,#3202,#3229,#3236,#3263,#3290,#3317,#3344,#3371,#3398,
    #3405,#3432));
#17 = ADVANCED_FACE('',(#18),#32,.F.);
#18 = FACE_BOUND('',#19,.F.);
#19 = EDGE_LOOP('',(#20,#55,#83,#111));
#20 = ORIENTED_EDGE('',*,*,#21,.F.);
#21 = EDGE_CURVE('',#22,#24,#26,.T.);
#22 = VERTEX_POINT('',#23);
#23 = CARTESIAN_POINT('',(2.,86.,10.656854249492));
#24 = VERTEX_POINT('',#25);
#25 = CARTESIAN_POINT('',(52.,86.,10.656854249492));
#26 = SURFACE_CURVE('',#27,(#31,#43),.PCURVE_S1.);
#27 = LINE('',#28,#29);
#28 = CARTESIAN_POINT('',(0.,86.,10.656854249492));
#29 = VECTOR('',#30,1.);
#30 = DIRECTION('',(1.,0.,0.));
#31 = PCURVE('',#32,#37);
#32 = PLANE('',#33);
#33 = AXIS2_PLACEMENT_3D('',#34,#35,#36);
#34 = CARTESIAN_POINT('',(0.,86.,10.656854249492));
#35 = DIRECTION('',(0.,-1.,1.224646799147E-16));
#36 = DIRECTION('',(1.,0.,0.));
#37 = DEFINITIONAL_REPRESENTATION('',(#38),#42);
#38 = LINE('',#39,#40);
#39 = CARTESIAN_POINT('',(0.,0.));
#40 = VECTOR('',#41,1.);
#41 = DIRECTION('',(1.,0.));
#42 = ( GEOMETRIC_REPRESENTATION_CONTEXT(2) 
PARAMETRIC_REPRESENTATION_CONTEXT() REPRESENTATION_CONTEXT('2D SPACE',''
  ) );
#43 = PCURVE('',#44,#49);
#44 = PLANE('',#45);
#45 = AXIS2_PLACEMENT_3D('',#46,#47,#48);
#46 = CARTESIAN_POINT('',(27.,78.5,10.656854249492));
#47 = DIRECTION('',(0.,-1.224646799147E-16,-1.));
#48 = DIRECTION('',(1.,0.,0.));
#49 = DEFINITIONAL_REPRESENTATION('',(#50),#54);
#50 = LINE('',#51,#52);
#51 = CARTESIAN_POINT('',(-27.,-7.5));
#52 = VECTOR('',#53,1.);
#53 = DIRECTION('',(1.,0.));
#54 = ( GEOMETRIC_REPRESENTATION_CONTEXT(2) 
PARAMETRIC_REPRESENTATION_CONTEXT() REPRESENTATION_CONTEXT('2D SPACE',''
  ) );
#55 = ORIENTED_EDGE('',*,*,#56,.T.);
#56 = EDGE_CURVE('',#22,#57,#59,.T.);
#57 = VERTEX_POINT('',#58);
#58 = CARTESIAN_POINT('',(2.,86.,5.656854249492));
#59 = SURFACE_CURVE('',#60,(#64,#71),.PCURVE_S1.);
#60 = LINE('',#61,#62);
#61 = CARTESIAN_POINT('',(2.,86.,10.656854249492));
#62 = VECTOR('',#63,1.);
#63 = DIRECTION('',(0.,-1.224646799147E-16,-1.));
#64 = PCURVE('',#32,#65);
#65 = DEFINITIONAL_REPRESENTATION('',(#66),#70);
#66 = LINE('',#67,#68);
#67 = CARTESIAN_POINT('',(2.,0.));
#68 = VECTOR('',#69,1.);
#69 = DIRECTION('',(0.,-1.));
#70 = ( GEOMETRIC_REPRESENTATION_CONTEXT(2) 
PARAMETRIC_REPRESENTATION_CONTEXT() REPRESENTATION_CONTEXT('2D SPACE',''
  ) );
#71 = PCURVE('',#72,#77);
#72 = CYLINDRICAL_SURFACE('',#73,2.);
#73 = AXIS2_PLACEMENT_3D('',#74,#75,#76);
#74 = CARTESIAN_POINT('',(2.,84.,10.656854249492));
#75 = DIRECTION('',(0.,-1.224646799147E-16,-1.));
#76 = DIRECTION('',(0.,1.,-1.224646799147E-16));
#77 = DEFINITIONAL_REPRESENTATION('',(#78),#82);
#78 = LINE('',#79,#80);
#79 = CARTESIAN_POINT('',(-0.,0.));
#80 = VECTOR('',#81,1.);
#81 = DIRECTION('',(-0.,1.));
#82 = ( GEOMETRIC_REPRESENTATION_CONTEXT(2) 
PARAMETRIC_REPRESENTATION_CONTEXT() REPRESENTATION_CONTEXT('2D SPACE',''
  ) );
#83 = ORIENTED_EDGE('',*,*,#84,.T.);
#84 = EDGE_CURVE('',#57,#85,#87,.T.);
#85 = VERTEX_POINT('',#86);
#86 = CARTESIAN_POINT('',(52.,86.,5.656854249492));
#87 = SURFACE_CURVE('',#88,(#92,#99),.PCURVE_S1.);
#88 = LINE('',#89,#90);
#89 = CARTESIAN_POINT('',(0.,86.,5.656854249492));
#90 = VECTOR('',#91,1.);
#91 = DIRECTION('',(1.,0.,0.));
#92 = PCURVE('',#32,#93);
#93 = DEFINITIONAL_REPRESENTATION('',(#94),#98);
#94 = LINE('',#95,#96);
#95 = CARTESIAN_POINT('',(0.,-5.));
#96 = VECTOR('',#97,1.);
#97 = DIRECTION('',(1.,0.));
#98 = ( GEOMETRIC_REPRESENTATION_CONTEXT(2) 
PARAMETRIC_REPRESENTATION_CONTEXT() REPRESENTATION_CONTEXT('2D SPACE',''
  ) );
#99 = PCURVE('',#100,#105);
#100 = PLANE('',#101);
#101 = AXIS2_PLACEMENT_3D('',#102,#103,#104);
#102 = CARTESIAN_POINT('',(27.,78.5,5.656854249492));
#103 = DIRECTION('',(0.,-1.224646799147E-16,-1.));
#104 = DIRECTION('',(1.,0.,0.));
#105 = DEFINITIONAL_REPRESENTATION('',(#106),#110);
#106 = LINE('',#107,#108);
#107 = CARTESIAN_POINT('',(-27.,-7.5));
#108 = VECTOR('',#109,1.);
#109 = DIRECTION('',(1.,0.));
#110 = ( GEOMETRIC_REPRESENTATION_CONTEXT(2) 
PARAMETRIC_REPRESENTATION_CONTEXT() REPRESENTATION_CONTEXT('2D SPACE',''
  ) );
#111 = ORIENTED_EDGE('',*,*,#112,.F.);
#112 = EDGE_CURVE('',#24,#85,#113,.T.);
#113 = SURFACE_CURVE('',#114,(#118,#125),.PCURVE_S1.);
#114 = LINE('',#115,#116);
#115 = CARTESIAN_POINT('',(52.,86.,10.656854249492));
#116 = VECTOR('',#117,1.);
#117 = DIRECTION('',(0.,-1.224646799147E-16,-1.));
#118 = PCURVE('',#32,#119);
#119 = DEFINITIONAL_REPRESENTATION('',(#120),#124);
#120 = LINE('',#121,#122);
#121 = CARTESIAN_POINT('',(52.,0.));
#122 = VECTOR('',#123,1.);
#123 = DIRECTION('',(0.,-1.));
#124 = ( GEOMETRIC_REPRESENTATION_CONTEXT(2) 
PARAMETRIC_REPRESENTATION_CONTEXT() REPRESENTATION_CONTEXT('2D SPACE',''
  ) );
#125 = PCURVE('',#126,#131);
#126 = CYLINDRICAL_SURFACE('',#127,2.);
#127 = AXIS2_PLACEMENT_3D('',#128,#129,#130);
#128 = CARTESIAN_POINT('',(52.,84.,10.656854249492));
#129 = DIRECTION('',(0.,-1.224646799147E-16,-1.));
#130 = DIRECTION('',(0.,1.,-1.224646799147E-16));
#131 = DEFINITIONAL_REPRESENTATION('',(#132),#136);
#132 = LINE('',#133,#134);
#133 = CARTESIAN_POINT('',(0.,0.));
#134 = VECTOR('',#135,1.);
#135 = DIRECTION('',(0.,1.));
#136 = ( GEOMETRIC_REPRESENTATION_CONTEXT(2) 
PARAMETRIC_REPRESENTATION_CONTEXT() REPRESENTATION_CONTEXT('2D SPACE',''
  ) );
#137 = ADVANCED_FACE('',(#138,#557,#588),#44,.F.);
#138 = FACE_BOUND('',#139,.F.);
#139 = EDGE_LOOP('',(#140,#168,#169,#193,#221,#250,#278,#306,#334,#362,
    #390,#418,#446,#474,#502,#531));
#140 = ORIENTED_EDGE('',*,*,#141,.F.);
#141 = EDGE_CURVE('',#22,#142,#144,.T.);
#142 = VERTEX_POINT('',#143);
#143 = CARTESIAN_POINT('',(0.,84.,10.656854249492));
#144 = SURFACE_CURVE('',#145,(#150,#161),.PCURVE_S1.);
#145 = CIRCLE('',#146,2.);
#146 = AXIS2_PLACEMENT_3D('',#147,#148,#149);
#147 = CARTESIAN_POINT('',(2.,84.,10.656854249492));
#148 = DIRECTION('',(0.,1.224646799147E-16,1.));
#149 = DIRECTION('',(0.,1.,-1.224646799147E-16));
#150 = PCURVE('',#44,#151);
#151 = DEFINITIONAL_REPRESENTATION('',(#152),#160);
#152 = ( BOUNDED_CURVE() B_SPLINE_CURVE(2,(#153,#154,#155,#156,#157,#158
,#159),.UNSPECIFIED.,.T.,.F.) B_SPLINE_CURVE_WITH_KNOTS((1,2,2,2,2,1),(
    -2.094395102393,0.,2.094395102393,4.188790204786,6.28318530718,
8.377580409573),.UNSPECIFIED.) CURVE() GEOMETRIC_REPRESENTATION_ITEM() 
RATIONAL_B_SPLINE_CURVE((1.,0.5,1.,0.5,1.,0.5,1.)) REPRESENTATION_ITEM(
  '') );
#153 = CARTESIAN_POINT('',(-25.,-7.5));
#154 = CARTESIAN_POINT('',(-28.46410161513,-7.5));
#155 = CARTESIAN_POINT('',(-26.73205080756,-4.5));
#156 = CARTESIAN_POINT('',(-25.,-1.5));
#157 = CARTESIAN_POINT('',(-23.26794919243,-4.5));
#158 = CARTESIAN_POINT('',(-21.53589838486,-7.5));
#159 = CARTESIAN_POINT('',(-25.,-7.5));
#160 = ( GEOMETRIC_REPRESENTATION_CONTEXT(2) 
PARAMETRIC_REPRESENTATION_CONTEXT() REPRESENTATION_CONTEXT('2D SPACE',''
  ) );
#161 = PCURVE('',#72,#162);
#162 = DEFINITIONAL_REPRESENTATION('',(#163),#167);
#163 = LINE('',#164,#165);
#164 = CARTESIAN_POINT('',(-0.,0.));
#165 = VECTOR('',#166,1.);
#166 = DIRECTION('',(-1.,0.));
#167 = ( GEOMETRIC_REPRESENTATION_CONTEXT(2) 
PARAMETRIC_REPRESENTATION_CONTEXT() REPRESENTATION_CONTEXT('2D SPACE',''
  ) );
#168 = ORIENTED_EDGE('',*,*,#21,.T.);
#169 = ORIENTED_EDGE('',*,*,#170,.T.);
#170 = EDGE_CURVE('',#24,#171,#173,.T.);
#171 = VERTEX_POINT('',#172);
#172 = CARTESIAN_POINT('',(54.,84.,10.656854249492));
#173 = SURFACE_CURVE('',#174,(#179,#186),.PCURVE_S1.);
#174 = CIRCLE('',#175,2.);
#175 = AXIS2_PLACEMENT_3D('',#176,#177,#178);
#176 = CARTESIAN_POINT('',(52.,84.,10.656854249492));
#177 = DIRECTION('',(0.,-1.224646799147E-16,-1.));
#178 = DIRECTION('',(0.,1.,-1.224646799147E-16));
#179 = PCURVE('',#44,#180);
#180 = DEFINITIONAL_REPRESENTATION('',(#181),#185);
#181 = CIRCLE('',#182,2.);
#182 = AXIS2_PLACEMENT_2D('',#183,#184);
#183 = CARTESIAN_POINT('',(25.,-5.5));
#184 = DIRECTION('',(0.,-1.));
#185 = ( GEOMETRIC_REPRESENTATION_CONTEXT(2) 
PARAMETRIC_REPRESENTATION_CONTEXT() REPRESENTATION_CONTEXT('2D SPACE',''
  ) );
#186 = PCURVE('',#126,#187);
#187 = DEFINITIONAL_REPRESENTATION('',(#188),#192);
#188 = LINE('',#189,#190);
#189 = CARTESIAN_POINT('',(0.,0.));
#190 = VECTOR('',#191,1.);
#191 = DIRECTION('',(1.,0.));
#192 = ( GEOMETRIC_REPRESENTATION_CONTEXT(2) 
PARAMETRIC_REPRESENTATION_CONTEXT() REPRESENTATION_CONTEXT('2D SPACE',''
  ) );
#193 = ORIENTED_EDGE('',*,*,#194,.T.);
#194 = EDGE_CURVE('',#171,#195,#197,.T.);
#195 = VERTEX_POINT('',#196);
#196 = CARTESIAN_POINT('',(54.,73.,10.656854249492));
#197 = SURFACE_CURVE('',#198,(#202,#209),.PCURVE_S1.);
#198 = LINE('',#199,#200);
#199 = CARTESIAN_POINT('',(54.,86.,10.656854249492));
#200 = VECTOR('',#201,1.);
#201 = DIRECTION('',(0.,-1.,1.224646799147E-16));
#202 = PCURVE('',#44,#203);
#203 = DEFINITIONAL_REPRESENTATION('',(#204),#208);
#204 = LINE('',#205,#206);
#205 = CARTESIAN_POINT('',(27.,-7.5));
#206 = VECTOR('',#207,1.);
#207 = DIRECTION('',(0.,1.));
#208 = ( GEOMETRIC_REPRESENTATION_CONTEXT(2) 
PARAMETRIC_REPRESENTATION_CONTEXT() REPRESENTATION_CONTEXT('2D SPACE',''
  ) );
#209 = PCURVE('',#210,#215);
#210 = PLANE('',#211);
#211 = AXIS2_PLACEMENT_3D('',#212,#213,#214);
#212 = CARTESIAN_POINT('',(54.,86.,10.656854249492));
#213 = DIRECTION('',(-1.,-0.,0.));
#214 = DIRECTION('',(0.,-1.,1.224646799147E-16));
#215 = DEFINITIONAL_REPRESENTATION('',(#216),#220);
#216 = LINE('',#217,#218);
#217 = CARTESIAN_POINT('',(0.,0.));
#218 = VECTOR('',#219,1.);
#219 = DIRECTION('',(1.,0.));
#220 = ( GEOMETRIC_REPRESENTATION_CONTEXT(2) 
PARAMETRIC_REPRESENTATION_CONTEXT() REPRESENTATION_CONTEXT('2D SPACE',''
  ) );
#221 = ORIENTED_EDGE('',*,*,#222,.T.);
#222 = EDGE_CURVE('',#195,#223,#225,.T.);
#223 = VERTEX_POINT('',#224);
#224 = CARTESIAN_POINT('',(52.,71.,10.656854249492));
#225 = SURFACE_CURVE('',#226,(#231,#238),.PCURVE_S1.);
#226 = CIRCLE('',#227,2.);
#227 = AXIS2_PLACEMENT_3D('',#228,#229,#230);
#228 = CARTESIAN_POINT('',(52.,73.,10.656854249492));
#229 = DIRECTION('',(0.,-1.224646799147E-16,-1.));
#230 = DIRECTION('',(0.,1.,-1.224646799147E-16));
#231 = PCURVE('',#44,#232);
#232 = DEFINITIONAL_REPRESENTATION('',(#233),#237);
#233 = CIRCLE('',#234,2.);
#234 = AXIS2_PLACEMENT_2D('',#235,#236);
#235 = CARTESIAN_POINT('',(25.,5.5));
#236 = DIRECTION('',(0.,-1.));
#237 = ( GEOMETRIC_REPRESENTATION_CONTEXT(2) 
PARAMETRIC_REPRESENTATION_CONTEXT() REPRESENTATION_CONTEXT('2D SPACE',''
  ) );
#238 = PCURVE('',#239,#244);
#239 = CYLINDRICAL_SURFACE('',#240,2.);
#240 = AXIS2_PLACEMENT_3D('',#241,#242,#243);
#241 = CARTESIAN_POINT('',(52.,73.,10.656854249492));
#242 = DIRECTION('',(0.,-1.224646799147E-16,-1.));
#243 = DIRECTION('',(1.,0.,0.));
#244 = DEFINITIONAL_REPRESENTATION('',(#245),#249);
#245 = LINE('',#246,#247);
#246 = CARTESIAN_POINT('',(-1.570796326795,0.));
#247 = VECTOR('',#248,1.);
#248 = DIRECTION('',(1.,0.));
#249 = ( GEOMETRIC_REPRESENTATION_CONTEXT(2) 
PARAMETRIC_REPRESENTATION_CONTEXT() REPRESENTATION_CONTEXT('2D SPACE',''
  ) );
#250 = ORIENTED_EDGE('',*,*,#251,.T.);
#251 = EDGE_CURVE('',#223,#252,#254,.T.);
#252 = VERTEX_POINT('',#253);
#253 = CARTESIAN_POINT('',(45.5,71.,10.656854249492));
#254 = SURFACE_CURVE('',#255,(#259,#266),.PCURVE_S1.);
#255 = LINE('',#256,#257);
#256 = CARTESIAN_POINT('',(54.,71.,10.656854249492));
#257 = VECTOR('',#258,1.);
#258 = DIRECTION('',(-1.,-0.,0.));
#259 = PCURVE('',#44,#260);
#260 = DEFINITIONAL_REPRESENTATION('',(#261),#265);
#261 = LINE('',#262,#263);
#262 = CARTESIAN_POINT('',(27.,7.5));
#263 = VECTOR('',#264,1.);
#264 = DIRECTION('',(-1.,0.));
#265 = ( GEOMETRIC_REPRESENTATION_CONTEXT(2) 
PARAMETRIC_REPRESENTATION_CONTEXT() REPRESENTATION_CONTEXT('2D SPACE',''
  ) );
#266 = PCURVE('',#267,#272);
#267 = PLANE('',#268);
#268 = AXIS2_PLACEMENT_3D('',#269,#270,#271);
#269 = CARTESIAN_POINT('',(54.,71.,10.656854249492));
#270 = DIRECTION('',(0.,1.,-1.224646799147E-16));
#271 = DIRECTION('',(-1.,-0.,0.));
#272 = DEFINITIONAL_REPRESENTATION('',(#273),#277);
#273 = LINE('',#274,#275);
#274 = CARTESIAN_POINT('',(0.,0.));
#275 = VECTOR('',#276,1.);
#276 = DIRECTION('',(1.,0.));
#277 = ( GEOMETRIC_REPRESENTATION_CONTEXT(2) 
PARAMETRIC_REPRESENTATION_CONTEXT() REPRESENTATION_CONTEXT('2D SPACE',''
  ) );
#278 = ORIENTED_EDGE('',*,*,#279,.T.);
#279 = EDGE_CURVE('',#252,#280,#282,.T.);
#280 = VERTEX_POINT('',#281);
#281 = CARTESIAN_POINT('',(45.5,76.,10.656854249492));
#282 = SURFACE_CURVE('',#283,(#287,#294),.PCURVE_S1.);
#283 = LINE('',#284,#285);
#284 = CARTESIAN_POINT('',(45.5,56.580325701976,10.656854249492));
#285 = VECTOR('',#286,1.);
#286 = DIRECTION('',(0.,1.,-1.224646799147E-16));
#287 = PCURVE('',#44,#288);
#288 = DEFINITIONAL_REPRESENTATION('',(#289),#293);
#289 = LINE('',#290,#291);
#290 = CARTESIAN_POINT('',(18.5,21.919674298024));
#291 = VECTOR('',#292,1.);
#292 = DIRECTION('',(0.,-1.));
#293 = ( GEOMETRIC_REPRESENTATION_CONTEXT(2) 
PARAMETRIC_REPRESENTATION_CONTEXT() REPRESENTATION_CONTEXT('2D SPACE',''
  ) );
#294 = PCURVE('',#295,#300);
#295 = PLANE('',#296);
#296 = AXIS2_PLACEMENT_3D('',#297,#298,#299);
#297 = CARTESIAN_POINT('',(45.5,34.660651403951,16.319249902267));
#298 = DIRECTION('',(-1.,0.,0.));
#299 = DIRECTION('',(0.,1.224646799147E-16,1.));
#300 = DEFINITIONAL_REPRESENTATION('',(#301),#305);
#301 = LINE('',#302,#303);
#302 = CARTESIAN_POINT('',(-5.662395652775,21.919674298024));
#303 = VECTOR('',#304,1.);
#304 = DIRECTION('',(0.,1.));
#305 = ( GEOMETRIC_REPRESENTATION_CONTEXT(2) 
PARAMETRIC_REPRESENTATION_CONTEXT() REPRESENTATION_CONTEXT('2D SPACE',''
  ) );
#306 = ORIENTED_EDGE('',*,*,#307,.F.);
#307 = EDGE_CURVE('',#308,#280,#310,.T.);
#308 = VERTEX_POINT('',#309);
#309 = CARTESIAN_POINT('',(41.5,76.,10.656854249492));
#310 = SURFACE_CURVE('',#311,(#315,#322),.PCURVE_S1.);
#311 = LINE('',#312,#313);
#312 = CARTESIAN_POINT('',(41.5,76.,10.656854249492));
#313 = VECTOR('',#314,1.);
#314 = DIRECTION('',(1.,0.,0.));
#315 = PCURVE('',#44,#316);
#316 = DEFINITIONAL_REPRESENTATION('',(#317),#321);
#317 = LINE('',#318,#319);
#318 = CARTESIAN_POINT('',(14.5,2.5));
#319 = VECTOR('',#320,1.);
#320 = DIRECTION('',(1.,0.));
#321 = ( GEOMETRIC_REPRESENTATION_CONTEXT(2) 
PARAMETRIC_REPRESENTATION_CONTEXT() REPRESENTATION_CONTEXT('2D SPACE',''
  ) );
#322 = PCURVE('',#323,#328);
#323 = PLANE('',#324);
#324 = AXIS2_PLACEMENT_3D('',#325,#326,#327);
#325 = CARTESIAN_POINT('',(41.5,45.,30.656854249492));
#326 = DIRECTION('',(0.,0.542126869822,0.840296648224));
#327 = DIRECTION('',(0.,0.840296648224,-0.542126869822));
#328 = DEFINITIONAL_REPRESENTATION('',(#329),#333);
#329 = LINE('',#330,#331);
#330 = CARTESIAN_POINT('',(36.891733491393,0.));
#331 = VECTOR('',#332,1.);
#332 = DIRECTION('',(0.,-1.));
#333 = ( GEOMETRIC_REPRESENTATION_CONTEXT(2) 
PARAMETRIC_REPRESENTATION_CONTEXT() REPRESENTATION_CONTEXT('2D SPACE',''
  ) );
#334 = ORIENTED_EDGE('',*,*,#335,.F.);
#335 = EDGE_CURVE('',#336,#308,#338,.T.);
#336 = VERTEX_POINT('',#337);
#337 = CARTESIAN_POINT('',(41.5,71.,10.656854249492));
#338 = SURFACE_CURVE('',#339,(#343,#350),.PCURVE_S1.);
#339 = LINE('',#340,#341);
#340 = CARTESIAN_POINT('',(41.5,56.580325701976,10.656854249492));
#341 = VECTOR('',#342,1.);
#342 = DIRECTION('',(0.,1.,-1.224646799147E-16));
#343 = PCURVE('',#44,#344);
#344 = DEFINITIONAL_REPRESENTATION('',(#345),#349);
#345 = LINE('',#346,#347);
#346 = CARTESIAN_POINT('',(14.5,21.919674298024));
#347 = VECTOR('',#348,1.);
#348 = DIRECTION('',(0.,-1.));
#349 = ( GEOMETRIC_REPRESENTATION_CONTEXT(2) 
PARAMETRIC_REPRESENTATION_CONTEXT() REPRESENTATION_CONTEXT('2D SPACE',''
  ) );
#350 = PCURVE('',#351,#356);
#351 = PLANE('',#352);
#352 = AXIS2_PLACEMENT_3D('',#353,#354,#355);
#353 = CARTESIAN_POINT('',(41.5,34.660651403951,16.319249902267));
#354 = DIRECTION('',(-1.,0.,0.));
#355 = DIRECTION('',(0.,1.224646799147E-16,1.));
#356 = DEFINITIONAL_REPRESENTATION('',(#357),#361);
#357 = LINE('',#358,#359);
#358 = CARTESIAN_POINT('',(-5.662395652775,21.919674298024));
#359 = VECTOR('',#360,1.);
#360 = DIRECTION('',(0.,1.));
#361 = ( GEOMETRIC_REPRESENTATION_CONTEXT(2) 
PARAMETRIC_REPRESENTATION_CONTEXT() REPRESENTATION_CONTEXT('2D SPACE',''
  ) );
#362 = ORIENTED_EDGE('',*,*,#363,.T.);
#363 = EDGE_CURVE('',#336,#364,#366,.T.);
#364 = VERTEX_POINT('',#365);
#365 = CARTESIAN_POINT('',(12.5,71.,10.656854249492));
#366 = SURFACE_CURVE('',#367,(#371,#378),.PCURVE_S1.);
#367 = LINE('',#368,#369);
#368 = CARTESIAN_POINT('',(54.,71.,10.656854249492));
#369 = VECTOR('',#370,1.);
#370 = DIRECTION('',(-1.,-0.,0.));
#371 = PCURVE('',#44,#372);
#372 = DEFINITIONAL_REPRESENTATION('',(#373),#377);
#373 = LINE('',#374,#375);
#374 = CARTESIAN_POINT('',(27.,7.5));
#375 = VECTOR('',#376,1.);
#376 = DIRECTION('',(-1.,0.));
#377 = ( GEOMETRIC_REPRESENTATION_CONTEXT(2) 
PARAMETRIC_REPRESENTATION_CONTEXT() REPRESENTATION_CONTEXT('2D SPACE',''
  ) );
#378 = PCURVE('',#379,#384);
#379 = PLANE('',#380);
#380 = AXIS2_PLACEMENT_3D('',#381,#382,#383);
#381 = CARTESIAN_POINT('',(54.,71.,10.656854249492));
#382 = DIRECTION('',(0.,1.,-1.224646799147E-16));
#383 = DIRECTION('',(-1.,-0.,0.));
#384 = DEFINITIONAL_REPRESENTATION('',(#385),#389);
#385 = LINE('',#386,#387);
#386 = CARTESIAN_POINT('',(0.,0.));
#387 = VECTOR('',#388,1.);
#388 = DIRECTION('',(1.,0.));
#389 = ( GEOMETRIC_REPRESENTATION_CONTEXT(2) 
PARAMETRIC_REPRESENTATION_CONTEXT() REPRESENTATION_CONTEXT('2D SPACE',''
  ) );
#390 = ORIENTED_EDGE('',*,*,#391,.T.);
#391 = EDGE_CURVE('',#364,#392,#394,.T.);
#392 = VERTEX_POINT('',#393);
#393 = CARTESIAN_POINT('',(12.5,76.,10.656854249492));
#394 = SURFACE_CURVE('',#395,(#399,#406),.PCURVE_S1.);
#395 = LINE('',#396,#397);
#396 = CARTESIAN_POINT('',(12.5,56.580325701976,10.656854249492));
#397 = VECTOR('',#398,1.);
#398 = DIRECTION('',(0.,1.,-1.224646799147E-16));
#399 = PCURVE('',#44,#400);
#400 = DEFINITIONAL_REPRESENTATION('',(#401),#405);
#401 = LINE('',#402,#403);
#402 = CARTESIAN_POINT('',(-14.5,21.919674298024));
#403 = VECTOR('',#404,1.);
#404 = DIRECTION('',(0.,-1.));
#405 = ( GEOMETRIC_REPRESENTATION_CONTEXT(2) 
PARAMETRIC_REPRESENTATION_CONTEXT() REPRESENTATION_CONTEXT('2D SPACE',''
  ) );
#406 = PCURVE('',#407,#412);
#407 = PLANE('',#408);
#408 = AXIS2_PLACEMENT_3D('',#409,#410,#411);
#409 = CARTESIAN_POINT('',(12.5,34.660651403951,16.319249902267));
#410 = DIRECTION('',(-1.,0.,0.));
#411 = DIRECTION('',(0.,1.224646799147E-16,1.));
#412 = DEFINITIONAL_REPRESENTATION('',(#413),#417);
#413 = LINE('',#414,#415);
#414 = CARTESIAN_POINT('',(-5.662395652775,21.919674298024));
#415 = VECTOR('',#416,1.);
#416 = DIRECTION('',(0.,1.));
#417 = ( GEOMETRIC_REPRESENTATION_CONTEXT(2) 
PARAMETRIC_REPRESENTATION_CONTEXT() REPRESENTATION_CONTEXT('2D SPACE',''
  ) );
#418 = ORIENTED_EDGE('',*,*,#419,.F.);
#419 = EDGE_CURVE('',#420,#392,#422,.T.);
#420 = VERTEX_POINT('',#421);
#421 = CARTESIAN_POINT('',(8.5,76.,10.656854249492));
#422 = SURFACE_CURVE('',#423,(#427,#434),.PCURVE_S1.);
#423 = LINE('',#424,#425);
#424 = CARTESIAN_POINT('',(8.5,76.,10.656854249492));
#425 = VECTOR('',#426,1.);
#426 = DIRECTION('',(1.,0.,0.));
#427 = PCURVE('',#44,#428);
#428 = DEFINITIONAL_REPRESENTATION('',(#429),#433);
#429 = LINE('',#430,#431);
#430 = CARTESIAN_POINT('',(-18.5,2.5));
#431 = VECTOR('',#432,1.);
#432 = DIRECTION('',(1.,0.));
#433 = ( GEOMETRIC_REPRESENTATION_CONTEXT(2) 
PARAMETRIC_REPRESENTATION_CONTEXT() REPRESENTATION_CONTEXT('2D SPACE',''
  ) );
#434 = PCURVE('',#435,#440);
#435 = PLANE('',#436);
#436 = AXIS2_PLACEMENT_3D('',#437,#438,#439);
#437 = CARTESIAN_POINT('',(8.5,45.,30.656854249492));
#438 = DIRECTION('',(0.,0.542126869822,0.840296648224));
#439 = DIRECTION('',(0.,0.840296648224,-0.542126869822));
#440 = DEFINITIONAL_REPRESENTATION('',(#441),#445);
#441 = LINE('',#442,#443);
#442 = CARTESIAN_POINT('',(36.891733491393,0.));
#443 = VECTOR('',#444,1.);
#444 = DIRECTION('',(0.,-1.));
#445 = ( GEOMETRIC_REPRESENTATION_CONTEXT(2) 
PARAMETRIC_REPRESENTATION_CONTEXT() REPRESENTATION_CONTEXT('2D SPACE',''
  ) );
#446 = ORIENTED_EDGE('',*,*,#447,.F.);
#447 = EDGE_CURVE('',#448,#420,#450,.T.);
#448 = VERTEX_POINT('',#449);
#449 = CARTESIAN_POINT('',(8.5,71.,10.656854249492));
#450 = SURFACE_CURVE('',#451,(#455,#462),.PCURVE_S1.);
#451 = LINE('',#452,#453);
#452 = CARTESIAN_POINT('',(8.5,56.580325701976,10.656854249492));
#453 = VECTOR('',#454,1.);
#454 = DIRECTION('',(0.,1.,-1.224646799147E-16));
#455 = PCURVE('',#44,#456);
#456 = DEFINITIONAL_REPRESENTATION('',(#457),#461);
#457 = LINE('',#458,#459);
#458 = CARTESIAN_POINT('',(-18.5,21.919674298024));
#459 = VECTOR('',#460,1.);
#460 = DIRECTION('',(0.,-1.));
#461 = ( GEOMETRIC_REPRESENTATION_CONTEXT(2) 
PARAMETRIC_REPRESENTATION_CONTEXT() REPRESENTATION_CONTEXT('2D SPACE',''
  ) );
#462 = PCURVE('',#463,#468);
#463 = PLANE('',#464);
#464 = AXIS2_PLACEMENT_3D('',#465,#466,#467);
#465 = CARTESIAN_POINT('',(8.5,34.660651403951,16.319249902267));
#466 = DIRECTION('',(-1.,0.,0.));
#467 = DIRECTION('',(0.,1.224646799147E-16,1.));
#468 = DEFINITIONAL_REPRESENTATION('',(#469),#473);
#469 = LINE('',#470,#471);
#470 = CARTESIAN_POINT('',(-5.662395652775,21.919674298024));
#471 = VECTOR('',#472,1.);
#472 = DIRECTION('',(0.,1.));
#473 = ( GEOMETRIC_REPRESENTATION_CONTEXT(2) 
PARAMETRIC_REPRESENTATION_CONTEXT() REPRESENTATION_CONTEXT('2D SPACE',''
  ) );
#474 = ORIENTED_EDGE('',*,*,#475,.T.);
#475 = EDGE_CURVE('',#448,#476,#478,.T.);
#476 = VERTEX_POINT('',#477);
#477 = CARTESIAN_POINT('',(2.,71.,10.656854249492));
#478 = SURFACE_CURVE('',#479,(#483,#490),.PCURVE_S1.);
#479 = LINE('',#480,#481);
#480 = CARTESIAN_POINT('',(54.,71.,10.656854249492));
#481 = VECTOR('',#482,1.);
#482 = DIRECTION('',(-1.,-0.,0.));
#483 = PCURVE('',#44,#484);
#484 = DEFINITIONAL_REPRESENTATION('',(#485),#489);
#485 = LINE('',#486,#487);
#486 = CARTESIAN_POINT('',(27.,7.5));
#487 = VECTOR('',#488,1.);
#488 = DIRECTION('',(-1.,0.));
#489 = ( GEOMETRIC_REPRESENTATION_CONTEXT(2) 
PARAMETRIC_REPRESENTATION_CONTEXT() REPRESENTATION_CONTEXT('2D SPACE',''
  ) );
#490 = PCURVE('',#491,#496);
#491 = PLANE('',#492);
#492 = AXIS2_PLACEMENT_3D('',#493,#494,#495);
#493 = CARTESIAN_POINT('',(54.,71.,10.656854249492));
#494 = DIRECTION('',(0.,1.,-1.224646799147E-16));
#495 = DIRECTION('',(-1.,-0.,0.));
#496 = DEFINITIONAL_REPRESENTATION('',(#497),#501);
#497 = LINE('',#498,#499);
#498 = CARTESIAN_POINT('',(0.,0.));
#499 = VECTOR('',#500,1.);
#500 = DIRECTION('',(1.,0.));
#501 = ( GEOMETRIC_REPRESENTATION_CONTEXT(2) 
PARAMETRIC_REPRESENTATION_CONTEXT() REPRESENTATION_CONTEXT('2D SPACE',''
  ) );
#502 = ORIENTED_EDGE('',*,*,#503,.T.);
#503 = EDGE_CURVE('',#476,#504,#506,.T.);
#504 = VERTEX_POINT('',#505);
#505 = CARTESIAN_POINT('',(0.,73.,10.656854249492));
#506 = SURFACE_CURVE('',#507,(#512,#519),.PCURVE_S1.);
#507 = CIRCLE('',#508,2.);
#508 = AXIS2_PLACEMENT_3D('',#509,#510,#511);
#509 = CARTESIAN_POINT('',(2.,73.,10.656854249492));
#510 = DIRECTION('',(0.,-1.224646799147E-16,-1.));
#511 = DIRECTION('',(0.,1.,-1.224646799147E-16));
#512 = PCURVE('',#44,#513);
#513 = DEFINITIONAL_REPRESENTATION('',(#514),#518);
#514 = CIRCLE('',#515,2.);
#515 = AXIS2_PLACEMENT_2D('',#516,#517);
#516 = CARTESIAN_POINT('',(-25.,5.5));
#517 = DIRECTION('',(0.,-1.));
#518 = ( GEOMETRIC_REPRESENTATION_CONTEXT(2) 
PARAMETRIC_REPRESENTATION_CONTEXT() REPRESENTATION_CONTEXT('2D SPACE',''
  ) );
#519 = PCURVE('',#520,#525);
#520 = CYLINDRICAL_SURFACE('',#521,2.);
#521 = AXIS2_PLACEMENT_3D('',#522,#523,#524);
#522 = CARTESIAN_POINT('',(2.,73.,10.656854249492));
#523 = DIRECTION('',(0.,-1.224646799147E-16,-1.));
#524 = DIRECTION('',(0.,-1.,1.224646799147E-16));
#525 = DEFINITIONAL_REPRESENTATION('',(#526),#530);
#526 = LINE('',#527,#528);
#527 = CARTESIAN_POINT('',(-3.14159265359,0.));
#528 = VECTOR('',#529,1.);
#529 = DIRECTION('',(1.,0.));
#530 = ( GEOMETRIC_REPRESENTATION_CONTEXT(2) 
PARAMETRIC_REPRESENTATION_CONTEXT() REPRESENTATION_CONTEXT('2D SPACE',''
  ) );
#531 = ORIENTED_EDGE('',*,*,#532,.T.);
#532 = EDGE_CURVE('',#504,#142,#533,.T.);
#533 = SURFACE_CURVE('',#534,(#538,#545),.PCURVE_S1.);
#534 = LINE('',#535,#536);
#535 = CARTESIAN_POINT('',(0.,71.,10.656854249492));
#536 = VECTOR('',#537,1.);
#537 = DIRECTION('',(0.,1.,-1.224646799147E-16));
#538 = PCURVE('',#44,#539);
#539 = DEFINITIONAL_REPRESENTATION('',(#540),#544);
#540 = LINE('',#541,#542);
#541 = CARTESIAN_POINT('',(-27.,7.5));
#542 = VECTOR('',#543,1.);
#543 = DIRECTION('',(0.,-1.));
#544 = ( GEOMETRIC_REPRESENTATION_CONTEXT(2) 
PARAMETRIC_REPRESENTATION_CONTEXT() REPRESENTATION_CONTEXT('2D SPACE',''
  ) );
#545 = PCURVE('',#546,#551);
#546 = PLANE('',#547);
#547 = AXIS2_PLACEMENT_3D('',#548,#549,#550);
#548 = CARTESIAN_POINT('',(0.,71.,10.656854249492));
#549 = DIRECTION('',(1.,0.,0.));
#550 = DIRECTION('',(0.,1.,-1.224646799147E-16));
#551 = DEFINITIONAL_REPRESENTATION('',(#552),#556);
#552 = LINE('',#553,#554);
#553 = CARTESIAN_POINT('',(0.,0.));
#554 = VECTOR('',#555,1.);
#555 = DIRECTION('',(1.,0.));
#556 = ( GEOMETRIC_REPRESENTATION_CONTEXT(2) 
PARAMETRIC_REPRESENTATION_CONTEXT() REPRESENTATION_CONTEXT('2D SPACE',''
  ) );
#557 = FACE_BOUND('',#558,.F.);
#558 = EDGE_LOOP('',(#559));
#559 = ORIENTED_EDGE('',*,*,#560,.F.);
#560 = EDGE_CURVE('',#561,#561,#563,.T.);
#561 = VERTEX_POINT('',#562);
#562 = CARTESIAN_POINT('',(9.914601516724,81.,10.656854249492));
#563 = SURFACE_CURVE('',#564,(#569,#576),.PCURVE_S1.);
#564 = CIRCLE('',#565,3.2);
#565 = AXIS2_PLACEMENT_3D('',#566,#567,#568);
#566 = CARTESIAN_POINT('',(6.714601516724,81.,10.656854249492));
#567 = DIRECTION('',(0.,-1.224646799147E-16,-1.));
#568 = DIRECTION('',(1.,0.,0.));
#569 = PCURVE('',#44,#570);
#570 = DEFINITIONAL_REPRESENTATION('',(#571),#575);
#571 = CIRCLE('',#572,3.2);
#572 = AXIS2_PLACEMENT_2D('',#573,#574);
#573 = CARTESIAN_POINT('',(-20.28539848327,-2.5));
#574 = DIRECTION('',(1.,0.));
#575 = ( GEOMETRIC_REPRESENTATION_CONTEXT(2) 
PARAMETRIC_REPRESENTATION_CONTEXT() REPRESENTATION_CONTEXT('2D SPACE',''
  ) );
#576 = PCURVE('',#577,#582);
#577 = CONICAL_SURFACE('',#578,3.2,0.785398163397);
#578 = AXIS2_PLACEMENT_3D('',#579,#580,#581);
#579 = CARTESIAN_POINT('',(6.714601516724,81.,10.656854249492));
#580 = DIRECTION('',(-0.,1.224646799147E-16,1.));
#581 = DIRECTION('',(1.,0.,0.));
#582 = DEFINITIONAL_REPRESENTATION('',(#583),#587);
#583 = LINE('',#584,#585);
#584 = CARTESIAN_POINT('',(-0.,-0.));
#585 = VECTOR('',#586,1.);
#586 = DIRECTION('',(-1.,-0.));
#587 = ( GEOMETRIC_REPRESENTATION_CONTEXT(2) 
PARAMETRIC_REPRESENTATION_CONTEXT() REPRESENTATION_CONTEXT('2D SPACE',''
  ) );
#588 = FACE_BOUND('',#589,.F.);
#589 = EDGE_LOOP('',(#590));
#590 = ORIENTED_EDGE('',*,*,#591,.F.);
#591 = EDGE_CURVE('',#592,#592,#594,.T.);
#592 = VERTEX_POINT('',#593);
#593 = CARTESIAN_POINT('',(50.485398483276,81.,10.656854249492));
#594 = SURFACE_CURVE('',#595,(#600,#607),.PCURVE_S1.);
#595 = CIRCLE('',#596,3.2);
#596 = AXIS2_PLACEMENT_3D('',#597,#598,#599);
#597 = CARTESIAN_POINT('',(47.285398483276,81.,10.656854249492));
#598 = DIRECTION('',(0.,-1.224646799147E-16,-1.));
#599 = DIRECTION('',(1.,0.,0.));
#600 = PCURVE('',#44,#601);
#601 = DEFINITIONAL_REPRESENTATION('',(#602),#606);
#602 = CIRCLE('',#603,3.2);
#603 = AXIS2_PLACEMENT_2D('',#604,#605);
#604 = CARTESIAN_POINT('',(20.285398483276,-2.5));
#605 = DIRECTION('',(1.,0.));
#606 = ( GEOMETRIC_REPRESENTATION_CONTEXT(2) 
PARAMETRIC_REPRESENTATION_CONTEXT() REPRESENTATION_CONTEXT('2D SPACE',''
  ) );
#607 = PCURVE('',#608,#613);
#608 = CONICAL_SURFACE('',#609,3.2,0.785398163397);
#609 = AXIS2_PLACEMENT_3D('',#610,#611,#612);
#610 = CARTESIAN_POINT('',(47.285398483276,81.,10.656854249492));
#611 = DIRECTION('',(-0.,1.224646799147E-16,1.));
#612 = DIRECTION('',(1.,0.,0.));
#613 = DEFINITIONAL_REPRESENTATION('',(#614),#618);
#614 = LINE('',#615,#616);
#615 = CARTESIAN_POINT('',(-0.,-0.));
#616 = VECTOR('',#617,1.);
#617 = DIRECTION('',(-1.,-0.));
#618 = ( GEOMETRIC_REPRESENTATION_CONTEXT(2) 
PARAMETRIC_REPRESENTATION_CONTEXT() REPRESENTATION_CONTEXT('2D SPACE',''
  ) );
#619 = ADVANCED_FACE('',(#620),#72,.T.);
#620 = FACE_BOUND('',#621,.F.);
#621 = EDGE_LOOP('',(#622,#623,#646,#672));
#622 = ORIENTED_EDGE('',*,*,#141,.T.);
#623 = ORIENTED_EDGE('',*,*,#624,.T.);
#624 = EDGE_CURVE('',#142,#625,#627,.T.);
#625 = VERTEX_POINT('',#626);
#626 = CARTESIAN_POINT('',(0.,84.,5.656854249492));
#627 = SURFACE_CURVE('',#628,(#632,#639),.PCURVE_S1.);
#628 = LINE('',#629,#630);
#629 = CARTESIAN_POINT('',(0.,84.,10.656854249492));
#630 = VECTOR('',#631,1.);
#631 = DIRECTION('',(0.,-1.224646799147E-16,-1.));
#632 = PCURVE('',#72,#633);
#633 = DEFINITIONAL_REPRESENTATION('',(#634),#638);
#634 = LINE('',#635,#636);
#635 = CARTESIAN_POINT('',(-1.570796326795,0.));
#636 = VECTOR('',#637,1.);
#637 = DIRECTION('',(-0.,1.));
#638 = ( GEOMETRIC_REPRESENTATION_CONTEXT(2) 
PARAMETRIC_REPRESENTATION_CONTEXT() REPRESENTATION_CONTEXT('2D SPACE',''
  ) );
#639 = PCURVE('',#546,#640);
#640 = DEFINITIONAL_REPRESENTATION('',(#641),#645);
#641 = LINE('',#642,#643);
#642 = CARTESIAN_POINT('',(13.,-1.843160005087E-16));
#643 = VECTOR('',#644,1.);
#644 = DIRECTION('',(0.,-1.));
#645 = ( GEOMETRIC_REPRESENTATION_CONTEXT(2) 
PARAMETRIC_REPRESENTATION_CONTEXT() REPRESENTATION_CONTEXT('2D SPACE',''
  ) );
#646 = ORIENTED_EDGE('',*,*,#647,.F.);
#647 = EDGE_CURVE('',#57,#625,#648,.T.);
#648 = SURFACE_CURVE('',#649,(#654,#661),.PCURVE_S1.);
#649 = CIRCLE('',#650,2.);
#650 = AXIS2_PLACEMENT_3D('',#651,#652,#653);
#651 = CARTESIAN_POINT('',(2.,84.,5.656854249492));
#652 = DIRECTION('',(0.,1.224646799147E-16,1.));
#653 = DIRECTION('',(0.,1.,-1.224646799147E-16));
#654 = PCURVE('',#72,#655);
#655 = DEFINITIONAL_REPRESENTATION('',(#656),#660);
#656 = LINE('',#657,#658);
#657 = CARTESIAN_POINT('',(-0.,5.));
#658 = VECTOR('',#659,1.);
#659 = DIRECTION('',(-1.,0.));
#660 = ( GEOMETRIC_REPRESENTATION_CONTEXT(2) 
PARAMETRIC_REPRESENTATION_CONTEXT() REPRESENTATION_CONTEXT('2D SPACE',''
  ) );
#661 = PCURVE('',#100,#662);
#662 = DEFINITIONAL_REPRESENTATION('',(#663),#671);
#663 = ( BOUNDED_CURVE() B_SPLINE_CURVE(2,(#664,#665,#666,#667,#668,#669
,#670),.UNSPECIFIED.,.T.,.F.) B_SPLINE_CURVE_WITH_KNOTS((1,2,2,2,2,1),(
    -2.094395102393,0.,2.094395102393,4.188790204786,6.28318530718,
8.377580409573),.UNSPECIFIED.) CURVE() GEOMETRIC_REPRESENTATION_ITEM() 
RATIONAL_B_SPLINE_CURVE((1.,0.5,1.,0.5,1.,0.5,1.)) REPRESENTATION_ITEM(
  '') );
#664 = CARTESIAN_POINT('',(-25.,-7.5));
#665 = CARTESIAN_POINT('',(-28.46410161513,-7.5));
#666 = CARTESIAN_POINT('',(-26.73205080756,-4.5));
#667 = CARTESIAN_POINT('',(-25.,-1.5));
#668 = CARTESIAN_POINT('',(-23.26794919243,-4.5));
#669 = CARTESIAN_POINT('',(-21.53589838486,-7.5));
#670 = CARTESIAN_POINT('',(-25.,-7.5));
#671 = ( GEOMETRIC_REPRESENTATION_CONTEXT(2) 
PARAMETRIC_REPRESENTATION_CONTEXT() REPRESENTATION_CONTEXT('2D SPACE',''
  ) );
#672 = ORIENTED_EDGE('',*,*,#56,.F.);
#673 = ADVANCED_FACE('',(#674),#126,.T.);
#674 = FACE_BOUND('',#675,.T.);
#675 = EDGE_LOOP('',(#676,#677,#700,#722));
#676 = ORIENTED_EDGE('',*,*,#170,.T.);
#677 = ORIENTED_EDGE('',*,*,#678,.T.);
#678 = EDGE_CURVE('',#171,#679,#681,.T.);
#679 = VERTEX_POINT('',#680);
#680 = CARTESIAN_POINT('',(54.,84.,5.656854249492));
#681 = SURFACE_CURVE('',#682,(#686,#693),.PCURVE_S1.);
#682 = LINE('',#683,#684);
#683 = CARTESIAN_POINT('',(54.,84.,10.656854249492));
#684 = VECTOR('',#685,1.);
#685 = DIRECTION('',(0.,-1.224646799147E-16,-1.));
#686 = PCURVE('',#126,#687);
#687 = DEFINITIONAL_REPRESENTATION('',(#688),#692);
#688 = LINE('',#689,#690);
#689 = CARTESIAN_POINT('',(1.570796326795,0.));
#690 = VECTOR('',#691,1.);
#691 = DIRECTION('',(0.,1.));
#692 = ( GEOMETRIC_REPRESENTATION_CONTEXT(2) 
PARAMETRIC_REPRESENTATION_CONTEXT() REPRESENTATION_CONTEXT('2D SPACE',''
  ) );
#693 = PCURVE('',#210,#694);
#694 = DEFINITIONAL_REPRESENTATION('',(#695),#699);
#695 = LINE('',#696,#697);
#696 = CARTESIAN_POINT('',(2.,-2.449293598295E-16));
#697 = VECTOR('',#698,1.);
#698 = DIRECTION('',(0.,-1.));
#699 = ( GEOMETRIC_REPRESENTATION_CONTEXT(2) 
PARAMETRIC_REPRESENTATION_CONTEXT() REPRESENTATION_CONTEXT('2D SPACE',''
  ) );
#700 = ORIENTED_EDGE('',*,*,#701,.F.);
#701 = EDGE_CURVE('',#85,#679,#702,.T.);
#702 = SURFACE_CURVE('',#703,(#708,#715),.PCURVE_S1.);
#703 = CIRCLE('',#704,2.);
#704 = AXIS2_PLACEMENT_3D('',#705,#706,#707);
#705 = CARTESIAN_POINT('',(52.,84.,5.656854249492));
#706 = DIRECTION('',(0.,-1.224646799147E-16,-1.));
#707 = DIRECTION('',(0.,1.,-1.224646799147E-16));
#708 = PCURVE('',#126,#709);
#709 = DEFINITIONAL_REPRESENTATION('',(#710),#714);
#710 = LINE('',#711,#712);
#711 = CARTESIAN_POINT('',(0.,5.));
#712 = VECTOR('',#713,1.);
#713 = DIRECTION('',(1.,0.));
#714 = ( GEOMETRIC_REPRESENTATION_CONTEXT(2) 
PARAMETRIC_REPRESENTATION_CONTEXT() REPRESENTATION_CONTEXT('2D SPACE',''
  ) );
#715 = PCURVE('',#100,#716);
#716 = DEFINITIONAL_REPRESENTATION('',(#717),#721);
#717 = CIRCLE('',#718,2.);
#718 = AXIS2_PLACEMENT_2D('',#719,#720);
#719 = CARTESIAN_POINT('',(25.,-5.5));
#720 = DIRECTION('',(0.,-1.));
#721 = ( GEOMETRIC_REPRESENTATION_CONTEXT(2) 
PARAMETRIC_REPRESENTATION_CONTEXT() REPRESENTATION_CONTEXT('2D SPACE',''
  ) );
#722 = ORIENTED_EDGE('',*,*,#112,.F.);
#723 = ADVANCED_FACE('',(#724,#1038,#1069),#100,.T.);
#724 = FACE_BOUND('',#725,.T.);
#725 = EDGE_LOOP('',(#726,#727,#728,#729,#752,#776,#799,#822,#850,#873,
    #896,#919,#947,#970,#993,#1017));
#726 = ORIENTED_EDGE('',*,*,#647,.F.);
#727 = ORIENTED_EDGE('',*,*,#84,.T.);
#728 = ORIENTED_EDGE('',*,*,#701,.T.);
#729 = ORIENTED_EDGE('',*,*,#730,.T.);
#730 = EDGE_CURVE('',#679,#731,#733,.T.);
#731 = VERTEX_POINT('',#732);
#732 = CARTESIAN_POINT('',(54.,73.,5.656854249492));
#733 = SURFACE_CURVE('',#734,(#738,#745),.PCURVE_S1.);
#734 = LINE('',#735,#736);
#735 = CARTESIAN_POINT('',(54.,86.,5.656854249492));
#736 = VECTOR('',#737,1.);
#737 = DIRECTION('',(0.,-1.,1.224646799147E-16));
#738 = PCURVE('',#100,#739);
#739 = DEFINITIONAL_REPRESENTATION('',(#740),#744);
#740 = LINE('',#741,#742);
#741 = CARTESIAN_POINT('',(27.,-7.5));
#742 = VECTOR('',#743,1.);
#743 = DIRECTION('',(0.,1.));
#744 = ( GEOMETRIC_REPRESENTATION_CONTEXT(2) 
PARAMETRIC_REPRESENTATION_CONTEXT() REPRESENTATION_CONTEXT('2D SPACE',''
  ) );
#745 = PCURVE('',#210,#746);
#746 = DEFINITIONAL_REPRESENTATION('',(#747),#751);
#747 = LINE('',#748,#749);
#748 = CARTESIAN_POINT('',(-6.123233995737E-16,-5.));
#749 = VECTOR('',#750,1.);
#750 = DIRECTION('',(1.,0.));
#751 = ( GEOMETRIC_REPRESENTATION_CONTEXT(2) 
PARAMETRIC_REPRESENTATION_CONTEXT() REPRESENTATION_CONTEXT('2D SPACE',''
  ) );
#752 = ORIENTED_EDGE('',*,*,#753,.T.);
#753 = EDGE_CURVE('',#731,#754,#756,.T.);
#754 = VERTEX_POINT('',#755);
#755 = CARTESIAN_POINT('',(52.,71.,5.656854249492));
#756 = SURFACE_CURVE('',#757,(#762,#769),.PCURVE_S1.);
#757 = CIRCLE('',#758,2.);
#758 = AXIS2_PLACEMENT_3D('',#759,#760,#761);
#759 = CARTESIAN_POINT('',(52.,73.,5.656854249492));
#760 = DIRECTION('',(0.,-1.224646799147E-16,-1.));
#761 = DIRECTION('',(0.,1.,-1.224646799147E-16));
#762 = PCURVE('',#100,#763);
#763 = DEFINITIONAL_REPRESENTATION('',(#764),#768);
#764 = CIRCLE('',#765,2.);
#765 = AXIS2_PLACEMENT_2D('',#766,#767);
#766 = CARTESIAN_POINT('',(25.,5.5));
#767 = DIRECTION('',(0.,-1.));
#768 = ( GEOMETRIC_REPRESENTATION_CONTEXT(2) 
PARAMETRIC_REPRESENTATION_CONTEXT() REPRESENTATION_CONTEXT('2D SPACE',''
  ) );
#769 = PCURVE('',#239,#770);
#770 = DEFINITIONAL_REPRESENTATION('',(#771),#775);
#771 = LINE('',#772,#773);
#772 = CARTESIAN_POINT('',(-1.570796326795,5.));
#773 = VECTOR('',#774,1.);
#774 = DIRECTION('',(1.,0.));
#775 = ( GEOMETRIC_REPRESENTATION_CONTEXT(2) 
PARAMETRIC_REPRESENTATION_CONTEXT() REPRESENTATION_CONTEXT('2D SPACE',''
  ) );
#776 = ORIENTED_EDGE('',*,*,#777,.T.);
#777 = EDGE_CURVE('',#754,#778,#780,.T.);
#778 = VERTEX_POINT('',#779);
#779 = CARTESIAN_POINT('',(45.5,71.,5.656854249492));
#780 = SURFACE_CURVE('',#781,(#785,#792),.PCURVE_S1.);
#781 = LINE('',#782,#783);
#782 = CARTESIAN_POINT('',(54.,71.,5.656854249492));
#783 = VECTOR('',#784,1.);
#784 = DIRECTION('',(-1.,-0.,0.));
#785 = PCURVE('',#100,#786);
#786 = DEFINITIONAL_REPRESENTATION('',(#787),#791);
#787 = LINE('',#788,#789);
#788 = CARTESIAN_POINT('',(27.,7.5));
#789 = VECTOR('',#790,1.);
#790 = DIRECTION('',(-1.,0.));
#791 = ( GEOMETRIC_REPRESENTATION_CONTEXT(2) 
PARAMETRIC_REPRESENTATION_CONTEXT() REPRESENTATION_CONTEXT('2D SPACE',''
  ) );
#792 = PCURVE('',#267,#793);
#793 = DEFINITIONAL_REPRESENTATION('',(#794),#798);
#794 = LINE('',#795,#796);
#795 = CARTESIAN_POINT('',(-0.,-5.));
#796 = VECTOR('',#797,1.);
#797 = DIRECTION('',(1.,0.));
#798 = ( GEOMETRIC_REPRESENTATION_CONTEXT(2) 
PARAMETRIC_REPRESENTATION_CONTEXT() REPRESENTATION_CONTEXT('2D SPACE',''
  ) );
#799 = ORIENTED_EDGE('',*,*,#800,.T.);
#800 = EDGE_CURVE('',#778,#801,#803,.T.);
#801 = VERTEX_POINT('',#802);
#802 = CARTESIAN_POINT('',(45.5,42.526911934581,5.656854249492));
#803 = SURFACE_CURVE('',#804,(#808,#815),.PCURVE_S1.);
#804 = LINE('',#805,#806);
#805 = CARTESIAN_POINT('',(45.5,76.,5.656854249492));
#806 = VECTOR('',#807,1.);
#807 = DIRECTION('',(0.,-1.,1.224646799147E-16));
#808 = PCURVE('',#100,#809);
#809 = DEFINITIONAL_REPRESENTATION('',(#810),#814);
#810 = LINE('',#811,#812);
#811 = CARTESIAN_POINT('',(18.5,2.5));
#812 = VECTOR('',#813,1.);
#813 = DIRECTION('',(0.,1.));
#814 = ( GEOMETRIC_REPRESENTATION_CONTEXT(2) 
PARAMETRIC_REPRESENTATION_CONTEXT() REPRESENTATION_CONTEXT('2D SPACE',''
  ) );
#815 = PCURVE('',#295,#816);
#816 = DEFINITIONAL_REPRESENTATION('',(#817),#821);
#817 = LINE('',#818,#819);
#818 = CARTESIAN_POINT('',(-10.66239565277,41.339348596049));
#819 = VECTOR('',#820,1.);
#820 = DIRECTION('',(0.,-1.));
#821 = ( GEOMETRIC_REPRESENTATION_CONTEXT(2) 
PARAMETRIC_REPRESENTATION_CONTEXT() REPRESENTATION_CONTEXT('2D SPACE',''
  ) );
#822 = ORIENTED_EDGE('',*,*,#823,.T.);
#823 = EDGE_CURVE('',#801,#824,#826,.T.);
#824 = VERTEX_POINT('',#825);
#825 = CARTESIAN_POINT('',(41.5,42.526911934581,5.656854249492));
#826 = SURFACE_CURVE('',#827,(#831,#838),.PCURVE_S1.);
#827 = LINE('',#828,#829);
#828 = CARTESIAN_POINT('',(22.75,42.526911934581,5.656854249492));
#829 = VECTOR('',#830,1.);
#830 = DIRECTION('',(-1.,-0.,0.));
#831 = PCURVE('',#100,#832);
#832 = DEFINITIONAL_REPRESENTATION('',(#833),#837);
#833 = LINE('',#834,#835);
#834 = CARTESIAN_POINT('',(-4.25,35.973088065419));
#835 = VECTOR('',#836,1.);
#836 = DIRECTION('',(-1.,0.));
#837 = ( GEOMETRIC_REPRESENTATION_CONTEXT(2) 
PARAMETRIC_REPRESENTATION_CONTEXT() REPRESENTATION_CONTEXT('2D SPACE',''
  ) );
#838 = PCURVE('',#839,#844);
#839 = PLANE('',#840);
#840 = AXIS2_PLACEMENT_3D('',#841,#842,#843);
#841 = CARTESIAN_POINT('',(4.,26.263455967291,21.920310216783));
#842 = DIRECTION('',(0.,-0.707106781187,-0.707106781187));
#843 = DIRECTION('',(0.,0.707106781187,-0.707106781187));
#844 = DEFINITIONAL_REPRESENTATION('',(#845),#849);
#845 = LINE('',#846,#847);
#846 = CARTESIAN_POINT('',(23.,18.75));
#847 = VECTOR('',#848,1.);
#848 = DIRECTION('',(-0.,-1.));
#849 = ( GEOMETRIC_REPRESENTATION_CONTEXT(2) 
PARAMETRIC_REPRESENTATION_CONTEXT() REPRESENTATION_CONTEXT('2D SPACE',''
  ) );
#850 = ORIENTED_EDGE('',*,*,#851,.F.);
#851 = EDGE_CURVE('',#852,#824,#854,.T.);
#852 = VERTEX_POINT('',#853);
#853 = CARTESIAN_POINT('',(41.5,71.,5.656854249492));
#854 = SURFACE_CURVE('',#855,(#859,#866),.PCURVE_S1.);
#855 = LINE('',#856,#857);
#856 = CARTESIAN_POINT('',(41.5,76.,5.656854249492));
#857 = VECTOR('',#858,1.);
#858 = DIRECTION('',(0.,-1.,1.224646799147E-16));
#859 = PCURVE('',#100,#860);
#860 = DEFINITIONAL_REPRESENTATION('',(#861),#865);
#861 = LINE('',#862,#863);
#862 = CARTESIAN_POINT('',(14.5,2.5));
#863 = VECTOR('',#864,1.);
#864 = DIRECTION('',(0.,1.));
#865 = ( GEOMETRIC_REPRESENTATION_CONTEXT(2) 
PARAMETRIC_REPRESENTATION_CONTEXT() REPRESENTATION_CONTEXT('2D SPACE',''
  ) );
#866 = PCURVE('',#351,#867);
#867 = DEFINITIONAL_REPRESENTATION('',(#868),#872);
#868 = LINE('',#869,#870);
#869 = CARTESIAN_POINT('',(-10.66239565277,41.339348596049));
#870 = VECTOR('',#871,1.);
#871 = DIRECTION('',(0.,-1.));
#872 = ( GEOMETRIC_REPRESENTATION_CONTEXT(2) 
PARAMETRIC_REPRESENTATION_CONTEXT() REPRESENTATION_CONTEXT('2D SPACE',''
  ) );
#873 = ORIENTED_EDGE('',*,*,#874,.T.);
#874 = EDGE_CURVE('',#852,#875,#877,.T.);
#875 = VERTEX_POINT('',#876);
#876 = CARTESIAN_POINT('',(12.5,71.,5.656854249492));
#877 = SURFACE_CURVE('',#878,(#882,#889),.PCURVE_S1.);
#878 = LINE('',#879,#880);
#879 = CARTESIAN_POINT('',(54.,71.,5.656854249492));
#880 = VECTOR('',#881,1.);
#881 = DIRECTION('',(-1.,-0.,0.));
#882 = PCURVE('',#100,#883);
#883 = DEFINITIONAL_REPRESENTATION('',(#884),#888);
#884 = LINE('',#885,#886);
#885 = CARTESIAN_POINT('',(27.,7.5));
#886 = VECTOR('',#887,1.);
#887 = DIRECTION('',(-1.,0.));
#888 = ( GEOMETRIC_REPRESENTATION_CONTEXT(2) 
PARAMETRIC_REPRESENTATION_CONTEXT() REPRESENTATION_CONTEXT('2D SPACE',''
  ) );
#889 = PCURVE('',#379,#890);
#890 = DEFINITIONAL_REPRESENTATION('',(#891),#895);
#891 = LINE('',#892,#893);
#892 = CARTESIAN_POINT('',(-0.,-5.));
#893 = VECTOR('',#894,1.);
#894 = DIRECTION('',(1.,0.));
#895 = ( GEOMETRIC_REPRESENTATION_CONTEXT(2) 
PARAMETRIC_REPRESENTATION_CONTEXT() REPRESENTATION_CONTEXT('2D SPACE',''
  ) );
#896 = ORIENTED_EDGE('',*,*,#897,.T.);
#897 = EDGE_CURVE('',#875,#898,#900,.T.);
#898 = VERTEX_POINT('',#899);
#899 = CARTESIAN_POINT('',(12.5,42.526911934581,5.656854249492));
#900 = SURFACE_CURVE('',#901,(#905,#912),.PCURVE_S1.);
#901 = LINE('',#902,#903);
#902 = CARTESIAN_POINT('',(12.5,76.,5.656854249492));
#903 = VECTOR('',#904,1.);
#904 = DIRECTION('',(0.,-1.,1.224646799147E-16));
#905 = PCURVE('',#100,#906);
#906 = DEFINITIONAL_REPRESENTATION('',(#907),#911);
#907 = LINE('',#908,#909);
#908 = CARTESIAN_POINT('',(-14.5,2.5));
#909 = VECTOR('',#910,1.);
#910 = DIRECTION('',(0.,1.));
#911 = ( GEOMETRIC_REPRESENTATION_CONTEXT(2) 
PARAMETRIC_REPRESENTATION_CONTEXT() REPRESENTATION_CONTEXT('2D SPACE',''
  ) );
#912 = PCURVE('',#407,#913);
#913 = DEFINITIONAL_REPRESENTATION('',(#914),#918);
#914 = LINE('',#915,#916);
#915 = CARTESIAN_POINT('',(-10.66239565277,41.339348596049));
#916 = VECTOR('',#917,1.);
#917 = DIRECTION('',(0.,-1.));
#918 = ( GEOMETRIC_REPRESENTATION_CONTEXT(2) 
PARAMETRIC_REPRESENTATION_CONTEXT() REPRESENTATION_CONTEXT('2D SPACE',''
  ) );
#919 = ORIENTED_EDGE('',*,*,#920,.T.);
#920 = EDGE_CURVE('',#898,#921,#923,.T.);
#921 = VERTEX_POINT('',#922);
#922 = CARTESIAN_POINT('',(8.5,42.526911934581,5.656854249492));
#923 = SURFACE_CURVE('',#924,(#928,#935),.PCURVE_S1.);
#924 = LINE('',#925,#926);
#925 = CARTESIAN_POINT('',(6.25,42.526911934581,5.656854249492));
#926 = VECTOR('',#927,1.);
#927 = DIRECTION('',(-1.,-0.,0.));
#928 = PCURVE('',#100,#929);
#929 = DEFINITIONAL_REPRESENTATION('',(#930),#934);
#930 = LINE('',#931,#932);
#931 = CARTESIAN_POINT('',(-20.75,35.973088065419));
#932 = VECTOR('',#933,1.);
#933 = DIRECTION('',(-1.,0.));
#934 = ( GEOMETRIC_REPRESENTATION_CONTEXT(2) 
PARAMETRIC_REPRESENTATION_CONTEXT() REPRESENTATION_CONTEXT('2D SPACE',''
  ) );
#935 = PCURVE('',#936,#941);
#936 = PLANE('',#937);
#937 = AXIS2_PLACEMENT_3D('',#938,#939,#940);
#938 = CARTESIAN_POINT('',(4.,26.263455967291,21.920310216783));
#939 = DIRECTION('',(0.,-0.707106781187,-0.707106781187));
#940 = DIRECTION('',(0.,0.707106781187,-0.707106781187));
#941 = DEFINITIONAL_REPRESENTATION('',(#942),#946);
#942 = LINE('',#943,#944);
#943 = CARTESIAN_POINT('',(23.,2.25));
#944 = VECTOR('',#945,1.);
#945 = DIRECTION('',(-0.,-1.));
#946 = ( GEOMETRIC_REPRESENTATION_CONTEXT(2) 
PARAMETRIC_REPRESENTATION_CONTEXT() REPRESENTATION_CONTEXT('2D SPACE',''
  ) );
#947 = ORIENTED_EDGE('',*,*,#948,.F.);
#948 = EDGE_CURVE('',#949,#921,#951,.T.);
#949 = VERTEX_POINT('',#950);
#950 = CARTESIAN_POINT('',(8.5,71.,5.656854249492));
#951 = SURFACE_CURVE('',#952,(#956,#963),.PCURVE_S1.);
#952 = LINE('',#953,#954);
#953 = CARTESIAN_POINT('',(8.5,76.,5.656854249492));
#954 = VECTOR('',#955,1.);
#955 = DIRECTION('',(0.,-1.,1.224646799147E-16));
#956 = PCURVE('',#100,#957);
#957 = DEFINITIONAL_REPRESENTATION('',(#958),#962);
#958 = LINE('',#959,#960);
#959 = CARTESIAN_POINT('',(-18.5,2.5));
#960 = VECTOR('',#961,1.);
#961 = DIRECTION('',(0.,1.));
#962 = ( GEOMETRIC_REPRESENTATION_CONTEXT(2) 
PARAMETRIC_REPRESENTATION_CONTEXT() REPRESENTATION_CONTEXT('2D SPACE',''
  ) );
#963 = PCURVE('',#463,#964);
#964 = DEFINITIONAL_REPRESENTATION('',(#965),#969);
#965 = LINE('',#966,#967);
#966 = CARTESIAN_POINT('',(-10.66239565277,41.339348596049));
#967 = VECTOR('',#968,1.);
#968 = DIRECTION('',(0.,-1.));
#969 = ( GEOMETRIC_REPRESENTATION_CONTEXT(2) 
PARAMETRIC_REPRESENTATION_CONTEXT() REPRESENTATION_CONTEXT('2D SPACE',''
  ) );
#970 = ORIENTED_EDGE('',*,*,#971,.T.);
#971 = EDGE_CURVE('',#949,#972,#974,.T.);
#972 = VERTEX_POINT('',#973);
#973 = CARTESIAN_POINT('',(2.,71.,5.656854249492));
#974 = SURFACE_CURVE('',#975,(#979,#986),.PCURVE_S1.);
#975 = LINE('',#976,#977);
#976 = CARTESIAN_POINT('',(54.,71.,5.656854249492));
#977 = VECTOR('',#978,1.);
#978 = DIRECTION('',(-1.,-0.,0.));
#979 = PCURVE('',#100,#980);
#980 = DEFINITIONAL_REPRESENTATION('',(#981),#985);
#981 = LINE('',#982,#983);
#982 = CARTESIAN_POINT('',(27.,7.5));
#983 = VECTOR('',#984,1.);
#984 = DIRECTION('',(-1.,0.));
#985 = ( GEOMETRIC_REPRESENTATION_CONTEXT(2) 
PARAMETRIC_REPRESENTATION_CONTEXT() REPRESENTATION_CONTEXT('2D SPACE',''
  ) );
#986 = PCURVE('',#491,#987);
#987 = DEFINITIONAL_REPRESENTATION('',(#988),#992);
#988 = LINE('',#989,#990);
#989 = CARTESIAN_POINT('',(-0.,-5.));
#990 = VECTOR('',#991,1.);
#991 = DIRECTION('',(1.,0.));
#992 = ( GEOMETRIC_REPRESENTATION_CONTEXT(2) 
PARAMETRIC_REPRESENTATION_CONTEXT() REPRESENTATION_CONTEXT('2D SPACE',''
  ) );
#993 = ORIENTED_EDGE('',*,*,#994,.T.);
#994 = EDGE_CURVE('',#972,#995,#997,.T.);
#995 = VERTEX_POINT('',#996);
#996 = CARTESIAN_POINT('',(0.,73.,5.656854249492));
#997 = SURFACE_CURVE('',#998,(#1003,#1010),.PCURVE_S1.);
#998 = CIRCLE('',#999,2.);
#999 = AXIS2_PLACEMENT_3D('',#1000,#1001,#1002);
#1000 = CARTESIAN_POINT('',(2.,73.,5.656854249492));
#1001 = DIRECTION('',(0.,-1.224646799147E-16,-1.));
#1002 = DIRECTION('',(0.,1.,-1.224646799147E-16));
#1003 = PCURVE('',#100,#1004);
#1004 = DEFINITIONAL_REPRESENTATION('',(#1005),#1009);
#1005 = CIRCLE('',#1006,2.);
#1006 = AXIS2_PLACEMENT_2D('',#1007,#1008);
#1007 = CARTESIAN_POINT('',(-25.,5.5));
#1008 = DIRECTION('',(0.,-1.));
#1009 = ( GEOMETRIC_REPRESENTATION_CONTEXT(2) 
PARAMETRIC_REPRESENTATION_CONTEXT() REPRESENTATION_CONTEXT('2D SPACE',''
  ) );
#1010 = PCURVE('',#520,#1011);
#1011 = DEFINITIONAL_REPRESENTATION('',(#1012),#1016);
#1012 = LINE('',#1013,#1014);
#1013 = CARTESIAN_POINT('',(-3.14159265359,5.));
#1014 = VECTOR('',#1015,1.);
#1015 = DIRECTION('',(1.,0.));
#1016 = ( GEOMETRIC_REPRESENTATION_CONTEXT(2) 
PARAMETRIC_REPRESENTATION_CONTEXT() REPRESENTATION_CONTEXT('2D SPACE',''
  ) );
#1017 = ORIENTED_EDGE('',*,*,#1018,.T.);
#1018 = EDGE_CURVE('',#995,#625,#1019,.T.);
#1019 = SURFACE_CURVE('',#1020,(#1024,#1031),.PCURVE_S1.);
#1020 = LINE('',#1021,#1022);
#1021 = CARTESIAN_POINT('',(0.,71.,5.656854249492));
#1022 = VECTOR('',#1023,1.);
#1023 = DIRECTION('',(0.,1.,-1.224646799147E-16));
#1024 = PCURVE('',#100,#1025);
#1025 = DEFINITIONAL_REPRESENTATION('',(#1026),#1030);
#1026 = LINE('',#1027,#1028);
#1027 = CARTESIAN_POINT('',(-27.,7.5));
#1028 = VECTOR('',#1029,1.);
#1029 = DIRECTION('',(0.,-1.));
#1030 = ( GEOMETRIC_REPRESENTATION_CONTEXT(2) 
PARAMETRIC_REPRESENTATION_CONTEXT() REPRESENTATION_CONTEXT('2D SPACE',''
  ) );
#1031 = PCURVE('',#546,#1032);
#1032 = DEFINITIONAL_REPRESENTATION('',(#1033),#1037);
#1033 = LINE('',#1034,#1035);
#1034 = CARTESIAN_POINT('',(6.123233995737E-16,-5.));
#1035 = VECTOR('',#1036,1.);
#1036 = DIRECTION('',(1.,0.));
#1037 = ( GEOMETRIC_REPRESENTATION_CONTEXT(2) 
PARAMETRIC_REPRESENTATION_CONTEXT() REPRESENTATION_CONTEXT('2D SPACE',''
  ) );
#1038 = FACE_BOUND('',#1039,.T.);
#1039 = EDGE_LOOP('',(#1040));
#1040 = ORIENTED_EDGE('',*,*,#1041,.F.);
#1041 = EDGE_CURVE('',#1042,#1042,#1044,.T.);
#1042 = VERTEX_POINT('',#1043);
#1043 = CARTESIAN_POINT('',(8.414601516724,81.,5.656854249492));
#1044 = SURFACE_CURVE('',#1045,(#1050,#1057),.PCURVE_S1.);
#1045 = CIRCLE('',#1046,1.7);
#1046 = AXIS2_PLACEMENT_3D('',#1047,#1048,#1049);
#1047 = CARTESIAN_POINT('',(6.714601516724,81.,5.656854249492));
#1048 = DIRECTION('',(0.,-1.224646799147E-16,-1.));
#1049 = DIRECTION('',(1.,0.,0.));
#1050 = PCURVE('',#100,#1051);
#1051 = DEFINITIONAL_REPRESENTATION('',(#1052),#1056);
#1052 = CIRCLE('',#1053,1.7);
#1053 = AXIS2_PLACEMENT_2D('',#1054,#1055);
#1054 = CARTESIAN_POINT('',(-20.28539848327,-2.5));
#1055 = DIRECTION('',(1.,0.));
#1056 = ( GEOMETRIC_REPRESENTATION_CONTEXT(2) 
PARAMETRIC_REPRESENTATION_CONTEXT() REPRESENTATION_CONTEXT('2D SPACE',''
  ) );
#1057 = PCURVE('',#1058,#1063);
#1058 = CYLINDRICAL_SURFACE('',#1059,1.7);
#1059 = AXIS2_PLACEMENT_3D('',#1060,#1061,#1062);
#1060 = CARTESIAN_POINT('',(6.714601516724,81.,11.656854249492));
#1061 = DIRECTION('',(0.,-1.224646799147E-16,-1.));
#1062 = DIRECTION('',(1.,0.,0.));
#1063 = DEFINITIONAL_REPRESENTATION('',(#1064),#1068);
#1064 = LINE('',#1065,#1066);
#1065 = CARTESIAN_POINT('',(0.,6.));
#1066 = VECTOR('',#1067,1.);
#1067 = DIRECTION('',(1.,0.));
#1068 = ( GEOMETRIC_REPRESENTATION_CONTEXT(2) 
PARAMETRIC_REPRESENTATION_CONTEXT() REPRESENTATION_CONTEXT('2D SPACE',''
  ) );
#1069 = FACE_BOUND('',#1070,.T.);
#1070 = EDGE_LOOP('',(#1071));
#1071 = ORIENTED_EDGE('',*,*,#1072,.F.);
#1072 = EDGE_CURVE('',#1073,#1073,#1075,.T.);
#1073 = VERTEX_POINT('',#1074);
#1074 = CARTESIAN_POINT('',(48.985398483276,81.,5.656854249492));
#1075 = SURFACE_CURVE('',#1076,(#1081,#1088),.PCURVE_S1.);
#1076 = CIRCLE('',#1077,1.7);
#1077 = AXIS2_PLACEMENT_3D('',#1078,#1079,#1080);
#1078 = CARTESIAN_POINT('',(47.285398483276,81.,5.656854249492));
#1079 = DIRECTION('',(0.,-1.224646799147E-16,-1.));
#1080 = DIRECTION('',(1.,0.,0.));
#1081 = PCURVE('',#100,#1082);
#1082 = DEFINITIONAL_REPRESENTATION('',(#1083),#1087);
#1083 = CIRCLE('',#1084,1.7);
#1084 = AXIS2_PLACEMENT_2D('',#1085,#1086);
#1085 = CARTESIAN_POINT('',(20.285398483276,-2.5));
#1086 = DIRECTION('',(1.,0.));
#1087 = ( GEOMETRIC_REPRESENTATION_CONTEXT(2) 
PARAMETRIC_REPRESENTATION_CONTEXT() REPRESENTATION_CONTEXT('2D SPACE',''
  ) );
#1088 = PCURVE('',#1089,#1094);
#1089 = CYLINDRICAL_SURFACE('',#1090,1.7);
#1090 = AXIS2_PLACEMENT_3D('',#1091,#1092,#1093);
#1091 = CARTESIAN_POINT('',(47.285398483276,81.,11.656854249492));
#1092 = DIRECTION('',(0.,-1.224646799147E-16,-1.));
#1093 = DIRECTION('',(1.,0.,0.));
#1094 = DEFINITIONAL_REPRESENTATION('',(#1095),#1099);
#1095 = LINE('',#1096,#1097);
#1096 = CARTESIAN_POINT('',(0.,6.));
#1097 = VECTOR('',#1098,1.);
#1098 = DIRECTION('',(1.,0.));
#1099 = ( GEOMETRIC_REPRESENTATION_CONTEXT(2) 
PARAMETRIC_REPRESENTATION_CONTEXT() REPRESENTATION_CONTEXT('2D SPACE',''
  ) );
#1100 = ADVANCED_FACE('',(#1101),#546,.F.);
#1101 = FACE_BOUND('',#1102,.F.);
#1102 = EDGE_LOOP('',(#1103,#1104,#1125,#1126));
#1103 = ORIENTED_EDGE('',*,*,#532,.F.);
#1104 = ORIENTED_EDGE('',*,*,#1105,.T.);
#1105 = EDGE_CURVE('',#504,#995,#1106,.T.);
#1106 = SURFACE_CURVE('',#1107,(#1111,#1118),.PCURVE_S1.);
#1107 = LINE('',#1108,#1109);
#1108 = CARTESIAN_POINT('',(0.,73.,10.656854249492));
#1109 = VECTOR('',#1110,1.);
#1110 = DIRECTION('',(0.,-1.224646799147E-16,-1.));
#1111 = PCURVE('',#546,#1112);
#1112 = DEFINITIONAL_REPRESENTATION('',(#1113),#1117);
#1113 = LINE('',#1114,#1115);
#1114 = CARTESIAN_POINT('',(2.,2.449293598295E-16));
#1115 = VECTOR('',#1116,1.);
#1116 = DIRECTION('',(0.,-1.));
#1117 = ( GEOMETRIC_REPRESENTATION_CONTEXT(2) 
PARAMETRIC_REPRESENTATION_CONTEXT() REPRESENTATION_CONTEXT('2D SPACE',''
  ) );
#1118 = PCURVE('',#520,#1119);
#1119 = DEFINITIONAL_REPRESENTATION('',(#1120),#1124);
#1120 = LINE('',#1121,#1122);
#1121 = CARTESIAN_POINT('',(1.570796326795,0.));
#1122 = VECTOR('',#1123,1.);
#1123 = DIRECTION('',(0.,1.));
#1124 = ( GEOMETRIC_REPRESENTATION_CONTEXT(2) 
PARAMETRIC_REPRESENTATION_CONTEXT() REPRESENTATION_CONTEXT('2D SPACE',''
  ) );
#1125 = ORIENTED_EDGE('',*,*,#1018,.T.);
#1126 = ORIENTED_EDGE('',*,*,#624,.F.);
#1127 = ADVANCED_FACE('',(#1128),#520,.T.);
#1128 = FACE_BOUND('',#1129,.T.);
#1129 = EDGE_LOOP('',(#1130,#1131,#1132,#1133));
#1130 = ORIENTED_EDGE('',*,*,#503,.T.);
#1131 = ORIENTED_EDGE('',*,*,#1105,.T.);
#1132 = ORIENTED_EDGE('',*,*,#994,.F.);
#1133 = ORIENTED_EDGE('',*,*,#1134,.F.);
#1134 = EDGE_CURVE('',#476,#972,#1135,.T.);
#1135 = SURFACE_CURVE('',#1136,(#1140,#1147),.PCURVE_S1.);
#1136 = LINE('',#1137,#1138);
#1137 = CARTESIAN_POINT('',(2.,71.,10.656854249492));
#1138 = VECTOR('',#1139,1.);
#1139 = DIRECTION('',(0.,-1.224646799147E-16,-1.));
#1140 = PCURVE('',#520,#1141);
#1141 = DEFINITIONAL_REPRESENTATION('',(#1142),#1146);
#1142 = LINE('',#1143,#1144);
#1143 = CARTESIAN_POINT('',(0.,0.));
#1144 = VECTOR('',#1145,1.);
#1145 = DIRECTION('',(0.,1.));
#1146 = ( GEOMETRIC_REPRESENTATION_CONTEXT(2) 
PARAMETRIC_REPRESENTATION_CONTEXT() REPRESENTATION_CONTEXT('2D SPACE',''
  ) );
#1147 = PCURVE('',#491,#1148);
#1148 = DEFINITIONAL_REPRESENTATION('',(#1149),#1153);
#1149 = LINE('',#1150,#1151);
#1150 = CARTESIAN_POINT('',(52.,0.));
#1151 = VECTOR('',#1152,1.);
#1152 = DIRECTION('',(0.,-1.));
#1153 = ( GEOMETRIC_REPRESENTATION_CONTEXT(2) 
PARAMETRIC_REPRESENTATION_CONTEXT() REPRESENTATION_CONTEXT('2D SPACE',''
  ) );
#1154 = ADVANCED_FACE('',(#1155),#210,.F.);
#1155 = FACE_BOUND('',#1156,.F.);
#1156 = EDGE_LOOP('',(#1157,#1158,#1159,#1160));
#1157 = ORIENTED_EDGE('',*,*,#194,.F.);
#1158 = ORIENTED_EDGE('',*,*,#678,.T.);
#1159 = ORIENTED_EDGE('',*,*,#730,.T.);
#1160 = ORIENTED_EDGE('',*,*,#1161,.F.);
#1161 = EDGE_CURVE('',#195,#731,#1162,.T.);
#1162 = SURFACE_CURVE('',#1163,(#1167,#1174),.PCURVE_S1.);
#1163 = LINE('',#1164,#1165);
#1164 = CARTESIAN_POINT('',(54.,73.,10.656854249492));
#1165 = VECTOR('',#1166,1.);
#1166 = DIRECTION('',(0.,-1.224646799147E-16,-1.));
#1167 = PCURVE('',#210,#1168);
#1168 = DEFINITIONAL_REPRESENTATION('',(#1169),#1173);
#1169 = LINE('',#1170,#1171);
#1170 = CARTESIAN_POINT('',(13.,1.843160005087E-16));
#1171 = VECTOR('',#1172,1.);
#1172 = DIRECTION('',(0.,-1.));
#1173 = ( GEOMETRIC_REPRESENTATION_CONTEXT(2) 
PARAMETRIC_REPRESENTATION_CONTEXT() REPRESENTATION_CONTEXT('2D SPACE',''
  ) );
#1174 = PCURVE('',#239,#1175);
#1175 = DEFINITIONAL_REPRESENTATION('',(#1176),#1180);
#1176 = LINE('',#1177,#1178);
#1177 = CARTESIAN_POINT('',(0.,0.));
#1178 = VECTOR('',#1179,1.);
#1179 = DIRECTION('',(0.,1.));
#1180 = ( GEOMETRIC_REPRESENTATION_CONTEXT(2) 
PARAMETRIC_REPRESENTATION_CONTEXT() REPRESENTATION_CONTEXT('2D SPACE',''
  ) );
#1181 = ADVANCED_FACE('',(#1182),#491,.F.);
#1182 = FACE_BOUND('',#1183,.F.);
#1183 = EDGE_LOOP('',(#1184,#1185,#1206,#1207));
#1184 = ORIENTED_EDGE('',*,*,#475,.F.);
#1185 = ORIENTED_EDGE('',*,*,#1186,.F.);
#1186 = EDGE_CURVE('',#949,#448,#1187,.T.);
#1187 = SURFACE_CURVE('',#1188,(#1192,#1199),.PCURVE_S1.);
#1188 = LINE('',#1189,#1190);
#1189 = CARTESIAN_POINT('',(8.5,71.,13.48805207588));
#1190 = VECTOR('',#1191,1.);
#1191 = DIRECTION('',(0.,1.224646799147E-16,1.));
#1192 = PCURVE('',#491,#1193);
#1193 = DEFINITIONAL_REPRESENTATION('',(#1194),#1198);
#1194 = LINE('',#1195,#1196);
#1195 = CARTESIAN_POINT('',(45.5,2.831197826387));
#1196 = VECTOR('',#1197,1.);
#1197 = DIRECTION('',(0.,1.));
#1198 = ( GEOMETRIC_REPRESENTATION_CONTEXT(2) 
PARAMETRIC_REPRESENTATION_CONTEXT() REPRESENTATION_CONTEXT('2D SPACE',''
  ) );
#1199 = PCURVE('',#463,#1200);
#1200 = DEFINITIONAL_REPRESENTATION('',(#1201),#1205);
#1201 = LINE('',#1202,#1203);
#1202 = CARTESIAN_POINT('',(-2.831197826387,36.339348596049));
#1203 = VECTOR('',#1204,1.);
#1204 = DIRECTION('',(1.,0.));
#1205 = ( GEOMETRIC_REPRESENTATION_CONTEXT(2) 
PARAMETRIC_REPRESENTATION_CONTEXT() REPRESENTATION_CONTEXT('2D SPACE',''
  ) );
#1206 = ORIENTED_EDGE('',*,*,#971,.T.);
#1207 = ORIENTED_EDGE('',*,*,#1134,.F.);
#1208 = ADVANCED_FACE('',(#1209),#239,.T.);
#1209 = FACE_BOUND('',#1210,.T.);
#1210 = EDGE_LOOP('',(#1211,#1212,#1233,#1234));
#1211 = ORIENTED_EDGE('',*,*,#222,.T.);
#1212 = ORIENTED_EDGE('',*,*,#1213,.T.);
#1213 = EDGE_CURVE('',#223,#754,#1214,.T.);
#1214 = SURFACE_CURVE('',#1215,(#1219,#1226),.PCURVE_S1.);
#1215 = LINE('',#1216,#1217);
#1216 = CARTESIAN_POINT('',(52.,71.,10.656854249492));
#1217 = VECTOR('',#1218,1.);
#1218 = DIRECTION('',(0.,-1.224646799147E-16,-1.));
#1219 = PCURVE('',#239,#1220);
#1220 = DEFINITIONAL_REPRESENTATION('',(#1221),#1225);
#1221 = LINE('',#1222,#1223);
#1222 = CARTESIAN_POINT('',(1.570796326795,0.));
#1223 = VECTOR('',#1224,1.);
#1224 = DIRECTION('',(0.,1.));
#1225 = ( GEOMETRIC_REPRESENTATION_CONTEXT(2) 
PARAMETRIC_REPRESENTATION_CONTEXT() REPRESENTATION_CONTEXT('2D SPACE',''
  ) );
#1226 = PCURVE('',#267,#1227);
#1227 = DEFINITIONAL_REPRESENTATION('',(#1228),#1232);
#1228 = LINE('',#1229,#1230);
#1229 = CARTESIAN_POINT('',(2.,0.));
#1230 = VECTOR('',#1231,1.);
#1231 = DIRECTION('',(0.,-1.));
#1232 = ( GEOMETRIC_REPRESENTATION_CONTEXT(2) 
PARAMETRIC_REPRESENTATION_CONTEXT() REPRESENTATION_CONTEXT('2D SPACE',''
  ) );
#1233 = ORIENTED_EDGE('',*,*,#753,.F.);
#1234 = ORIENTED_EDGE('',*,*,#1161,.F.);
#1235 = ADVANCED_FACE('',(#1236),#463,.T.);
#1236 = FACE_BOUND('',#1237,.T.);
#1237 = EDGE_LOOP('',(#1238,#1261,#1262,#1263,#1264,#1287,#1315,#1343,
    #1371,#1399,#1427));
#1238 = ORIENTED_EDGE('',*,*,#1239,.T.);
#1239 = EDGE_CURVE('',#1240,#420,#1242,.T.);
#1240 = VERTEX_POINT('',#1241);
#1241 = CARTESIAN_POINT('',(8.5,45.,30.656854249492));
#1242 = SURFACE_CURVE('',#1243,(#1247,#1254),.PCURVE_S1.);
#1243 = LINE('',#1244,#1245);
#1244 = CARTESIAN_POINT('',(8.5,45.,30.656854249492));
#1245 = VECTOR('',#1246,1.);
#1246 = DIRECTION('',(0.,0.840296648224,-0.542126869822));
#1247 = PCURVE('',#463,#1248);
#1248 = DEFINITIONAL_REPRESENTATION('',(#1249),#1253);
#1249 = LINE('',#1250,#1251);
#1250 = CARTESIAN_POINT('',(14.337604347225,10.339348596049));
#1251 = VECTOR('',#1252,1.);
#1252 = DIRECTION('',(-0.542126869822,0.840296648224));
#1253 = ( GEOMETRIC_REPRESENTATION_CONTEXT(2) 
PARAMETRIC_REPRESENTATION_CONTEXT() REPRESENTATION_CONTEXT('2D SPACE',''
  ) );
#1254 = PCURVE('',#435,#1255);
#1255 = DEFINITIONAL_REPRESENTATION('',(#1256),#1260);
#1256 = LINE('',#1257,#1258);
#1257 = CARTESIAN_POINT('',(0.,0.));
#1258 = VECTOR('',#1259,1.);
#1259 = DIRECTION('',(1.,0.));
#1260 = ( GEOMETRIC_REPRESENTATION_CONTEXT(2) 
PARAMETRIC_REPRESENTATION_CONTEXT() REPRESENTATION_CONTEXT('2D SPACE',''
  ) );
#1261 = ORIENTED_EDGE('',*,*,#447,.F.);
#1262 = ORIENTED_EDGE('',*,*,#1186,.F.);
#1263 = ORIENTED_EDGE('',*,*,#948,.T.);
#1264 = ORIENTED_EDGE('',*,*,#1265,.T.);
#1265 = EDGE_CURVE('',#921,#1266,#1268,.T.);
#1266 = VERTEX_POINT('',#1267);
#1267 = CARTESIAN_POINT('',(8.5,26.263455967291,21.920310216783));
#1268 = SURFACE_CURVE('',#1269,(#1273,#1280),.PCURVE_S1.);
#1269 = LINE('',#1270,#1271);
#1270 = CARTESIAN_POINT('',(8.5,29.763019905085,18.420746278989));
#1271 = VECTOR('',#1272,1.);
#1272 = DIRECTION('',(0.,-0.707106781187,0.707106781187));
#1273 = PCURVE('',#463,#1274);
#1274 = DEFINITIONAL_REPRESENTATION('',(#1275),#1279);
#1275 = LINE('',#1276,#1277);
#1276 = CARTESIAN_POINT('',(2.101496376722,-4.897631498866));
#1277 = VECTOR('',#1278,1.);
#1278 = DIRECTION('',(0.707106781187,-0.707106781187));
#1279 = ( GEOMETRIC_REPRESENTATION_CONTEXT(2) 
PARAMETRIC_REPRESENTATION_CONTEXT() REPRESENTATION_CONTEXT('2D SPACE',''
  ) );
#1280 = PCURVE('',#936,#1281);
#1281 = DEFINITIONAL_REPRESENTATION('',(#1282),#1286);
#1282 = LINE('',#1283,#1284);
#1283 = CARTESIAN_POINT('',(4.94913078322,4.5));
#1284 = VECTOR('',#1285,1.);
#1285 = DIRECTION('',(-1.,0.));
#1286 = ( GEOMETRIC_REPRESENTATION_CONTEXT(2) 
PARAMETRIC_REPRESENTATION_CONTEXT() REPRESENTATION_CONTEXT('2D SPACE',''
  ) );
#1287 = ORIENTED_EDGE('',*,*,#1288,.T.);
#1288 = EDGE_CURVE('',#1266,#1289,#1291,.T.);
#1289 = VERTEX_POINT('',#1290);
#1290 = CARTESIAN_POINT('',(8.5,15.656854249492,11.313708498985));
#1291 = SURFACE_CURVE('',#1292,(#1296,#1303),.PCURVE_S1.);
#1292 = LINE('',#1293,#1294);
#1293 = CARTESIAN_POINT('',(8.5,26.962489747827,22.619343997319));
#1294 = VECTOR('',#1295,1.);
#1295 = DIRECTION('',(0.,-0.707106781187,-0.707106781187));
#1296 = PCURVE('',#463,#1297);
#1297 = DEFINITIONAL_REPRESENTATION('',(#1298),#1302);
#1298 = LINE('',#1299,#1300);
#1299 = CARTESIAN_POINT('',(6.300094095052,-7.698161656125));
#1300 = VECTOR('',#1301,1.);
#1301 = DIRECTION('',(-0.707106781187,-0.707106781187));
#1302 = ( GEOMETRIC_REPRESENTATION_CONTEXT(2) 
PARAMETRIC_REPRESENTATION_CONTEXT() REPRESENTATION_CONTEXT('2D SPACE',''
  ) );
#1303 = PCURVE('',#1304,#1309);
#1304 = PLANE('',#1305);
#1305 = AXIS2_PLACEMENT_3D('',#1306,#1307,#1308);
#1306 = CARTESIAN_POINT('',(4.,26.263455967291,21.920310216783));
#1307 = DIRECTION('',(0.,0.707106781187,-0.707106781187));
#1308 = DIRECTION('',(1.,0.,0.));
#1309 = DEFINITIONAL_REPRESENTATION('',(#1310),#1314);
#1310 = LINE('',#1311,#1312);
#1311 = CARTESIAN_POINT('',(4.5,-0.988583052991));
#1312 = VECTOR('',#1313,1.);
#1313 = DIRECTION('',(0.,1.));
#1314 = ( GEOMETRIC_REPRESENTATION_CONTEXT(2) 
PARAMETRIC_REPRESENTATION_CONTEXT() REPRESENTATION_CONTEXT('2D SPACE',''
  ) );
#1315 = ORIENTED_EDGE('',*,*,#1316,.F.);
#1316 = EDGE_CURVE('',#1317,#1289,#1319,.T.);
#1317 = VERTEX_POINT('',#1318);
#1318 = CARTESIAN_POINT('',(8.5,12.12132034356,14.849242404918));
#1319 = SURFACE_CURVE('',#1320,(#1324,#1331),.PCURVE_S1.);
#1320 = LINE('',#1321,#1322);
#1321 = CARTESIAN_POINT('',(8.5,17.38865123432,9.581911514157));
#1322 = VECTOR('',#1323,1.);
#1323 = DIRECTION('',(0.,0.707106781187,-0.707106781187));
#1324 = PCURVE('',#463,#1325);
#1325 = DEFINITIONAL_REPRESENTATION('',(#1326),#1330);
#1326 = LINE('',#1327,#1328);
#1327 = CARTESIAN_POINT('',(-6.73733838811,-17.27200016963));
#1328 = VECTOR('',#1329,1.);
#1329 = DIRECTION('',(-0.707106781187,0.707106781187));
#1330 = ( GEOMETRIC_REPRESENTATION_CONTEXT(2) 
PARAMETRIC_REPRESENTATION_CONTEXT() REPRESENTATION_CONTEXT('2D SPACE',''
  ) );
#1331 = PCURVE('',#1332,#1337);
#1332 = PLANE('',#1333);
#1333 = AXIS2_PLACEMENT_3D('',#1334,#1335,#1336);
#1334 = CARTESIAN_POINT('',(6.,12.12132034356,14.849242404917));
#1335 = DIRECTION('',(0.,-0.707106781187,-0.707106781187));
#1336 = DIRECTION('',(1.,0.,0.));
#1337 = DEFINITIONAL_REPRESENTATION('',(#1338),#1342);
#1338 = LINE('',#1339,#1340);
#1339 = CARTESIAN_POINT('',(2.5,-7.44913078322));
#1340 = VECTOR('',#1341,1.);
#1341 = DIRECTION('',(0.,-1.));
#1342 = ( GEOMETRIC_REPRESENTATION_CONTEXT(2) 
PARAMETRIC_REPRESENTATION_CONTEXT() REPRESENTATION_CONTEXT('2D SPACE',''
  ) );
#1343 = ORIENTED_EDGE('',*,*,#1344,.F.);
#1344 = EDGE_CURVE('',#1345,#1317,#1347,.T.);
#1345 = VERTEX_POINT('',#1346);
#1346 = CARTESIAN_POINT('',(8.5,2.928932188135,5.656854249492));
#1347 = SURFACE_CURVE('',#1348,(#1352,#1359),.PCURVE_S1.);
#1348 = LINE('',#1349,#1350);
#1349 = CARTESIAN_POINT('',(8.5,15.295227858249,18.023149919607));
#1350 = VECTOR('',#1351,1.);
#1351 = DIRECTION('',(0.,0.707106781187,0.707106781187));
#1352 = PCURVE('',#463,#1353);
#1353 = DEFINITIONAL_REPRESENTATION('',(#1354),#1358);
#1354 = LINE('',#1355,#1356);
#1355 = CARTESIAN_POINT('',(1.70390001734,-19.3654235457));
#1356 = VECTOR('',#1357,1.);
#1357 = DIRECTION('',(0.707106781187,0.707106781187));
#1358 = ( GEOMETRIC_REPRESENTATION_CONTEXT(2) 
PARAMETRIC_REPRESENTATION_CONTEXT() REPRESENTATION_CONTEXT('2D SPACE',''
  ) );
#1359 = PCURVE('',#1360,#1365);
#1360 = PLANE('',#1361);
#1361 = AXIS2_PLACEMENT_3D('',#1362,#1363,#1364);
#1362 = CARTESIAN_POINT('',(27.,6.464466094067,9.192388155425));
#1363 = DIRECTION('',(0.,0.707106781187,-0.707106781187));
#1364 = DIRECTION('',(1.,0.,0.));
#1365 = DEFINITIONAL_REPRESENTATION('',(#1366),#1370);
#1366 = LINE('',#1367,#1368);
#1367 = CARTESIAN_POINT('',(-18.5,-12.48858305299));
#1368 = VECTOR('',#1369,1.);
#1369 = DIRECTION('',(0.,-1.));
#1370 = ( GEOMETRIC_REPRESENTATION_CONTEXT(2) 
PARAMETRIC_REPRESENTATION_CONTEXT() REPRESENTATION_CONTEXT('2D SPACE',''
  ) );
#1371 = ORIENTED_EDGE('',*,*,#1372,.T.);
#1372 = EDGE_CURVE('',#1345,#1373,#1375,.T.);
#1373 = VERTEX_POINT('',#1374);
#1374 = CARTESIAN_POINT('',(8.5,0.,5.656854249492));
#1375 = SURFACE_CURVE('',#1376,(#1380,#1387),.PCURVE_S1.);
#1376 = LINE('',#1377,#1378);
#1377 = CARTESIAN_POINT('',(8.5,76.,5.656854249492));
#1378 = VECTOR('',#1379,1.);
#1379 = DIRECTION('',(0.,-1.,1.224646799147E-16));
#1380 = PCURVE('',#463,#1381);
#1381 = DEFINITIONAL_REPRESENTATION('',(#1382),#1386);
#1382 = LINE('',#1383,#1384);
#1383 = CARTESIAN_POINT('',(-10.66239565277,41.339348596049));
#1384 = VECTOR('',#1385,1.);
#1385 = DIRECTION('',(0.,-1.));
#1386 = ( GEOMETRIC_REPRESENTATION_CONTEXT(2) 
PARAMETRIC_REPRESENTATION_CONTEXT() REPRESENTATION_CONTEXT('2D SPACE',''
  ) );
#1387 = PCURVE('',#1388,#1393);
#1388 = PLANE('',#1389);
#1389 = AXIS2_PLACEMENT_3D('',#1390,#1391,#1392);
#1390 = CARTESIAN_POINT('',(8.5,76.,5.656854249492));
#1391 = DIRECTION('',(0.,-1.224646799147E-16,-1.));
#1392 = DIRECTION('',(0.,-1.,1.224646799147E-16));
#1393 = DEFINITIONAL_REPRESENTATION('',(#1394),#1398);
#1394 = LINE('',#1395,#1396);
#1395 = CARTESIAN_POINT('',(0.,0.));
#1396 = VECTOR('',#1397,1.);
#1397 = DIRECTION('',(1.,0.));
#1398 = ( GEOMETRIC_REPRESENTATION_CONTEXT(2) 
PARAMETRIC_REPRESENTATION_CONTEXT() REPRESENTATION_CONTEXT('2D SPACE',''
  ) );
#1399 = ORIENTED_EDGE('',*,*,#1400,.T.);
#1400 = EDGE_CURVE('',#1373,#1401,#1403,.T.);
#1401 = VERTEX_POINT('',#1402);
#1402 = CARTESIAN_POINT('',(8.5,0.,30.656854249492));
#1403 = SURFACE_CURVE('',#1404,(#1408,#1415),.PCURVE_S1.);
#1404 = LINE('',#1405,#1406);
#1405 = CARTESIAN_POINT('',(8.5,0.,5.656854249492));
#1406 = VECTOR('',#1407,1.);
#1407 = DIRECTION('',(0.,1.224646799147E-16,1.));
#1408 = PCURVE('',#463,#1409);
#1409 = DEFINITIONAL_REPRESENTATION('',(#1410),#1414);
#1410 = LINE('',#1411,#1412);
#1411 = CARTESIAN_POINT('',(-10.66239565277,-34.66065140395));
#1412 = VECTOR('',#1413,1.);
#1413 = DIRECTION('',(1.,0.));
#1414 = ( GEOMETRIC_REPRESENTATION_CONTEXT(2) 
PARAMETRIC_REPRESENTATION_CONTEXT() REPRESENTATION_CONTEXT('2D SPACE',''
  ) );
#1415 = PCURVE('',#1416,#1421);
#1416 = PLANE('',#1417);
#1417 = AXIS2_PLACEMENT_3D('',#1418,#1419,#1420);
#1418 = CARTESIAN_POINT('',(8.5,0.,5.656854249492));
#1419 = DIRECTION('',(0.,-1.,1.224646799147E-16));
#1420 = DIRECTION('',(0.,1.224646799147E-16,1.));
#1421 = DEFINITIONAL_REPRESENTATION('',(#1422),#1426);
#1422 = LINE('',#1423,#1424);
#1423 = CARTESIAN_POINT('',(0.,0.));
#1424 = VECTOR('',#1425,1.);
#1425 = DIRECTION('',(1.,0.));
#1426 = ( GEOMETRIC_REPRESENTATION_CONTEXT(2) 
PARAMETRIC_REPRESENTATION_CONTEXT() REPRESENTATION_CONTEXT('2D SPACE',''
  ) );
#1427 = ORIENTED_EDGE('',*,*,#1428,.T.);
#1428 = EDGE_CURVE('',#1401,#1240,#1429,.T.);
#1429 = SURFACE_CURVE('',#1430,(#1434,#1441),.PCURVE_S1.);
#1430 = LINE('',#1431,#1432);
#1431 = CARTESIAN_POINT('',(8.5,0.,30.656854249492));
#1432 = VECTOR('',#1433,1.);
#1433 = DIRECTION('',(0.,1.,-1.224646799147E-16));
#1434 = PCURVE('',#463,#1435);
#1435 = DEFINITIONAL_REPRESENTATION('',(#1436),#1440);
#1436 = LINE('',#1437,#1438);
#1437 = CARTESIAN_POINT('',(14.337604347225,-34.66065140395));
#1438 = VECTOR('',#1439,1.);
#1439 = DIRECTION('',(0.,1.));
#1440 = ( GEOMETRIC_REPRESENTATION_CONTEXT(2) 
PARAMETRIC_REPRESENTATION_CONTEXT() REPRESENTATION_CONTEXT('2D SPACE',''
  ) );
#1441 = PCURVE('',#1442,#1447);
#1442 = PLANE('',#1443);
#1443 = AXIS2_PLACEMENT_3D('',#1444,#1445,#1446);
#1444 = CARTESIAN_POINT('',(8.5,0.,30.656854249492));
#1445 = DIRECTION('',(0.,1.224646799147E-16,1.));
#1446 = DIRECTION('',(0.,1.,-1.224646799147E-16));
#1447 = DEFINITIONAL_REPRESENTATION('',(#1448),#1452);
#1448 = LINE('',#1449,#1450);
#1449 = CARTESIAN_POINT('',(0.,0.));
#1450 = VECTOR('',#1451,1.);
#1451 = DIRECTION('',(1.,0.));
#1452 = ( GEOMETRIC_REPRESENTATION_CONTEXT(2) 
PARAMETRIC_REPRESENTATION_CONTEXT() REPRESENTATION_CONTEXT('2D SPACE',''
  ) );
#1453 = ADVANCED_FACE('',(#1454),#267,.F.);
#1454 = FACE_BOUND('',#1455,.F.);
#1455 = EDGE_LOOP('',(#1456,#1457,#1458,#1459));
#1456 = ORIENTED_EDGE('',*,*,#251,.F.);
#1457 = ORIENTED_EDGE('',*,*,#1213,.T.);
#1458 = ORIENTED_EDGE('',*,*,#777,.T.);
#1459 = ORIENTED_EDGE('',*,*,#1460,.T.);
#1460 = EDGE_CURVE('',#778,#252,#1461,.T.);
#1461 = SURFACE_CURVE('',#1462,(#1466,#1473),.PCURVE_S1.);
#1462 = LINE('',#1463,#1464);
#1463 = CARTESIAN_POINT('',(45.5,71.,13.48805207588));
#1464 = VECTOR('',#1465,1.);
#1465 = DIRECTION('',(0.,1.224646799147E-16,1.));
#1466 = PCURVE('',#267,#1467);
#1467 = DEFINITIONAL_REPRESENTATION('',(#1468),#1472);
#1468 = LINE('',#1469,#1470);
#1469 = CARTESIAN_POINT('',(8.5,2.831197826387));
#1470 = VECTOR('',#1471,1.);
#1471 = DIRECTION('',(0.,1.));
#1472 = ( GEOMETRIC_REPRESENTATION_CONTEXT(2) 
PARAMETRIC_REPRESENTATION_CONTEXT() REPRESENTATION_CONTEXT('2D SPACE',''
  ) );
#1473 = PCURVE('',#295,#1474);
#1474 = DEFINITIONAL_REPRESENTATION('',(#1475),#1479);
#1475 = LINE('',#1476,#1477);
#1476 = CARTESIAN_POINT('',(-2.831197826387,36.339348596049));
#1477 = VECTOR('',#1478,1.);
#1478 = DIRECTION('',(1.,0.));
#1479 = ( GEOMETRIC_REPRESENTATION_CONTEXT(2) 
PARAMETRIC_REPRESENTATION_CONTEXT() REPRESENTATION_CONTEXT('2D SPACE',''
  ) );
#1480 = ADVANCED_FACE('',(#1481),#435,.T.);
#1481 = FACE_BOUND('',#1482,.T.);
#1482 = EDGE_LOOP('',(#1483,#1506,#1527,#1528));
#1483 = ORIENTED_EDGE('',*,*,#1484,.T.);
#1484 = EDGE_CURVE('',#1240,#1485,#1487,.T.);
#1485 = VERTEX_POINT('',#1486);
#1486 = CARTESIAN_POINT('',(12.5,45.,30.656854249492));
#1487 = SURFACE_CURVE('',#1488,(#1492,#1499),.PCURVE_S1.);
#1488 = LINE('',#1489,#1490);
#1489 = CARTESIAN_POINT('',(8.5,45.,30.656854249492));
#1490 = VECTOR('',#1491,1.);
#1491 = DIRECTION('',(1.,0.,0.));
#1492 = PCURVE('',#435,#1493);
#1493 = DEFINITIONAL_REPRESENTATION('',(#1494),#1498);
#1494 = LINE('',#1495,#1496);
#1495 = CARTESIAN_POINT('',(0.,0.));
#1496 = VECTOR('',#1497,1.);
#1497 = DIRECTION('',(0.,-1.));
#1498 = ( GEOMETRIC_REPRESENTATION_CONTEXT(2) 
PARAMETRIC_REPRESENTATION_CONTEXT() REPRESENTATION_CONTEXT('2D SPACE',''
  ) );
#1499 = PCURVE('',#1442,#1500);
#1500 = DEFINITIONAL_REPRESENTATION('',(#1501),#1505);
#1501 = LINE('',#1502,#1503);
#1502 = CARTESIAN_POINT('',(45.,0.));
#1503 = VECTOR('',#1504,1.);
#1504 = DIRECTION('',(0.,-1.));
#1505 = ( GEOMETRIC_REPRESENTATION_CONTEXT(2) 
PARAMETRIC_REPRESENTATION_CONTEXT() REPRESENTATION_CONTEXT('2D SPACE',''
  ) );
#1506 = ORIENTED_EDGE('',*,*,#1507,.T.);
#1507 = EDGE_CURVE('',#1485,#392,#1508,.T.);
#1508 = SURFACE_CURVE('',#1509,(#1513,#1520),.PCURVE_S1.);
#1509 = LINE('',#1510,#1511);
#1510 = CARTESIAN_POINT('',(12.5,45.,30.656854249492));
#1511 = VECTOR('',#1512,1.);
#1512 = DIRECTION('',(0.,0.840296648224,-0.542126869822));
#1513 = PCURVE('',#435,#1514);
#1514 = DEFINITIONAL_REPRESENTATION('',(#1515),#1519);
#1515 = LINE('',#1516,#1517);
#1516 = CARTESIAN_POINT('',(0.,-4.));
#1517 = VECTOR('',#1518,1.);
#1518 = DIRECTION('',(1.,0.));
#1519 = ( GEOMETRIC_REPRESENTATION_CONTEXT(2) 
PARAMETRIC_REPRESENTATION_CONTEXT() REPRESENTATION_CONTEXT('2D SPACE',''
  ) );
#1520 = PCURVE('',#407,#1521);
#1521 = DEFINITIONAL_REPRESENTATION('',(#1522),#1526);
#1522 = LINE('',#1523,#1524);
#1523 = CARTESIAN_POINT('',(14.337604347225,10.339348596049));
#1524 = VECTOR('',#1525,1.);
#1525 = DIRECTION('',(-0.542126869822,0.840296648224));
#1526 = ( GEOMETRIC_REPRESENTATION_CONTEXT(2) 
PARAMETRIC_REPRESENTATION_CONTEXT() REPRESENTATION_CONTEXT('2D SPACE',''
  ) );
#1527 = ORIENTED_EDGE('',*,*,#419,.F.);
#1528 = ORIENTED_EDGE('',*,*,#1239,.F.);
#1529 = ADVANCED_FACE('',(#1530),#295,.F.);
#1530 = FACE_BOUND('',#1531,.F.);
#1531 = EDGE_LOOP('',(#1532,#1555,#1556,#1557,#1558,#1581,#1604,#1632,
    #1655,#1683,#1711));
#1532 = ORIENTED_EDGE('',*,*,#1533,.T.);
#1533 = EDGE_CURVE('',#1534,#280,#1536,.T.);
#1534 = VERTEX_POINT('',#1535);
#1535 = CARTESIAN_POINT('',(45.5,45.,30.656854249492));
#1536 = SURFACE_CURVE('',#1537,(#1541,#1548),.PCURVE_S1.);
#1537 = LINE('',#1538,#1539);
#1538 = CARTESIAN_POINT('',(45.5,45.,30.656854249492));
#1539 = VECTOR('',#1540,1.);
#1540 = DIRECTION('',(0.,0.840296648224,-0.542126869822));
#1541 = PCURVE('',#295,#1542);
#1542 = DEFINITIONAL_REPRESENTATION('',(#1543),#1547);
#1543 = LINE('',#1544,#1545);
#1544 = CARTESIAN_POINT('',(14.337604347225,10.339348596049));
#1545 = VECTOR('',#1546,1.);
#1546 = DIRECTION('',(-0.542126869822,0.840296648224));
#1547 = ( GEOMETRIC_REPRESENTATION_CONTEXT(2) 
PARAMETRIC_REPRESENTATION_CONTEXT() REPRESENTATION_CONTEXT('2D SPACE',''
  ) );
#1548 = PCURVE('',#323,#1549);
#1549 = DEFINITIONAL_REPRESENTATION('',(#1550),#1554);
#1550 = LINE('',#1551,#1552);
#1551 = CARTESIAN_POINT('',(0.,-4.));
#1552 = VECTOR('',#1553,1.);
#1553 = DIRECTION('',(1.,0.));
#1554 = ( GEOMETRIC_REPRESENTATION_CONTEXT(2) 
PARAMETRIC_REPRESENTATION_CONTEXT() REPRESENTATION_CONTEXT('2D SPACE',''
  ) );
#1555 = ORIENTED_EDGE('',*,*,#279,.F.);
#1556 = ORIENTED_EDGE('',*,*,#1460,.F.);
#1557 = ORIENTED_EDGE('',*,*,#800,.T.);
#1558 = ORIENTED_EDGE('',*,*,#1559,.T.);
#1559 = EDGE_CURVE('',#801,#1560,#1562,.T.);
#1560 = VERTEX_POINT('',#1561);
#1561 = CARTESIAN_POINT('',(45.5,26.263455967291,21.920310216783));
#1562 = SURFACE_CURVE('',#1563,(#1567,#1574),.PCURVE_S1.);
#1563 = LINE('',#1564,#1565);
#1564 = CARTESIAN_POINT('',(45.5,29.763019905085,18.420746278989));
#1565 = VECTOR('',#1566,1.);
#1566 = DIRECTION('',(0.,-0.707106781187,0.707106781187));
#1567 = PCURVE('',#295,#1568);
#1568 = DEFINITIONAL_REPRESENTATION('',(#1569),#1573);
#1569 = LINE('',#1570,#1571);
#1570 = CARTESIAN_POINT('',(2.101496376722,-4.897631498866));
#1571 = VECTOR('',#1572,1.);
#1572 = DIRECTION('',(0.707106781187,-0.707106781187));
#1573 = ( GEOMETRIC_REPRESENTATION_CONTEXT(2) 
PARAMETRIC_REPRESENTATION_CONTEXT() REPRESENTATION_CONTEXT('2D SPACE',''
  ) );
#1574 = PCURVE('',#839,#1575);
#1575 = DEFINITIONAL_REPRESENTATION('',(#1576),#1580);
#1576 = LINE('',#1577,#1578);
#1577 = CARTESIAN_POINT('',(4.94913078322,41.5));
#1578 = VECTOR('',#1579,1.);
#1579 = DIRECTION('',(-1.,0.));
#1580 = ( GEOMETRIC_REPRESENTATION_CONTEXT(2) 
PARAMETRIC_REPRESENTATION_CONTEXT() REPRESENTATION_CONTEXT('2D SPACE',''
  ) );
#1581 = ORIENTED_EDGE('',*,*,#1582,.T.);
#1582 = EDGE_CURVE('',#1560,#1583,#1585,.T.);
#1583 = VERTEX_POINT('',#1584);
#1584 = CARTESIAN_POINT('',(45.5,15.656854249492,11.313708498985));
#1585 = SURFACE_CURVE('',#1586,(#1590,#1597),.PCURVE_S1.);
#1586 = LINE('',#1587,#1588);
#1587 = CARTESIAN_POINT('',(45.5,26.962489747827,22.619343997319));
#1588 = VECTOR('',#1589,1.);
#1589 = DIRECTION('',(0.,-0.707106781187,-0.707106781187));
#1590 = PCURVE('',#295,#1591);
#1591 = DEFINITIONAL_REPRESENTATION('',(#1592),#1596);
#1592 = LINE('',#1593,#1594);
#1593 = CARTESIAN_POINT('',(6.300094095052,-7.698161656125));
#1594 = VECTOR('',#1595,1.);
#1595 = DIRECTION('',(-0.707106781187,-0.707106781187));
#1596 = ( GEOMETRIC_REPRESENTATION_CONTEXT(2) 
PARAMETRIC_REPRESENTATION_CONTEXT() REPRESENTATION_CONTEXT('2D SPACE',''
  ) );
#1597 = PCURVE('',#1304,#1598);
#1598 = DEFINITIONAL_REPRESENTATION('',(#1599),#1603);
#1599 = LINE('',#1600,#1601);
#1600 = CARTESIAN_POINT('',(41.5,-0.988583052991));
#1601 = VECTOR('',#1602,1.);
#1602 = DIRECTION('',(0.,1.));
#1603 = ( GEOMETRIC_REPRESENTATION_CONTEXT(2) 
PARAMETRIC_REPRESENTATION_CONTEXT() REPRESENTATION_CONTEXT('2D SPACE',''
  ) );
#1604 = ORIENTED_EDGE('',*,*,#1605,.F.);
#1605 = EDGE_CURVE('',#1606,#1583,#1608,.T.);
#1606 = VERTEX_POINT('',#1607);
#1607 = CARTESIAN_POINT('',(45.5,12.12132034356,14.849242404918));
#1608 = SURFACE_CURVE('',#1609,(#1613,#1620),.PCURVE_S1.);
#1609 = LINE('',#1610,#1611);
#1610 = CARTESIAN_POINT('',(45.5,17.38865123432,9.581911514157));
#1611 = VECTOR('',#1612,1.);
#1612 = DIRECTION('',(0.,0.707106781187,-0.707106781187));
#1613 = PCURVE('',#295,#1614);
#1614 = DEFINITIONAL_REPRESENTATION('',(#1615),#1619);
#1615 = LINE('',#1616,#1617);
#1616 = CARTESIAN_POINT('',(-6.73733838811,-17.27200016963));
#1617 = VECTOR('',#1618,1.);
#1618 = DIRECTION('',(-0.707106781187,0.707106781187));
#1619 = ( GEOMETRIC_REPRESENTATION_CONTEXT(2) 
PARAMETRIC_REPRESENTATION_CONTEXT() REPRESENTATION_CONTEXT('2D SPACE',''
  ) );
#1620 = PCURVE('',#1621,#1626);
#1621 = PLANE('',#1622);
#1622 = AXIS2_PLACEMENT_3D('',#1623,#1624,#1625);
#1623 = CARTESIAN_POINT('',(6.,12.12132034356,14.849242404917));
#1624 = DIRECTION('',(0.,-0.707106781187,-0.707106781187));
#1625 = DIRECTION('',(1.,0.,0.));
#1626 = DEFINITIONAL_REPRESENTATION('',(#1627),#1631);
#1627 = LINE('',#1628,#1629);
#1628 = CARTESIAN_POINT('',(39.5,-7.44913078322));
#1629 = VECTOR('',#1630,1.);
#1630 = DIRECTION('',(0.,-1.));
#1631 = ( GEOMETRIC_REPRESENTATION_CONTEXT(2) 
PARAMETRIC_REPRESENTATION_CONTEXT() REPRESENTATION_CONTEXT('2D SPACE',''
  ) );
#1632 = ORIENTED_EDGE('',*,*,#1633,.F.);
#1633 = EDGE_CURVE('',#1634,#1606,#1636,.T.);
#1634 = VERTEX_POINT('',#1635);
#1635 = CARTESIAN_POINT('',(45.5,2.928932188135,5.656854249492));
#1636 = SURFACE_CURVE('',#1637,(#1641,#1648),.PCURVE_S1.);
#1637 = LINE('',#1638,#1639);
#1638 = CARTESIAN_POINT('',(45.5,15.295227858249,18.023149919607));
#1639 = VECTOR('',#1640,1.);
#1640 = DIRECTION('',(0.,0.707106781187,0.707106781187));
#1641 = PCURVE('',#295,#1642);
#1642 = DEFINITIONAL_REPRESENTATION('',(#1643),#1647);
#1643 = LINE('',#1644,#1645);
#1644 = CARTESIAN_POINT('',(1.70390001734,-19.3654235457));
#1645 = VECTOR('',#1646,1.);
#1646 = DIRECTION('',(0.707106781187,0.707106781187));
#1647 = ( GEOMETRIC_REPRESENTATION_CONTEXT(2) 
PARAMETRIC_REPRESENTATION_CONTEXT() REPRESENTATION_CONTEXT('2D SPACE',''
  ) );
#1648 = PCURVE('',#1360,#1649);
#1649 = DEFINITIONAL_REPRESENTATION('',(#1650),#1654);
#1650 = LINE('',#1651,#1652);
#1651 = CARTESIAN_POINT('',(18.5,-12.48858305299));
#1652 = VECTOR('',#1653,1.);
#1653 = DIRECTION('',(0.,-1.));
#1654 = ( GEOMETRIC_REPRESENTATION_CONTEXT(2) 
PARAMETRIC_REPRESENTATION_CONTEXT() REPRESENTATION_CONTEXT('2D SPACE',''
  ) );
#1655 = ORIENTED_EDGE('',*,*,#1656,.T.);
#1656 = EDGE_CURVE('',#1634,#1657,#1659,.T.);
#1657 = VERTEX_POINT('',#1658);
#1658 = CARTESIAN_POINT('',(45.5,0.,5.656854249492));
#1659 = SURFACE_CURVE('',#1660,(#1664,#1671),.PCURVE_S1.);
#1660 = LINE('',#1661,#1662);
#1661 = CARTESIAN_POINT('',(45.5,76.,5.656854249492));
#1662 = VECTOR('',#1663,1.);
#1663 = DIRECTION('',(0.,-1.,1.224646799147E-16));
#1664 = PCURVE('',#295,#1665);
#1665 = DEFINITIONAL_REPRESENTATION('',(#1666),#1670);
#1666 = LINE('',#1667,#1668);
#1667 = CARTESIAN_POINT('',(-10.66239565277,41.339348596049));
#1668 = VECTOR('',#1669,1.);
#1669 = DIRECTION('',(0.,-1.));
#1670 = ( GEOMETRIC_REPRESENTATION_CONTEXT(2) 
PARAMETRIC_REPRESENTATION_CONTEXT() REPRESENTATION_CONTEXT('2D SPACE',''
  ) );
#1671 = PCURVE('',#1672,#1677);
#1672 = PLANE('',#1673);
#1673 = AXIS2_PLACEMENT_3D('',#1674,#1675,#1676);
#1674 = CARTESIAN_POINT('',(41.5,76.,5.656854249492));
#1675 = DIRECTION('',(0.,-1.224646799147E-16,-1.));
#1676 = DIRECTION('',(0.,-1.,1.224646799147E-16));
#1677 = DEFINITIONAL_REPRESENTATION('',(#1678),#1682);
#1678 = LINE('',#1679,#1680);
#1679 = CARTESIAN_POINT('',(0.,-4.));
#1680 = VECTOR('',#1681,1.);
#1681 = DIRECTION('',(1.,0.));
#1682 = ( GEOMETRIC_REPRESENTATION_CONTEXT(2) 
PARAMETRIC_REPRESENTATION_CONTEXT() REPRESENTATION_CONTEXT('2D SPACE',''
  ) );
#1683 = ORIENTED_EDGE('',*,*,#1684,.T.);
#1684 = EDGE_CURVE('',#1657,#1685,#1687,.T.);
#1685 = VERTEX_POINT('',#1686);
#1686 = CARTESIAN_POINT('',(45.5,0.,30.656854249492));
#1687 = SURFACE_CURVE('',#1688,(#1692,#1699),.PCURVE_S1.);
#1688 = LINE('',#1689,#1690);
#1689 = CARTESIAN_POINT('',(45.5,0.,5.656854249492));
#1690 = VECTOR('',#1691,1.);
#1691 = DIRECTION('',(0.,1.224646799147E-16,1.));
#1692 = PCURVE('',#295,#1693);
#1693 = DEFINITIONAL_REPRESENTATION('',(#1694),#1698);
#1694 = LINE('',#1695,#1696);
#1695 = CARTESIAN_POINT('',(-10.66239565277,-34.66065140395));
#1696 = VECTOR('',#1697,1.);
#1697 = DIRECTION('',(1.,0.));
#1698 = ( GEOMETRIC_REPRESENTATION_CONTEXT(2) 
PARAMETRIC_REPRESENTATION_CONTEXT() REPRESENTATION_CONTEXT('2D SPACE',''
  ) );
#1699 = PCURVE('',#1700,#1705);
#1700 = PLANE('',#1701);
#1701 = AXIS2_PLACEMENT_3D('',#1702,#1703,#1704);
#1702 = CARTESIAN_POINT('',(41.5,0.,5.656854249492));
#1703 = DIRECTION('',(0.,-1.,1.224646799147E-16));
#1704 = DIRECTION('',(0.,1.224646799147E-16,1.));
#1705 = DEFINITIONAL_REPRESENTATION('',(#1706),#1710);
#1706 = LINE('',#1707,#1708);
#1707 = CARTESIAN_POINT('',(0.,-4.));
#1708 = VECTOR('',#1709,1.);
#1709 = DIRECTION('',(1.,0.));
#1710 = ( GEOMETRIC_REPRESENTATION_CONTEXT(2) 
PARAMETRIC_REPRESENTATION_CONTEXT() REPRESENTATION_CONTEXT('2D SPACE',''
  ) );
#1711 = ORIENTED_EDGE('',*,*,#1712,.T.);
#1712 = EDGE_CURVE('',#1685,#1534,#1713,.T.);
#1713 = SURFACE_CURVE('',#1714,(#1718,#1725),.PCURVE_S1.);
#1714 = LINE('',#1715,#1716);
#1715 = CARTESIAN_POINT('',(45.5,0.,30.656854249492));
#1716 = VECTOR('',#1717,1.);
#1717 = DIRECTION('',(0.,1.,-1.224646799147E-16));
#1718 = PCURVE('',#295,#1719);
#1719 = DEFINITIONAL_REPRESENTATION('',(#1720),#1724);
#1720 = LINE('',#1721,#1722);
#1721 = CARTESIAN_POINT('',(14.337604347225,-34.66065140395));
#1722 = VECTOR('',#1723,1.);
#1723 = DIRECTION('',(0.,1.));
#1724 = ( GEOMETRIC_REPRESENTATION_CONTEXT(2) 
PARAMETRIC_REPRESENTATION_CONTEXT() REPRESENTATION_CONTEXT('2D SPACE',''
  ) );
#1725 = PCURVE('',#1726,#1731);
#1726 = PLANE('',#1727);
#1727 = AXIS2_PLACEMENT_3D('',#1728,#1729,#1730);
#1728 = CARTESIAN_POINT('',(41.5,0.,30.656854249492));
#1729 = DIRECTION('',(0.,1.224646799147E-16,1.));
#1730 = DIRECTION('',(0.,1.,-1.224646799147E-16));
#1731 = DEFINITIONAL_REPRESENTATION('',(#1732),#1736);
#1732 = LINE('',#1733,#1734);
#1733 = CARTESIAN_POINT('',(0.,-4.));
#1734 = VECTOR('',#1735,1.);
#1735 = DIRECTION('',(1.,0.));
#1736 = ( GEOMETRIC_REPRESENTATION_CONTEXT(2) 
PARAMETRIC_REPRESENTATION_CONTEXT() REPRESENTATION_CONTEXT('2D SPACE',''
  ) );
#1737 = ADVANCED_FACE('',(#1738),#407,.F.);
#1738 = FACE_BOUND('',#1739,.F.);
#1739 = EDGE_LOOP('',(#1740,#1741,#1742,#1763,#1764,#1787,#1810,#1838,
    #1861,#1884,#1907));
#1740 = ORIENTED_EDGE('',*,*,#1507,.T.);
#1741 = ORIENTED_EDGE('',*,*,#391,.F.);
#1742 = ORIENTED_EDGE('',*,*,#1743,.F.);
#1743 = EDGE_CURVE('',#875,#364,#1744,.T.);
#1744 = SURFACE_CURVE('',#1745,(#1749,#1756),.PCURVE_S1.);
#1745 = LINE('',#1746,#1747);
#1746 = CARTESIAN_POINT('',(12.5,71.,13.48805207588));
#1747 = VECTOR('',#1748,1.);
#1748 = DIRECTION('',(0.,1.224646799147E-16,1.));
#1749 = PCURVE('',#407,#1750);
#1750 = DEFINITIONAL_REPRESENTATION('',(#1751),#1755);
#1751 = LINE('',#1752,#1753);
#1752 = CARTESIAN_POINT('',(-2.831197826387,36.339348596049));
#1753 = VECTOR('',#1754,1.);
#1754 = DIRECTION('',(1.,0.));
#1755 = ( GEOMETRIC_REPRESENTATION_CONTEXT(2) 
PARAMETRIC_REPRESENTATION_CONTEXT() REPRESENTATION_CONTEXT('2D SPACE',''
  ) );
#1756 = PCURVE('',#379,#1757);
#1757 = DEFINITIONAL_REPRESENTATION('',(#1758),#1762);
#1758 = LINE('',#1759,#1760);
#1759 = CARTESIAN_POINT('',(41.5,2.831197826387));
#1760 = VECTOR('',#1761,1.);
#1761 = DIRECTION('',(0.,1.));
#1762 = ( GEOMETRIC_REPRESENTATION_CONTEXT(2) 
PARAMETRIC_REPRESENTATION_CONTEXT() REPRESENTATION_CONTEXT('2D SPACE',''
  ) );
#1763 = ORIENTED_EDGE('',*,*,#897,.T.);
#1764 = ORIENTED_EDGE('',*,*,#1765,.T.);
#1765 = EDGE_CURVE('',#898,#1766,#1768,.T.);
#1766 = VERTEX_POINT('',#1767);
#1767 = CARTESIAN_POINT('',(12.5,26.263455967291,21.920310216783));
#1768 = SURFACE_CURVE('',#1769,(#1773,#1780),.PCURVE_S1.);
#1769 = LINE('',#1770,#1771);
#1770 = CARTESIAN_POINT('',(12.5,29.763019905085,18.420746278989));
#1771 = VECTOR('',#1772,1.);
#1772 = DIRECTION('',(0.,-0.707106781187,0.707106781187));
#1773 = PCURVE('',#407,#1774);
#1774 = DEFINITIONAL_REPRESENTATION('',(#1775),#1779);
#1775 = LINE('',#1776,#1777);
#1776 = CARTESIAN_POINT('',(2.101496376722,-4.897631498866));
#1777 = VECTOR('',#1778,1.);
#1778 = DIRECTION('',(0.707106781187,-0.707106781187));
#1779 = ( GEOMETRIC_REPRESENTATION_CONTEXT(2) 
PARAMETRIC_REPRESENTATION_CONTEXT() REPRESENTATION_CONTEXT('2D SPACE',''
  ) );
#1780 = PCURVE('',#936,#1781);
#1781 = DEFINITIONAL_REPRESENTATION('',(#1782),#1786);
#1782 = LINE('',#1783,#1784);
#1783 = CARTESIAN_POINT('',(4.94913078322,8.5));
#1784 = VECTOR('',#1785,1.);
#1785 = DIRECTION('',(-1.,0.));
#1786 = ( GEOMETRIC_REPRESENTATION_CONTEXT(2) 
PARAMETRIC_REPRESENTATION_CONTEXT() REPRESENTATION_CONTEXT('2D SPACE',''
  ) );
#1787 = ORIENTED_EDGE('',*,*,#1788,.T.);
#1788 = EDGE_CURVE('',#1766,#1789,#1791,.T.);
#1789 = VERTEX_POINT('',#1790);
#1790 = CARTESIAN_POINT('',(12.5,15.656854249492,11.313708498985));
#1791 = SURFACE_CURVE('',#1792,(#1796,#1803),.PCURVE_S1.);
#1792 = LINE('',#1793,#1794);
#1793 = CARTESIAN_POINT('',(12.5,26.962489747827,22.619343997319));
#1794 = VECTOR('',#1795,1.);
#1795 = DIRECTION('',(0.,-0.707106781187,-0.707106781187));
#1796 = PCURVE('',#407,#1797);
#1797 = DEFINITIONAL_REPRESENTATION('',(#1798),#1802);
#1798 = LINE('',#1799,#1800);
#1799 = CARTESIAN_POINT('',(6.300094095052,-7.698161656125));
#1800 = VECTOR('',#1801,1.);
#1801 = DIRECTION('',(-0.707106781187,-0.707106781187));
#1802 = ( GEOMETRIC_REPRESENTATION_CONTEXT(2) 
PARAMETRIC_REPRESENTATION_CONTEXT() REPRESENTATION_CONTEXT('2D SPACE',''
  ) );
#1803 = PCURVE('',#1304,#1804);
#1804 = DEFINITIONAL_REPRESENTATION('',(#1805),#1809);
#1805 = LINE('',#1806,#1807);
#1806 = CARTESIAN_POINT('',(8.5,-0.988583052991));
#1807 = VECTOR('',#1808,1.);
#1808 = DIRECTION('',(0.,1.));
#1809 = ( GEOMETRIC_REPRESENTATION_CONTEXT(2) 
PARAMETRIC_REPRESENTATION_CONTEXT() REPRESENTATION_CONTEXT('2D SPACE',''
  ) );
#1810 = ORIENTED_EDGE('',*,*,#1811,.F.);
#1811 = EDGE_CURVE('',#1812,#1789,#1814,.T.);
#1812 = VERTEX_POINT('',#1813);
#1813 = CARTESIAN_POINT('',(12.5,12.12132034356,14.849242404918));
#1814 = SURFACE_CURVE('',#1815,(#1819,#1826),.PCURVE_S1.);
#1815 = LINE('',#1816,#1817);
#1816 = CARTESIAN_POINT('',(12.5,17.38865123432,9.581911514157));
#1817 = VECTOR('',#1818,1.);
#1818 = DIRECTION('',(0.,0.707106781187,-0.707106781187));
#1819 = PCURVE('',#407,#1820);
#1820 = DEFINITIONAL_REPRESENTATION('',(#1821),#1825);
#1821 = LINE('',#1822,#1823);
#1822 = CARTESIAN_POINT('',(-6.73733838811,-17.27200016963));
#1823 = VECTOR('',#1824,1.);
#1824 = DIRECTION('',(-0.707106781187,0.707106781187));
#1825 = ( GEOMETRIC_REPRESENTATION_CONTEXT(2) 
PARAMETRIC_REPRESENTATION_CONTEXT() REPRESENTATION_CONTEXT('2D SPACE',''
  ) );
#1826 = PCURVE('',#1827,#1832);
#1827 = PLANE('',#1828);
#1828 = AXIS2_PLACEMENT_3D('',#1829,#1830,#1831);
#1829 = CARTESIAN_POINT('',(6.,12.12132034356,14.849242404917));
#1830 = DIRECTION('',(0.,-0.707106781187,-0.707106781187));
#1831 = DIRECTION('',(1.,0.,0.));
#1832 = DEFINITIONAL_REPRESENTATION('',(#1833),#1837);
#1833 = LINE('',#1834,#1835);
#1834 = CARTESIAN_POINT('',(6.5,-7.44913078322));
#1835 = VECTOR('',#1836,1.);
#1836 = DIRECTION('',(0.,-1.));
#1837 = ( GEOMETRIC_REPRESENTATION_CONTEXT(2) 
PARAMETRIC_REPRESENTATION_CONTEXT() REPRESENTATION_CONTEXT('2D SPACE',''
  ) );
#1838 = ORIENTED_EDGE('',*,*,#1839,.F.);
#1839 = EDGE_CURVE('',#1840,#1812,#1842,.T.);
#1840 = VERTEX_POINT('',#1841);
#1841 = CARTESIAN_POINT('',(12.5,2.928932188135,5.656854249492));
#1842 = SURFACE_CURVE('',#1843,(#1847,#1854),.PCURVE_S1.);
#1843 = LINE('',#1844,#1845);
#1844 = CARTESIAN_POINT('',(12.5,15.295227858249,18.023149919607));
#1845 = VECTOR('',#1846,1.);
#1846 = DIRECTION('',(0.,0.707106781187,0.707106781187));
#1847 = PCURVE('',#407,#1848);
#1848 = DEFINITIONAL_REPRESENTATION('',(#1849),#1853);
#1849 = LINE('',#1850,#1851);
#1850 = CARTESIAN_POINT('',(1.70390001734,-19.3654235457));
#1851 = VECTOR('',#1852,1.);
#1852 = DIRECTION('',(0.707106781187,0.707106781187));
#1853 = ( GEOMETRIC_REPRESENTATION_CONTEXT(2) 
PARAMETRIC_REPRESENTATION_CONTEXT() REPRESENTATION_CONTEXT('2D SPACE',''
  ) );
#1854 = PCURVE('',#1360,#1855);
#1855 = DEFINITIONAL_REPRESENTATION('',(#1856),#1860);
#1856 = LINE('',#1857,#1858);
#1857 = CARTESIAN_POINT('',(-14.5,-12.48858305299));
#1858 = VECTOR('',#1859,1.);
#1859 = DIRECTION('',(0.,-1.));
#1860 = ( GEOMETRIC_REPRESENTATION_CONTEXT(2) 
PARAMETRIC_REPRESENTATION_CONTEXT() REPRESENTATION_CONTEXT('2D SPACE',''
  ) );
#1861 = ORIENTED_EDGE('',*,*,#1862,.T.);
#1862 = EDGE_CURVE('',#1840,#1863,#1865,.T.);
#1863 = VERTEX_POINT('',#1864);
#1864 = CARTESIAN_POINT('',(12.5,0.,5.656854249492));
#1865 = SURFACE_CURVE('',#1866,(#1870,#1877),.PCURVE_S1.);
#1866 = LINE('',#1867,#1868);
#1867 = CARTESIAN_POINT('',(12.5,76.,5.656854249492));
#1868 = VECTOR('',#1869,1.);
#1869 = DIRECTION('',(0.,-1.,1.224646799147E-16));
#1870 = PCURVE('',#407,#1871);
#1871 = DEFINITIONAL_REPRESENTATION('',(#1872),#1876);
#1872 = LINE('',#1873,#1874);
#1873 = CARTESIAN_POINT('',(-10.66239565277,41.339348596049));
#1874 = VECTOR('',#1875,1.);
#1875 = DIRECTION('',(0.,-1.));
#1876 = ( GEOMETRIC_REPRESENTATION_CONTEXT(2) 
PARAMETRIC_REPRESENTATION_CONTEXT() REPRESENTATION_CONTEXT('2D SPACE',''
  ) );
#1877 = PCURVE('',#1388,#1878);
#1878 = DEFINITIONAL_REPRESENTATION('',(#1879),#1883);
#1879 = LINE('',#1880,#1881);
#1880 = CARTESIAN_POINT('',(0.,-4.));
#1881 = VECTOR('',#1882,1.);
#1882 = DIRECTION('',(1.,0.));
#1883 = ( GEOMETRIC_REPRESENTATION_CONTEXT(2) 
PARAMETRIC_REPRESENTATION_CONTEXT() REPRESENTATION_CONTEXT('2D SPACE',''
  ) );
#1884 = ORIENTED_EDGE('',*,*,#1885,.T.);
#1885 = EDGE_CURVE('',#1863,#1886,#1888,.T.);
#1886 = VERTEX_POINT('',#1887);
#1887 = CARTESIAN_POINT('',(12.5,0.,30.656854249492));
#1888 = SURFACE_CURVE('',#1889,(#1893,#1900),.PCURVE_S1.);
#1889 = LINE('',#1890,#1891);
#1890 = CARTESIAN_POINT('',(12.5,0.,5.656854249492));
#1891 = VECTOR('',#1892,1.);
#1892 = DIRECTION('',(0.,1.224646799147E-16,1.));
#1893 = PCURVE('',#407,#1894);
#1894 = DEFINITIONAL_REPRESENTATION('',(#1895),#1899);
#1895 = LINE('',#1896,#1897);
#1896 = CARTESIAN_POINT('',(-10.66239565277,-34.66065140395));
#1897 = VECTOR('',#1898,1.);
#1898 = DIRECTION('',(1.,0.));
#1899 = ( GEOMETRIC_REPRESENTATION_CONTEXT(2) 
PARAMETRIC_REPRESENTATION_CONTEXT() REPRESENTATION_CONTEXT('2D SPACE',''
  ) );
#1900 = PCURVE('',#1416,#1901);
#1901 = DEFINITIONAL_REPRESENTATION('',(#1902),#1906);
#1902 = LINE('',#1903,#1904);
#1903 = CARTESIAN_POINT('',(0.,-4.));
#1904 = VECTOR('',#1905,1.);
#1905 = DIRECTION('',(1.,0.));
#1906 = ( GEOMETRIC_REPRESENTATION_CONTEXT(2) 
PARAMETRIC_REPRESENTATION_CONTEXT() REPRESENTATION_CONTEXT('2D SPACE',''
  ) );
#1907 = ORIENTED_EDGE('',*,*,#1908,.T.);
#1908 = EDGE_CURVE('',#1886,#1485,#1909,.T.);
#1909 = SURFACE_CURVE('',#1910,(#1914,#1921),.PCURVE_S1.);
#1910 = LINE('',#1911,#1912);
#1911 = CARTESIAN_POINT('',(12.5,0.,30.656854249492));
#1912 = VECTOR('',#1913,1.);
#1913 = DIRECTION('',(0.,1.,-1.224646799147E-16));
#1914 = PCURVE('',#407,#1915);
#1915 = DEFINITIONAL_REPRESENTATION('',(#1916),#1920);
#1916 = LINE('',#1917,#1918);
#1917 = CARTESIAN_POINT('',(14.337604347225,-34.66065140395));
#1918 = VECTOR('',#1919,1.);
#1919 = DIRECTION('',(0.,1.));
#1920 = ( GEOMETRIC_REPRESENTATION_CONTEXT(2) 
PARAMETRIC_REPRESENTATION_CONTEXT() REPRESENTATION_CONTEXT('2D SPACE',''
  ) );
#1921 = PCURVE('',#1442,#1922);
#1922 = DEFINITIONAL_REPRESENTATION('',(#1923),#1927);
#1923 = LINE('',#1924,#1925);
#1924 = CARTESIAN_POINT('',(0.,-4.));
#1925 = VECTOR('',#1926,1.);
#1926 = DIRECTION('',(1.,0.));
#1927 = ( GEOMETRIC_REPRESENTATION_CONTEXT(2) 
PARAMETRIC_REPRESENTATION_CONTEXT() REPRESENTATION_CONTEXT('2D SPACE',''
  ) );
#1928 = ADVANCED_FACE('',(#1929),#323,.T.);
#1929 = FACE_BOUND('',#1930,.T.);
#1930 = EDGE_LOOP('',(#1931,#1954,#1955,#1956));
#1931 = ORIENTED_EDGE('',*,*,#1932,.T.);
#1932 = EDGE_CURVE('',#1933,#1534,#1935,.T.);
#1933 = VERTEX_POINT('',#1934);
#1934 = CARTESIAN_POINT('',(41.5,45.,30.656854249492));
#1935 = SURFACE_CURVE('',#1936,(#1940,#1947),.PCURVE_S1.);
#1936 = LINE('',#1937,#1938);
#1937 = CARTESIAN_POINT('',(41.5,45.,30.656854249492));
#1938 = VECTOR('',#1939,1.);
#1939 = DIRECTION('',(1.,0.,0.));
#1940 = PCURVE('',#323,#1941);
#1941 = DEFINITIONAL_REPRESENTATION('',(#1942),#1946);
#1942 = LINE('',#1943,#1944);
#1943 = CARTESIAN_POINT('',(0.,0.));
#1944 = VECTOR('',#1945,1.);
#1945 = DIRECTION('',(0.,-1.));
#1946 = ( GEOMETRIC_REPRESENTATION_CONTEXT(2) 
PARAMETRIC_REPRESENTATION_CONTEXT() REPRESENTATION_CONTEXT('2D SPACE',''
  ) );
#1947 = PCURVE('',#1726,#1948);
#1948 = DEFINITIONAL_REPRESENTATION('',(#1949),#1953);
#1949 = LINE('',#1950,#1951);
#1950 = CARTESIAN_POINT('',(45.,0.));
#1951 = VECTOR('',#1952,1.);
#1952 = DIRECTION('',(0.,-1.));
#1953 = ( GEOMETRIC_REPRESENTATION_CONTEXT(2) 
PARAMETRIC_REPRESENTATION_CONTEXT() REPRESENTATION_CONTEXT('2D SPACE',''
  ) );
#1954 = ORIENTED_EDGE('',*,*,#1533,.T.);
#1955 = ORIENTED_EDGE('',*,*,#307,.F.);
#1956 = ORIENTED_EDGE('',*,*,#1957,.F.);
#1957 = EDGE_CURVE('',#1933,#308,#1958,.T.);
#1958 = SURFACE_CURVE('',#1959,(#1963,#1970),.PCURVE_S1.);
#1959 = LINE('',#1960,#1961);
#1960 = CARTESIAN_POINT('',(41.5,45.,30.656854249492));
#1961 = VECTOR('',#1962,1.);
#1962 = DIRECTION('',(0.,0.840296648224,-0.542126869822));
#1963 = PCURVE('',#323,#1964);
#1964 = DEFINITIONAL_REPRESENTATION('',(#1965),#1969);
#1965 = LINE('',#1966,#1967);
#1966 = CARTESIAN_POINT('',(0.,0.));
#1967 = VECTOR('',#1968,1.);
#1968 = DIRECTION('',(1.,0.));
#1969 = ( GEOMETRIC_REPRESENTATION_CONTEXT(2) 
PARAMETRIC_REPRESENTATION_CONTEXT() REPRESENTATION_CONTEXT('2D SPACE',''
  ) );
#1970 = PCURVE('',#351,#1971);
#1971 = DEFINITIONAL_REPRESENTATION('',(#1972),#1976);
#1972 = LINE('',#1973,#1974);
#1973 = CARTESIAN_POINT('',(14.337604347225,10.339348596049));
#1974 = VECTOR('',#1975,1.);
#1975 = DIRECTION('',(-0.542126869822,0.840296648224));
#1976 = ( GEOMETRIC_REPRESENTATION_CONTEXT(2) 
PARAMETRIC_REPRESENTATION_CONTEXT() REPRESENTATION_CONTEXT('2D SPACE',''
  ) );
#1977 = ADVANCED_FACE('',(#1978),#379,.F.);
#1978 = FACE_BOUND('',#1979,.F.);
#1979 = EDGE_LOOP('',(#1980,#1981,#2002,#2003));
#1980 = ORIENTED_EDGE('',*,*,#363,.F.);
#1981 = ORIENTED_EDGE('',*,*,#1982,.F.);
#1982 = EDGE_CURVE('',#852,#336,#1983,.T.);
#1983 = SURFACE_CURVE('',#1984,(#1988,#1995),.PCURVE_S1.);
#1984 = LINE('',#1985,#1986);
#1985 = CARTESIAN_POINT('',(41.5,71.,13.48805207588));
#1986 = VECTOR('',#1987,1.);
#1987 = DIRECTION('',(0.,1.224646799147E-16,1.));
#1988 = PCURVE('',#379,#1989);
#1989 = DEFINITIONAL_REPRESENTATION('',(#1990),#1994);
#1990 = LINE('',#1991,#1992);
#1991 = CARTESIAN_POINT('',(12.5,2.831197826387));
#1992 = VECTOR('',#1993,1.);
#1993 = DIRECTION('',(0.,1.));
#1994 = ( GEOMETRIC_REPRESENTATION_CONTEXT(2) 
PARAMETRIC_REPRESENTATION_CONTEXT() REPRESENTATION_CONTEXT('2D SPACE',''
  ) );
#1995 = PCURVE('',#351,#1996);
#1996 = DEFINITIONAL_REPRESENTATION('',(#1997),#2001);
#1997 = LINE('',#1998,#1999);
#1998 = CARTESIAN_POINT('',(-2.831197826387,36.339348596049));
#1999 = VECTOR('',#2000,1.);
#2000 = DIRECTION('',(1.,0.));
#2001 = ( GEOMETRIC_REPRESENTATION_CONTEXT(2) 
PARAMETRIC_REPRESENTATION_CONTEXT() REPRESENTATION_CONTEXT('2D SPACE',''
  ) );
#2002 = ORIENTED_EDGE('',*,*,#874,.T.);
#2003 = ORIENTED_EDGE('',*,*,#1743,.T.);
#2004 = ADVANCED_FACE('',(#2005),#351,.T.);
#2005 = FACE_BOUND('',#2006,.T.);
#2006 = EDGE_LOOP('',(#2007,#2008,#2009,#2010,#2011,#2034,#2057,#2080,
    #2103,#2126,#2149));
#2007 = ORIENTED_EDGE('',*,*,#1957,.T.);
#2008 = ORIENTED_EDGE('',*,*,#335,.F.);
#2009 = ORIENTED_EDGE('',*,*,#1982,.F.);
#2010 = ORIENTED_EDGE('',*,*,#851,.T.);
#2011 = ORIENTED_EDGE('',*,*,#2012,.T.);
#2012 = EDGE_CURVE('',#824,#2013,#2015,.T.);
#2013 = VERTEX_POINT('',#2014);
#2014 = CARTESIAN_POINT('',(41.5,26.263455967291,21.920310216783));
#2015 = SURFACE_CURVE('',#2016,(#2020,#2027),.PCURVE_S1.);
#2016 = LINE('',#2017,#2018);
#2017 = CARTESIAN_POINT('',(41.5,29.763019905085,18.420746278989));
#2018 = VECTOR('',#2019,1.);
#2019 = DIRECTION('',(0.,-0.707106781187,0.707106781187));
#2020 = PCURVE('',#351,#2021);
#2021 = DEFINITIONAL_REPRESENTATION('',(#2022),#2026);
#2022 = LINE('',#2023,#2024);
#2023 = CARTESIAN_POINT('',(2.101496376722,-4.897631498866));
#2024 = VECTOR('',#2025,1.);
#2025 = DIRECTION('',(0.707106781187,-0.707106781187));
#2026 = ( GEOMETRIC_REPRESENTATION_CONTEXT(2) 
PARAMETRIC_REPRESENTATION_CONTEXT() REPRESENTATION_CONTEXT('2D SPACE',''
  ) );
#2027 = PCURVE('',#839,#2028);
#2028 = DEFINITIONAL_REPRESENTATION('',(#2029),#2033);
#2029 = LINE('',#2030,#2031);
#2030 = CARTESIAN_POINT('',(4.94913078322,37.5));
#2031 = VECTOR('',#2032,1.);
#2032 = DIRECTION('',(-1.,0.));
#2033 = ( GEOMETRIC_REPRESENTATION_CONTEXT(2) 
PARAMETRIC_REPRESENTATION_CONTEXT() REPRESENTATION_CONTEXT('2D SPACE',''
  ) );
#2034 = ORIENTED_EDGE('',*,*,#2035,.T.);
#2035 = EDGE_CURVE('',#2013,#2036,#2038,.T.);
#2036 = VERTEX_POINT('',#2037);
#2037 = CARTESIAN_POINT('',(41.5,15.656854249492,11.313708498985));
#2038 = SURFACE_CURVE('',#2039,(#2043,#2050),.PCURVE_S1.);
#2039 = LINE('',#2040,#2041);
#2040 = CARTESIAN_POINT('',(41.5,26.962489747827,22.619343997319));
#2041 = VECTOR('',#2042,1.);
#2042 = DIRECTION('',(0.,-0.707106781187,-0.707106781187));
#2043 = PCURVE('',#351,#2044);
#2044 = DEFINITIONAL_REPRESENTATION('',(#2045),#2049);
#2045 = LINE('',#2046,#2047);
#2046 = CARTESIAN_POINT('',(6.300094095052,-7.698161656125));
#2047 = VECTOR('',#2048,1.);
#2048 = DIRECTION('',(-0.707106781187,-0.707106781187));
#2049 = ( GEOMETRIC_REPRESENTATION_CONTEXT(2) 
PARAMETRIC_REPRESENTATION_CONTEXT() REPRESENTATION_CONTEXT('2D SPACE',''
  ) );
#2050 = PCURVE('',#1304,#2051);
#2051 = DEFINITIONAL_REPRESENTATION('',(#2052),#2056);
#2052 = LINE('',#2053,#2054);
#2053 = CARTESIAN_POINT('',(37.5,-0.988583052991));
#2054 = VECTOR('',#2055,1.);
#2055 = DIRECTION('',(0.,1.));
#2056 = ( GEOMETRIC_REPRESENTATION_CONTEXT(2) 
PARAMETRIC_REPRESENTATION_CONTEXT() REPRESENTATION_CONTEXT('2D SPACE',''
  ) );
#2057 = ORIENTED_EDGE('',*,*,#2058,.F.);
#2058 = EDGE_CURVE('',#2059,#2036,#2061,.T.);
#2059 = VERTEX_POINT('',#2060);
#2060 = CARTESIAN_POINT('',(41.5,12.12132034356,14.849242404918));
#2061 = SURFACE_CURVE('',#2062,(#2066,#2073),.PCURVE_S1.);
#2062 = LINE('',#2063,#2064);
#2063 = CARTESIAN_POINT('',(41.5,17.38865123432,9.581911514157));
#2064 = VECTOR('',#2065,1.);
#2065 = DIRECTION('',(0.,0.707106781187,-0.707106781187));
#2066 = PCURVE('',#351,#2067);
#2067 = DEFINITIONAL_REPRESENTATION('',(#2068),#2072);
#2068 = LINE('',#2069,#2070);
#2069 = CARTESIAN_POINT('',(-6.73733838811,-17.27200016963));
#2070 = VECTOR('',#2071,1.);
#2071 = DIRECTION('',(-0.707106781187,0.707106781187));
#2072 = ( GEOMETRIC_REPRESENTATION_CONTEXT(2) 
PARAMETRIC_REPRESENTATION_CONTEXT() REPRESENTATION_CONTEXT('2D SPACE',''
  ) );
#2073 = PCURVE('',#1827,#2074);
#2074 = DEFINITIONAL_REPRESENTATION('',(#2075),#2079);
#2075 = LINE('',#2076,#2077);
#2076 = CARTESIAN_POINT('',(35.5,-7.44913078322));
#2077 = VECTOR('',#2078,1.);
#2078 = DIRECTION('',(0.,-1.));
#2079 = ( GEOMETRIC_REPRESENTATION_CONTEXT(2) 
PARAMETRIC_REPRESENTATION_CONTEXT() REPRESENTATION_CONTEXT('2D SPACE',''
  ) );
#2080 = ORIENTED_EDGE('',*,*,#2081,.F.);
#2081 = EDGE_CURVE('',#2082,#2059,#2084,.T.);
#2082 = VERTEX_POINT('',#2083);
#2083 = CARTESIAN_POINT('',(41.5,2.928932188135,5.656854249492));
#2084 = SURFACE_CURVE('',#2085,(#2089,#2096),.PCURVE_S1.);
#2085 = LINE('',#2086,#2087);
#2086 = CARTESIAN_POINT('',(41.5,15.295227858249,18.023149919607));
#2087 = VECTOR('',#2088,1.);
#2088 = DIRECTION('',(0.,0.707106781187,0.707106781187));
#2089 = PCURVE('',#351,#2090);
#2090 = DEFINITIONAL_REPRESENTATION('',(#2091),#2095);
#2091 = LINE('',#2092,#2093);
#2092 = CARTESIAN_POINT('',(1.70390001734,-19.3654235457));
#2093 = VECTOR('',#2094,1.);
#2094 = DIRECTION('',(0.707106781187,0.707106781187));
#2095 = ( GEOMETRIC_REPRESENTATION_CONTEXT(2) 
PARAMETRIC_REPRESENTATION_CONTEXT() REPRESENTATION_CONTEXT('2D SPACE',''
  ) );
#2096 = PCURVE('',#1360,#2097);
#2097 = DEFINITIONAL_REPRESENTATION('',(#2098),#2102);
#2098 = LINE('',#2099,#2100);
#2099 = CARTESIAN_POINT('',(14.5,-12.48858305299));
#2100 = VECTOR('',#2101,1.);
#2101 = DIRECTION('',(0.,-1.));
#2102 = ( GEOMETRIC_REPRESENTATION_CONTEXT(2) 
PARAMETRIC_REPRESENTATION_CONTEXT() REPRESENTATION_CONTEXT('2D SPACE',''
  ) );
#2103 = ORIENTED_EDGE('',*,*,#2104,.T.);
#2104 = EDGE_CURVE('',#2082,#2105,#2107,.T.);
#2105 = VERTEX_POINT('',#2106);
#2106 = CARTESIAN_POINT('',(41.5,0.,5.656854249492));
#2107 = SURFACE_CURVE('',#2108,(#2112,#2119),.PCURVE_S1.);
#2108 = LINE('',#2109,#2110);
#2109 = CARTESIAN_POINT('',(41.5,76.,5.656854249492));
#2110 = VECTOR('',#2111,1.);
#2111 = DIRECTION('',(0.,-1.,1.224646799147E-16));
#2112 = PCURVE('',#351,#2113);
#2113 = DEFINITIONAL_REPRESENTATION('',(#2114),#2118);
#2114 = LINE('',#2115,#2116);
#2115 = CARTESIAN_POINT('',(-10.66239565277,41.339348596049));
#2116 = VECTOR('',#2117,1.);
#2117 = DIRECTION('',(0.,-1.));
#2118 = ( GEOMETRIC_REPRESENTATION_CONTEXT(2) 
PARAMETRIC_REPRESENTATION_CONTEXT() REPRESENTATION_CONTEXT('2D SPACE',''
  ) );
#2119 = PCURVE('',#1672,#2120);
#2120 = DEFINITIONAL_REPRESENTATION('',(#2121),#2125);
#2121 = LINE('',#2122,#2123);
#2122 = CARTESIAN_POINT('',(0.,0.));
#2123 = VECTOR('',#2124,1.);
#2124 = DIRECTION('',(1.,0.));
#2125 = ( GEOMETRIC_REPRESENTATION_CONTEXT(2) 
PARAMETRIC_REPRESENTATION_CONTEXT() REPRESENTATION_CONTEXT('2D SPACE',''
  ) );
#2126 = ORIENTED_EDGE('',*,*,#2127,.T.);
#2127 = EDGE_CURVE('',#2105,#2128,#2130,.T.);
#2128 = VERTEX_POINT('',#2129);
#2129 = CARTESIAN_POINT('',(41.5,0.,30.656854249492));
#2130 = SURFACE_CURVE('',#2131,(#2135,#2142),.PCURVE_S1.);
#2131 = LINE('',#2132,#2133);
#2132 = CARTESIAN_POINT('',(41.5,0.,5.656854249492));
#2133 = VECTOR('',#2134,1.);
#2134 = DIRECTION('',(0.,1.224646799147E-16,1.));
#2135 = PCURVE('',#351,#2136);
#2136 = DEFINITIONAL_REPRESENTATION('',(#2137),#2141);
#2137 = LINE('',#2138,#2139);
#2138 = CARTESIAN_POINT('',(-10.66239565277,-34.66065140395));
#2139 = VECTOR('',#2140,1.);
#2140 = DIRECTION('',(1.,0.));
#2141 = ( GEOMETRIC_REPRESENTATION_CONTEXT(2) 
PARAMETRIC_REPRESENTATION_CONTEXT() REPRESENTATION_CONTEXT('2D SPACE',''
  ) );
#2142 = PCURVE('',#1700,#2143);
#2143 = DEFINITIONAL_REPRESENTATION('',(#2144),#2148);
#2144 = LINE('',#2145,#2146);
#2145 = CARTESIAN_POINT('',(0.,0.));
#2146 = VECTOR('',#2147,1.);
#2147 = DIRECTION('',(1.,0.));
#2148 = ( GEOMETRIC_REPRESENTATION_CONTEXT(2) 
PARAMETRIC_REPRESENTATION_CONTEXT() REPRESENTATION_CONTEXT('2D SPACE',''
  ) );
#2149 = ORIENTED_EDGE('',*,*,#2150,.T.);
#2150 = EDGE_CURVE('',#2128,#1933,#2151,.T.);
#2151 = SURFACE_CURVE('',#2152,(#2156,#2163),.PCURVE_S1.);
#2152 = LINE('',#2153,#2154);
#2153 = CARTESIAN_POINT('',(41.5,0.,30.656854249492));
#2154 = VECTOR('',#2155,1.);
#2155 = DIRECTION('',(0.,1.,-1.224646799147E-16));
#2156 = PCURVE('',#351,#2157);
#2157 = DEFINITIONAL_REPRESENTATION('',(#2158),#2162);
#2158 = LINE('',#2159,#2160);
#2159 = CARTESIAN_POINT('',(14.337604347225,-34.66065140395));
#2160 = VECTOR('',#2161,1.);
#2161 = DIRECTION('',(0.,1.));
#2162 = ( GEOMETRIC_REPRESENTATION_CONTEXT(2) 
PARAMETRIC_REPRESENTATION_CONTEXT() REPRESENTATION_CONTEXT('2D SPACE',''
  ) );
#2163 = PCURVE('',#1726,#2164);
#2164 = DEFINITIONAL_REPRESENTATION('',(#2165),#2169);
#2165 = LINE('',#2166,#2167);
#2166 = CARTESIAN_POINT('',(0.,0.));
#2167 = VECTOR('',#2168,1.);
#2168 = DIRECTION('',(1.,0.));
#2169 = ( GEOMETRIC_REPRESENTATION_CONTEXT(2) 
PARAMETRIC_REPRESENTATION_CONTEXT() REPRESENTATION_CONTEXT('2D SPACE',''
  ) );
#2170 = ADVANCED_FACE('',(#2171),#577,.F.);
#2171 = FACE_BOUND('',#2172,.F.);
#2172 = EDGE_LOOP('',(#2173,#2197,#2218,#2219));
#2173 = ORIENTED_EDGE('',*,*,#2174,.F.);
#2174 = EDGE_CURVE('',#2175,#2175,#2177,.T.);
#2175 = VERTEX_POINT('',#2176);
#2176 = CARTESIAN_POINT('',(8.414601516724,81.,9.156854249492));
#2177 = SURFACE_CURVE('',#2178,(#2183,#2190),.PCURVE_S1.);
#2178 = CIRCLE('',#2179,1.7);
#2179 = AXIS2_PLACEMENT_3D('',#2180,#2181,#2182);
#2180 = CARTESIAN_POINT('',(6.714601516724,81.,9.156854249492));
#2181 = DIRECTION('',(0.,-1.224646799147E-16,-1.));
#2182 = DIRECTION('',(1.,0.,0.));
#2183 = PCURVE('',#577,#2184);
#2184 = DEFINITIONAL_REPRESENTATION('',(#2185),#2189);
#2185 = LINE('',#2186,#2187);
#2186 = CARTESIAN_POINT('',(-0.,-1.5));
#2187 = VECTOR('',#2188,1.);
#2188 = DIRECTION('',(-1.,-0.));
#2189 = ( GEOMETRIC_REPRESENTATION_CONTEXT(2) 
PARAMETRIC_REPRESENTATION_CONTEXT() REPRESENTATION_CONTEXT('2D SPACE',''
  ) );
#2190 = PCURVE('',#1058,#2191);
#2191 = DEFINITIONAL_REPRESENTATION('',(#2192),#2196);
#2192 = LINE('',#2193,#2194);
#2193 = CARTESIAN_POINT('',(0.,2.5));
#2194 = VECTOR('',#2195,1.);
#2195 = DIRECTION('',(1.,0.));
#2196 = ( GEOMETRIC_REPRESENTATION_CONTEXT(2) 
PARAMETRIC_REPRESENTATION_CONTEXT() REPRESENTATION_CONTEXT('2D SPACE',''
  ) );
#2197 = ORIENTED_EDGE('',*,*,#2198,.F.);
#2198 = EDGE_CURVE('',#561,#2175,#2199,.T.);
#2199 = SEAM_CURVE('',#2200,(#2204,#2211),.PCURVE_S1.);
#2200 = LINE('',#2201,#2202);
#2201 = CARTESIAN_POINT('',(9.914601516724,81.,10.656854249492));
#2202 = VECTOR('',#2203,1.);
#2203 = DIRECTION('',(-0.707106781187,-2.597868168706E-16,
    -0.707106781187));
#2204 = PCURVE('',#577,#2205);
#2205 = DEFINITIONAL_REPRESENTATION('',(#2206),#2210);
#2206 = LINE('',#2207,#2208);
#2207 = CARTESIAN_POINT('',(-6.28318530718,0.));
#2208 = VECTOR('',#2209,1.);
#2209 = DIRECTION('',(-0.,-1.));
#2210 = ( GEOMETRIC_REPRESENTATION_CONTEXT(2) 
PARAMETRIC_REPRESENTATION_CONTEXT() REPRESENTATION_CONTEXT('2D SPACE',''
  ) );
#2211 = PCURVE('',#577,#2212);
#2212 = DEFINITIONAL_REPRESENTATION('',(#2213),#2217);
#2213 = LINE('',#2214,#2215);
#2214 = CARTESIAN_POINT('',(0.,-0.));
#2215 = VECTOR('',#2216,1.);
#2216 = DIRECTION('',(-0.,-1.));
#2217 = ( GEOMETRIC_REPRESENTATION_CONTEXT(2) 
PARAMETRIC_REPRESENTATION_CONTEXT() REPRESENTATION_CONTEXT('2D SPACE',''
  ) );
#2218 = ORIENTED_EDGE('',*,*,#560,.T.);
#2219 = ORIENTED_EDGE('',*,*,#2198,.T.);
#2220 = ADVANCED_FACE('',(#2221),#608,.F.);
#2221 = FACE_BOUND('',#2222,.F.);
#2222 = EDGE_LOOP('',(#2223,#2247,#2268,#2269));
#2223 = ORIENTED_EDGE('',*,*,#2224,.F.);
#2224 = EDGE_CURVE('',#2225,#2225,#2227,.T.);
#2225 = VERTEX_POINT('',#2226);
#2226 = CARTESIAN_POINT('',(48.985398483276,81.,9.156854249492));
#2227 = SURFACE_CURVE('',#2228,(#2233,#2240),.PCURVE_S1.);
#2228 = CIRCLE('',#2229,1.7);
#2229 = AXIS2_PLACEMENT_3D('',#2230,#2231,#2232);
#2230 = CARTESIAN_POINT('',(47.285398483276,81.,9.156854249492));
#2231 = DIRECTION('',(0.,-1.224646799147E-16,-1.));
#2232 = DIRECTION('',(1.,0.,0.));
#2233 = PCURVE('',#608,#2234);
#2234 = DEFINITIONAL_REPRESENTATION('',(#2235),#2239);
#2235 = LINE('',#2236,#2237);
#2236 = CARTESIAN_POINT('',(-0.,-1.5));
#2237 = VECTOR('',#2238,1.);
#2238 = DIRECTION('',(-1.,-0.));
#2239 = ( GEOMETRIC_REPRESENTATION_CONTEXT(2) 
PARAMETRIC_REPRESENTATION_CONTEXT() REPRESENTATION_CONTEXT('2D SPACE',''
  ) );
#2240 = PCURVE('',#1089,#2241);
#2241 = DEFINITIONAL_REPRESENTATION('',(#2242),#2246);
#2242 = LINE('',#2243,#2244);
#2243 = CARTESIAN_POINT('',(0.,2.5));
#2244 = VECTOR('',#2245,1.);
#2245 = DIRECTION('',(1.,0.));
#2246 = ( GEOMETRIC_REPRESENTATION_CONTEXT(2) 
PARAMETRIC_REPRESENTATION_CONTEXT() REPRESENTATION_CONTEXT('2D SPACE',''
  ) );
#2247 = ORIENTED_EDGE('',*,*,#2248,.F.);
#2248 = EDGE_CURVE('',#592,#2225,#2249,.T.);
#2249 = SEAM_CURVE('',#2250,(#2254,#2261),.PCURVE_S1.);
#2250 = LINE('',#2251,#2252);
#2251 = CARTESIAN_POINT('',(50.485398483276,81.,10.656854249492));
#2252 = VECTOR('',#2253,1.);
#2253 = DIRECTION('',(-0.707106781187,-2.597868168706E-16,
    -0.707106781187));
#2254 = PCURVE('',#608,#2255);
#2255 = DEFINITIONAL_REPRESENTATION('',(#2256),#2260);
#2256 = LINE('',#2257,#2258);
#2257 = CARTESIAN_POINT('',(-6.28318530718,0.));
#2258 = VECTOR('',#2259,1.);
#2259 = DIRECTION('',(-0.,-1.));
#2260 = ( GEOMETRIC_REPRESENTATION_CONTEXT(2) 
PARAMETRIC_REPRESENTATION_CONTEXT() REPRESENTATION_CONTEXT('2D SPACE',''
  ) );
#2261 = PCURVE('',#608,#2262);
#2262 = DEFINITIONAL_REPRESENTATION('',(#2263),#2267);
#2263 = LINE('',#2264,#2265);
#2264 = CARTESIAN_POINT('',(0.,-0.));
#2265 = VECTOR('',#2266,1.);
#2266 = DIRECTION('',(-0.,-1.));
#2267 = ( GEOMETRIC_REPRESENTATION_CONTEXT(2) 
PARAMETRIC_REPRESENTATION_CONTEXT() REPRESENTATION_CONTEXT('2D SPACE',''
  ) );
#2268 = ORIENTED_EDGE('',*,*,#591,.T.);
#2269 = ORIENTED_EDGE('',*,*,#2248,.T.);
#2270 = ADVANCED_FACE('',(#2271),#936,.T.);
#2271 = FACE_BOUND('',#2272,.T.);
#2272 = EDGE_LOOP('',(#2273,#2294,#2295,#2296));
#2273 = ORIENTED_EDGE('',*,*,#2274,.F.);
#2274 = EDGE_CURVE('',#1266,#1766,#2275,.T.);
#2275 = SURFACE_CURVE('',#2276,(#2280,#2287),.PCURVE_S1.);
#2276 = LINE('',#2277,#2278);
#2277 = CARTESIAN_POINT('',(4.,26.263455967291,21.920310216783));
#2278 = VECTOR('',#2279,1.);
#2279 = DIRECTION('',(1.,0.,0.));
#2280 = PCURVE('',#936,#2281);
#2281 = DEFINITIONAL_REPRESENTATION('',(#2282),#2286);
#2282 = LINE('',#2283,#2284);
#2283 = CARTESIAN_POINT('',(0.,0.));
#2284 = VECTOR('',#2285,1.);
#2285 = DIRECTION('',(0.,1.));
#2286 = ( GEOMETRIC_REPRESENTATION_CONTEXT(2) 
PARAMETRIC_REPRESENTATION_CONTEXT() REPRESENTATION_CONTEXT('2D SPACE',''
  ) );
#2287 = PCURVE('',#1304,#2288);
#2288 = DEFINITIONAL_REPRESENTATION('',(#2289),#2293);
#2289 = LINE('',#2290,#2291);
#2290 = CARTESIAN_POINT('',(0.,5.024295867788E-14));
#2291 = VECTOR('',#2292,1.);
#2292 = DIRECTION('',(1.,0.));
#2293 = ( GEOMETRIC_REPRESENTATION_CONTEXT(2) 
PARAMETRIC_REPRESENTATION_CONTEXT() REPRESENTATION_CONTEXT('2D SPACE',''
  ) );
#2294 = ORIENTED_EDGE('',*,*,#1265,.F.);
#2295 = ORIENTED_EDGE('',*,*,#920,.F.);
#2296 = ORIENTED_EDGE('',*,*,#1765,.T.);
#2297 = ADVANCED_FACE('',(#2298),#839,.T.);
#2298 = FACE_BOUND('',#2299,.T.);
#2299 = EDGE_LOOP('',(#2300,#2321,#2322,#2323));
#2300 = ORIENTED_EDGE('',*,*,#2301,.F.);
#2301 = EDGE_CURVE('',#2013,#1560,#2302,.T.);
#2302 = SURFACE_CURVE('',#2303,(#2307,#2314),.PCURVE_S1.);
#2303 = LINE('',#2304,#2305);
#2304 = CARTESIAN_POINT('',(4.,26.263455967291,21.920310216783));
#2305 = VECTOR('',#2306,1.);
#2306 = DIRECTION('',(1.,0.,0.));
#2307 = PCURVE('',#839,#2308);
#2308 = DEFINITIONAL_REPRESENTATION('',(#2309),#2313);
#2309 = LINE('',#2310,#2311);
#2310 = CARTESIAN_POINT('',(0.,0.));
#2311 = VECTOR('',#2312,1.);
#2312 = DIRECTION('',(0.,1.));
#2313 = ( GEOMETRIC_REPRESENTATION_CONTEXT(2) 
PARAMETRIC_REPRESENTATION_CONTEXT() REPRESENTATION_CONTEXT('2D SPACE',''
  ) );
#2314 = PCURVE('',#1304,#2315);
#2315 = DEFINITIONAL_REPRESENTATION('',(#2316),#2320);
#2316 = LINE('',#2317,#2318);
#2317 = CARTESIAN_POINT('',(0.,5.024295867788E-14));
#2318 = VECTOR('',#2319,1.);
#2319 = DIRECTION('',(1.,0.));
#2320 = ( GEOMETRIC_REPRESENTATION_CONTEXT(2) 
PARAMETRIC_REPRESENTATION_CONTEXT() REPRESENTATION_CONTEXT('2D SPACE',''
  ) );
#2321 = ORIENTED_EDGE('',*,*,#2012,.F.);
#2322 = ORIENTED_EDGE('',*,*,#823,.F.);
#2323 = ORIENTED_EDGE('',*,*,#1559,.T.);
#2324 = ADVANCED_FACE('',(#2325),#1058,.F.);
#2325 = FACE_BOUND('',#2326,.F.);
#2326 = EDGE_LOOP('',(#2327,#2348,#2349,#2350));
#2327 = ORIENTED_EDGE('',*,*,#2328,.T.);
#2328 = EDGE_CURVE('',#2175,#1042,#2329,.T.);
#2329 = SEAM_CURVE('',#2330,(#2334,#2341),.PCURVE_S1.);
#2330 = LINE('',#2331,#2332);
#2331 = CARTESIAN_POINT('',(8.414601516724,81.,11.656854249492));
#2332 = VECTOR('',#2333,1.);
#2333 = DIRECTION('',(0.,-1.224646799147E-16,-1.));
#2334 = PCURVE('',#1058,#2335);
#2335 = DEFINITIONAL_REPRESENTATION('',(#2336),#2340);
#2336 = LINE('',#2337,#2338);
#2337 = CARTESIAN_POINT('',(6.28318530718,-0.));
#2338 = VECTOR('',#2339,1.);
#2339 = DIRECTION('',(0.,1.));
#2340 = ( GEOMETRIC_REPRESENTATION_CONTEXT(2) 
PARAMETRIC_REPRESENTATION_CONTEXT() REPRESENTATION_CONTEXT('2D SPACE',''
  ) );
#2341 = PCURVE('',#1058,#2342);
#2342 = DEFINITIONAL_REPRESENTATION('',(#2343),#2347);
#2343 = LINE('',#2344,#2345);
#2344 = CARTESIAN_POINT('',(0.,-0.));
#2345 = VECTOR('',#2346,1.);
#2346 = DIRECTION('',(0.,1.));
#2347 = ( GEOMETRIC_REPRESENTATION_CONTEXT(2) 
PARAMETRIC_REPRESENTATION_CONTEXT() REPRESENTATION_CONTEXT('2D SPACE',''
  ) );
#2348 = ORIENTED_EDGE('',*,*,#1041,.F.);
#2349 = ORIENTED_EDGE('',*,*,#2328,.F.);
#2350 = ORIENTED_EDGE('',*,*,#2174,.T.);
#2351 = ADVANCED_FACE('',(#2352),#1089,.F.);
#2352 = FACE_BOUND('',#2353,.F.);
#2353 = EDGE_LOOP('',(#2354,#2375,#2376,#2377));
#2354 = ORIENTED_EDGE('',*,*,#2355,.T.);
#2355 = EDGE_CURVE('',#2225,#1073,#2356,.T.);
#2356 = SEAM_CURVE('',#2357,(#2361,#2368),.PCURVE_S1.);
#2357 = LINE('',#2358,#2359);
#2358 = CARTESIAN_POINT('',(48.985398483276,81.,11.656854249492));
#2359 = VECTOR('',#2360,1.);
#2360 = DIRECTION('',(0.,-1.224646799147E-16,-1.));
#2361 = PCURVE('',#1089,#2362);
#2362 = DEFINITIONAL_REPRESENTATION('',(#2363),#2367);
#2363 = LINE('',#2364,#2365);
#2364 = CARTESIAN_POINT('',(6.28318530718,-0.));
#2365 = VECTOR('',#2366,1.);
#2366 = DIRECTION('',(0.,1.));
#2367 = ( GEOMETRIC_REPRESENTATION_CONTEXT(2) 
PARAMETRIC_REPRESENTATION_CONTEXT() REPRESENTATION_CONTEXT('2D SPACE',''
  ) );
#2368 = PCURVE('',#1089,#2369);
#2369 = DEFINITIONAL_REPRESENTATION('',(#2370),#2374);
#2370 = LINE('',#2371,#2372);
#2371 = CARTESIAN_POINT('',(0.,-0.));
#2372 = VECTOR('',#2373,1.);
#2373 = DIRECTION('',(0.,1.));
#2374 = ( GEOMETRIC_REPRESENTATION_CONTEXT(2) 
PARAMETRIC_REPRESENTATION_CONTEXT() REPRESENTATION_CONTEXT('2D SPACE',''
  ) );
#2375 = ORIENTED_EDGE('',*,*,#1072,.F.);
#2376 = ORIENTED_EDGE('',*,*,#2355,.F.);
#2377 = ORIENTED_EDGE('',*,*,#2224,.T.);
#2378 = ADVANCED_FACE('',(#2379),#1442,.T.);
#2379 = FACE_BOUND('',#2380,.T.);
#2380 = EDGE_LOOP('',(#2381,#2402,#2403,#2404));
#2381 = ORIENTED_EDGE('',*,*,#2382,.T.);
#2382 = EDGE_CURVE('',#1401,#1886,#2383,.T.);
#2383 = SURFACE_CURVE('',#2384,(#2388,#2395),.PCURVE_S1.);
#2384 = LINE('',#2385,#2386);
#2385 = CARTESIAN_POINT('',(8.5,0.,30.656854249492));
#2386 = VECTOR('',#2387,1.);
#2387 = DIRECTION('',(1.,0.,0.));
#2388 = PCURVE('',#1442,#2389);
#2389 = DEFINITIONAL_REPRESENTATION('',(#2390),#2394);
#2390 = LINE('',#2391,#2392);
#2391 = CARTESIAN_POINT('',(0.,0.));
#2392 = VECTOR('',#2393,1.);
#2393 = DIRECTION('',(0.,-1.));
#2394 = ( GEOMETRIC_REPRESENTATION_CONTEXT(2) 
PARAMETRIC_REPRESENTATION_CONTEXT() REPRESENTATION_CONTEXT('2D SPACE',''
  ) );
#2395 = PCURVE('',#1416,#2396);
#2396 = DEFINITIONAL_REPRESENTATION('',(#2397),#2401);
#2397 = LINE('',#2398,#2399);
#2398 = CARTESIAN_POINT('',(25.,0.));
#2399 = VECTOR('',#2400,1.);
#2400 = DIRECTION('',(0.,-1.));
#2401 = ( GEOMETRIC_REPRESENTATION_CONTEXT(2) 
PARAMETRIC_REPRESENTATION_CONTEXT() REPRESENTATION_CONTEXT('2D SPACE',''
  ) );
#2402 = ORIENTED_EDGE('',*,*,#1908,.T.);
#2403 = ORIENTED_EDGE('',*,*,#1484,.F.);
#2404 = ORIENTED_EDGE('',*,*,#1428,.F.);
#2405 = ADVANCED_FACE('',(#2406),#1416,.T.);
#2406 = FACE_BOUND('',#2407,.T.);
#2407 = EDGE_LOOP('',(#2408,#2429,#2430,#2431));
#2408 = ORIENTED_EDGE('',*,*,#2409,.T.);
#2409 = EDGE_CURVE('',#1373,#1863,#2410,.T.);
#2410 = SURFACE_CURVE('',#2411,(#2415,#2422),.PCURVE_S1.);
#2411 = LINE('',#2412,#2413);
#2412 = CARTESIAN_POINT('',(8.5,0.,5.656854249492));
#2413 = VECTOR('',#2414,1.);
#2414 = DIRECTION('',(1.,0.,0.));
#2415 = PCURVE('',#1416,#2416);
#2416 = DEFINITIONAL_REPRESENTATION('',(#2417),#2421);
#2417 = LINE('',#2418,#2419);
#2418 = CARTESIAN_POINT('',(0.,0.));
#2419 = VECTOR('',#2420,1.);
#2420 = DIRECTION('',(0.,-1.));
#2421 = ( GEOMETRIC_REPRESENTATION_CONTEXT(2) 
PARAMETRIC_REPRESENTATION_CONTEXT() REPRESENTATION_CONTEXT('2D SPACE',''
  ) );
#2422 = PCURVE('',#1388,#2423);
#2423 = DEFINITIONAL_REPRESENTATION('',(#2424),#2428);
#2424 = LINE('',#2425,#2426);
#2425 = CARTESIAN_POINT('',(76.,0.));
#2426 = VECTOR('',#2427,1.);
#2427 = DIRECTION('',(0.,-1.));
#2428 = ( GEOMETRIC_REPRESENTATION_CONTEXT(2) 
PARAMETRIC_REPRESENTATION_CONTEXT() REPRESENTATION_CONTEXT('2D SPACE',''
  ) );
#2429 = ORIENTED_EDGE('',*,*,#1885,.T.);
#2430 = ORIENTED_EDGE('',*,*,#2382,.F.);
#2431 = ORIENTED_EDGE('',*,*,#1400,.F.);
#2432 = ADVANCED_FACE('',(#2433),#1388,.T.);
#2433 = FACE_BOUND('',#2434,.T.);
#2434 = EDGE_LOOP('',(#2435,#2436,#2457,#2458));
#2435 = ORIENTED_EDGE('',*,*,#1372,.F.);
#2436 = ORIENTED_EDGE('',*,*,#2437,.F.);
#2437 = EDGE_CURVE('',#1840,#1345,#2438,.T.);
#2438 = SURFACE_CURVE('',#2439,(#2443,#2450),.PCURVE_S1.);
#2439 = LINE('',#2440,#2441);
#2440 = CARTESIAN_POINT('',(17.75,2.928932188135,5.656854249492));
#2441 = VECTOR('',#2442,1.);
#2442 = DIRECTION('',(-1.,-0.,0.));
#2443 = PCURVE('',#1388,#2444);
#2444 = DEFINITIONAL_REPRESENTATION('',(#2445),#2449);
#2445 = LINE('',#2446,#2447);
#2446 = CARTESIAN_POINT('',(73.071067811865,-9.25));
#2447 = VECTOR('',#2448,1.);
#2448 = DIRECTION('',(0.,1.));
#2449 = ( GEOMETRIC_REPRESENTATION_CONTEXT(2) 
PARAMETRIC_REPRESENTATION_CONTEXT() REPRESENTATION_CONTEXT('2D SPACE',''
  ) );
#2450 = PCURVE('',#1360,#2451);
#2451 = DEFINITIONAL_REPRESENTATION('',(#2452),#2456);
#2452 = LINE('',#2453,#2454);
#2453 = CARTESIAN_POINT('',(-9.25,5.));
#2454 = VECTOR('',#2455,1.);
#2455 = DIRECTION('',(-1.,-0.));
#2456 = ( GEOMETRIC_REPRESENTATION_CONTEXT(2) 
PARAMETRIC_REPRESENTATION_CONTEXT() REPRESENTATION_CONTEXT('2D SPACE',''
  ) );
#2457 = ORIENTED_EDGE('',*,*,#1862,.T.);
#2458 = ORIENTED_EDGE('',*,*,#2409,.F.);
#2459 = ADVANCED_FACE('',(#2460,#2757,#2788),#1360,.F.);
#2460 = FACE_BOUND('',#2461,.F.);
#2461 = EDGE_LOOP('',(#2462,#2497,#2518,#2519,#2520,#2521,#2542,#2543,
    #2564,#2565,#2588,#2617,#2645,#2674,#2702,#2731));
#2462 = ORIENTED_EDGE('',*,*,#2463,.F.);
#2463 = EDGE_CURVE('',#2464,#2466,#2468,.T.);
#2464 = VERTEX_POINT('',#2465);
#2465 = CARTESIAN_POINT('',(8.,12.12132034356,14.849242404918));
#2466 = VERTEX_POINT('',#2467);
#2467 = CARTESIAN_POINT('',(6.,10.707106781187,13.435028842544));
#2468 = SURFACE_CURVE('',#2469,(#2474,#2485),.PCURVE_S1.);
#2469 = CIRCLE('',#2470,2.);
#2470 = AXIS2_PLACEMENT_3D('',#2471,#2472,#2473);
#2471 = CARTESIAN_POINT('',(8.,10.707106781186,13.435028842544));
#2472 = DIRECTION('',(0.,-0.707106781187,0.707106781187));
#2473 = DIRECTION('',(0.,0.707106781187,0.707106781187));
#2474 = PCURVE('',#1360,#2475);
#2475 = DEFINITIONAL_REPRESENTATION('',(#2476),#2484);
#2476 = ( BOUNDED_CURVE() B_SPLINE_CURVE(2,(#2477,#2478,#2479,#2480,
#2481,#2482,#2483),.UNSPECIFIED.,.T.,.F.) B_SPLINE_CURVE_WITH_KNOTS((1,2
    ,2,2,2,1),(-2.094395102393,0.,2.094395102393,4.188790204786,
6.28318530718,8.377580409573),.UNSPECIFIED.) CURVE() 
GEOMETRIC_REPRESENTATION_ITEM() RATIONAL_B_SPLINE_CURVE((1.,0.5,1.,0.5,
1.,0.5,1.)) REPRESENTATION_ITEM('') );
#2477 = CARTESIAN_POINT('',(-19.,-8.));
#2478 = CARTESIAN_POINT('',(-22.46410161513,-8.));
#2479 = CARTESIAN_POINT('',(-20.73205080756,-5.));
#2480 = CARTESIAN_POINT('',(-19.,-2.));
#2481 = CARTESIAN_POINT('',(-17.26794919243,-5.));
#2482 = CARTESIAN_POINT('',(-15.53589838486,-8.));
#2483 = CARTESIAN_POINT('',(-19.,-8.));
#2484 = ( GEOMETRIC_REPRESENTATION_CONTEXT(2) 
PARAMETRIC_REPRESENTATION_CONTEXT() REPRESENTATION_CONTEXT('2D SPACE',''
  ) );
#2485 = PCURVE('',#2486,#2491);
#2486 = CYLINDRICAL_SURFACE('',#2487,2.);
#2487 = AXIS2_PLACEMENT_3D('',#2488,#2489,#2490);
#2488 = CARTESIAN_POINT('',(8.,10.707106781186,13.435028842544));
#2489 = DIRECTION('',(0.,0.707106781187,-0.707106781187));
#2490 = DIRECTION('',(0.,0.707106781187,0.707106781187));
#2491 = DEFINITIONAL_REPRESENTATION('',(#2492),#2496);
#2492 = LINE('',#2493,#2494);
#2493 = CARTESIAN_POINT('',(-0.,0.));
#2494 = VECTOR('',#2495,1.);
#2495 = DIRECTION('',(-1.,0.));
#2496 = ( GEOMETRIC_REPRESENTATION_CONTEXT(2) 
PARAMETRIC_REPRESENTATION_CONTEXT() REPRESENTATION_CONTEXT('2D SPACE',''
  ) );
#2497 = ORIENTED_EDGE('',*,*,#2498,.T.);
#2498 = EDGE_CURVE('',#2464,#1317,#2499,.T.);
#2499 = SURFACE_CURVE('',#2500,(#2504,#2511),.PCURVE_S1.);
#2500 = LINE('',#2501,#2502);
#2501 = CARTESIAN_POINT('',(6.,12.12132034356,14.849242404917));
#2502 = VECTOR('',#2503,1.);
#2503 = DIRECTION('',(1.,0.,0.));
#2504 = PCURVE('',#1360,#2505);
#2505 = DEFINITIONAL_REPRESENTATION('',(#2506),#2510);
#2506 = LINE('',#2507,#2508);
#2507 = CARTESIAN_POINT('',(-21.,-8.));
#2508 = VECTOR('',#2509,1.);
#2509 = DIRECTION('',(1.,0.));
#2510 = ( GEOMETRIC_REPRESENTATION_CONTEXT(2) 
PARAMETRIC_REPRESENTATION_CONTEXT() REPRESENTATION_CONTEXT('2D SPACE',''
  ) );
#2511 = PCURVE('',#1332,#2512);
#2512 = DEFINITIONAL_REPRESENTATION('',(#2513),#2517);
#2513 = LINE('',#2514,#2515);
#2514 = CARTESIAN_POINT('',(0.,0.));
#2515 = VECTOR('',#2516,1.);
#2516 = DIRECTION('',(1.,0.));
#2517 = ( GEOMETRIC_REPRESENTATION_CONTEXT(2) 
PARAMETRIC_REPRESENTATION_CONTEXT() REPRESENTATION_CONTEXT('2D SPACE',''
  ) );
#2518 = ORIENTED_EDGE('',*,*,#1344,.F.);
#2519 = ORIENTED_EDGE('',*,*,#2437,.F.);
#2520 = ORIENTED_EDGE('',*,*,#1839,.T.);
#2521 = ORIENTED_EDGE('',*,*,#2522,.T.);
#2522 = EDGE_CURVE('',#1812,#2059,#2523,.T.);
#2523 = SURFACE_CURVE('',#2524,(#2528,#2535),.PCURVE_S1.);
#2524 = LINE('',#2525,#2526);
#2525 = CARTESIAN_POINT('',(6.,12.12132034356,14.849242404917));
#2526 = VECTOR('',#2527,1.);
#2527 = DIRECTION('',(1.,0.,0.));
#2528 = PCURVE('',#1360,#2529);
#2529 = DEFINITIONAL_REPRESENTATION('',(#2530),#2534);
#2530 = LINE('',#2531,#2532);
#2531 = CARTESIAN_POINT('',(-21.,-8.));
#2532 = VECTOR('',#2533,1.);
#2533 = DIRECTION('',(1.,0.));
#2534 = ( GEOMETRIC_REPRESENTATION_CONTEXT(2) 
PARAMETRIC_REPRESENTATION_CONTEXT() REPRESENTATION_CONTEXT('2D SPACE',''
  ) );
#2535 = PCURVE('',#1827,#2536);
#2536 = DEFINITIONAL_REPRESENTATION('',(#2537),#2541);
#2537 = LINE('',#2538,#2539);
#2538 = CARTESIAN_POINT('',(0.,0.));
#2539 = VECTOR('',#2540,1.);
#2540 = DIRECTION('',(1.,0.));
#2541 = ( GEOMETRIC_REPRESENTATION_CONTEXT(2) 
PARAMETRIC_REPRESENTATION_CONTEXT() REPRESENTATION_CONTEXT('2D SPACE',''
  ) );
#2542 = ORIENTED_EDGE('',*,*,#2081,.F.);
#2543 = ORIENTED_EDGE('',*,*,#2544,.F.);
#2544 = EDGE_CURVE('',#1634,#2082,#2545,.T.);
#2545 = SURFACE_CURVE('',#2546,(#2550,#2557),.PCURVE_S1.);
#2546 = LINE('',#2547,#2548);
#2547 = CARTESIAN_POINT('',(34.25,2.928932188135,5.656854249492));
#2548 = VECTOR('',#2549,1.);
#2549 = DIRECTION('',(-1.,-0.,0.));
#2550 = PCURVE('',#1360,#2551);
#2551 = DEFINITIONAL_REPRESENTATION('',(#2552),#2556);
#2552 = LINE('',#2553,#2554);
#2553 = CARTESIAN_POINT('',(7.25,5.));
#2554 = VECTOR('',#2555,1.);
#2555 = DIRECTION('',(-1.,-0.));
#2556 = ( GEOMETRIC_REPRESENTATION_CONTEXT(2) 
PARAMETRIC_REPRESENTATION_CONTEXT() REPRESENTATION_CONTEXT('2D SPACE',''
  ) );
#2557 = PCURVE('',#1672,#2558);
#2558 = DEFINITIONAL_REPRESENTATION('',(#2559),#2563);
#2559 = LINE('',#2560,#2561);
#2560 = CARTESIAN_POINT('',(73.071067811865,7.25));
#2561 = VECTOR('',#2562,1.);
#2562 = DIRECTION('',(0.,1.));
#2563 = ( GEOMETRIC_REPRESENTATION_CONTEXT(2) 
PARAMETRIC_REPRESENTATION_CONTEXT() REPRESENTATION_CONTEXT('2D SPACE',''
  ) );
#2564 = ORIENTED_EDGE('',*,*,#1633,.T.);
#2565 = ORIENTED_EDGE('',*,*,#2566,.T.);
#2566 = EDGE_CURVE('',#1606,#2567,#2569,.T.);
#2567 = VERTEX_POINT('',#2568);
#2568 = CARTESIAN_POINT('',(46.,12.12132034356,14.849242404918));
#2569 = SURFACE_CURVE('',#2570,(#2574,#2581),.PCURVE_S1.);
#2570 = LINE('',#2571,#2572);
#2571 = CARTESIAN_POINT('',(6.,12.12132034356,14.849242404917));
#2572 = VECTOR('',#2573,1.);
#2573 = DIRECTION('',(1.,0.,0.));
#2574 = PCURVE('',#1360,#2575);
#2575 = DEFINITIONAL_REPRESENTATION('',(#2576),#2580);
#2576 = LINE('',#2577,#2578);
#2577 = CARTESIAN_POINT('',(-21.,-8.));
#2578 = VECTOR('',#2579,1.);
#2579 = DIRECTION('',(1.,0.));
#2580 = ( GEOMETRIC_REPRESENTATION_CONTEXT(2) 
PARAMETRIC_REPRESENTATION_CONTEXT() REPRESENTATION_CONTEXT('2D SPACE',''
  ) );
#2581 = PCURVE('',#1621,#2582);
#2582 = DEFINITIONAL_REPRESENTATION('',(#2583),#2587);
#2583 = LINE('',#2584,#2585);
#2584 = CARTESIAN_POINT('',(0.,0.));
#2585 = VECTOR('',#2586,1.);
#2586 = DIRECTION('',(1.,0.));
#2587 = ( GEOMETRIC_REPRESENTATION_CONTEXT(2) 
PARAMETRIC_REPRESENTATION_CONTEXT() REPRESENTATION_CONTEXT('2D SPACE',''
  ) );
#2588 = ORIENTED_EDGE('',*,*,#2589,.T.);
#2589 = EDGE_CURVE('',#2567,#2590,#2592,.T.);
#2590 = VERTEX_POINT('',#2591);
#2591 = CARTESIAN_POINT('',(48.,10.707106781187,13.435028842544));
#2592 = SURFACE_CURVE('',#2593,(#2598,#2605),.PCURVE_S1.);
#2593 = CIRCLE('',#2594,2.);
#2594 = AXIS2_PLACEMENT_3D('',#2595,#2596,#2597);
#2595 = CARTESIAN_POINT('',(46.,10.707106781186,13.435028842544));
#2596 = DIRECTION('',(0.,0.707106781187,-0.707106781187));
#2597 = DIRECTION('',(0.,0.707106781187,0.707106781187));
#2598 = PCURVE('',#1360,#2599);
#2599 = DEFINITIONAL_REPRESENTATION('',(#2600),#2604);
#2600 = CIRCLE('',#2601,2.);
#2601 = AXIS2_PLACEMENT_2D('',#2602,#2603);
#2602 = CARTESIAN_POINT('',(19.,-6.));
#2603 = DIRECTION('',(0.,-1.));
#2604 = ( GEOMETRIC_REPRESENTATION_CONTEXT(2) 
PARAMETRIC_REPRESENTATION_CONTEXT() REPRESENTATION_CONTEXT('2D SPACE',''
  ) );
#2605 = PCURVE('',#2606,#2611);
#2606 = CYLINDRICAL_SURFACE('',#2607,2.);
#2607 = AXIS2_PLACEMENT_3D('',#2608,#2609,#2610);
#2608 = CARTESIAN_POINT('',(46.,10.707106781186,13.435028842544));
#2609 = DIRECTION('',(0.,0.707106781187,-0.707106781187));
#2610 = DIRECTION('',(0.,0.707106781187,0.707106781187));
#2611 = DEFINITIONAL_REPRESENTATION('',(#2612),#2616);
#2612 = LINE('',#2613,#2614);
#2613 = CARTESIAN_POINT('',(0.,0.));
#2614 = VECTOR('',#2615,1.);
#2615 = DIRECTION('',(1.,0.));
#2616 = ( GEOMETRIC_REPRESENTATION_CONTEXT(2) 
PARAMETRIC_REPRESENTATION_CONTEXT() REPRESENTATION_CONTEXT('2D SPACE',''
  ) );
#2617 = ORIENTED_EDGE('',*,*,#2618,.T.);
#2618 = EDGE_CURVE('',#2590,#2619,#2621,.T.);
#2619 = VERTEX_POINT('',#2620);
#2620 = CARTESIAN_POINT('',(48.,2.221825406948,4.949747468306));
#2621 = SURFACE_CURVE('',#2622,(#2626,#2633),.PCURVE_S1.);
#2622 = LINE('',#2623,#2624);
#2623 = CARTESIAN_POINT('',(48.,12.12132034356,14.849242404917));
#2624 = VECTOR('',#2625,1.);
#2625 = DIRECTION('',(0.,-0.707106781187,-0.707106781187));
#2626 = PCURVE('',#1360,#2627);
#2627 = DEFINITIONAL_REPRESENTATION('',(#2628),#2632);
#2628 = LINE('',#2629,#2630);
#2629 = CARTESIAN_POINT('',(21.,-8.));
#2630 = VECTOR('',#2631,1.);
#2631 = DIRECTION('',(0.,1.));
#2632 = ( GEOMETRIC_REPRESENTATION_CONTEXT(2) 
PARAMETRIC_REPRESENTATION_CONTEXT() REPRESENTATION_CONTEXT('2D SPACE',''
  ) );
#2633 = PCURVE('',#2634,#2639);
#2634 = PLANE('',#2635);
#2635 = AXIS2_PLACEMENT_3D('',#2636,#2637,#2638);
#2636 = CARTESIAN_POINT('',(48.,12.12132034356,14.849242404917));
#2637 = DIRECTION('',(-1.,-0.,0.));
#2638 = DIRECTION('',(0.,-0.707106781187,-0.707106781187));
#2639 = DEFINITIONAL_REPRESENTATION('',(#2640),#2644);
#2640 = LINE('',#2641,#2642);
#2641 = CARTESIAN_POINT('',(0.,0.));
#2642 = VECTOR('',#2643,1.);
#2643 = DIRECTION('',(1.,5.963456108107E-17));
#2644 = ( GEOMETRIC_REPRESENTATION_CONTEXT(2) 
PARAMETRIC_REPRESENTATION_CONTEXT() REPRESENTATION_CONTEXT('2D SPACE',''
  ) );
#2645 = ORIENTED_EDGE('',*,*,#2646,.T.);
#2646 = EDGE_CURVE('',#2619,#2647,#2649,.T.);
#2647 = VERTEX_POINT('',#2648);
#2648 = CARTESIAN_POINT('',(46.,0.807611844575,3.535533905933));
#2649 = SURFACE_CURVE('',#2650,(#2655,#2662),.PCURVE_S1.);
#2650 = CIRCLE('',#2651,2.);
#2651 = AXIS2_PLACEMENT_3D('',#2652,#2653,#2654);
#2652 = CARTESIAN_POINT('',(46.,2.221825406948,4.949747468306));
#2653 = DIRECTION('',(0.,0.707106781187,-0.707106781187));
#2654 = DIRECTION('',(0.,0.707106781187,0.707106781187));
#2655 = PCURVE('',#1360,#2656);
#2656 = DEFINITIONAL_REPRESENTATION('',(#2657),#2661);
#2657 = CIRCLE('',#2658,2.);
#2658 = AXIS2_PLACEMENT_2D('',#2659,#2660);
#2659 = CARTESIAN_POINT('',(19.,6.));
#2660 = DIRECTION('',(0.,-1.));
#2661 = ( GEOMETRIC_REPRESENTATION_CONTEXT(2) 
PARAMETRIC_REPRESENTATION_CONTEXT() REPRESENTATION_CONTEXT('2D SPACE',''
  ) );
#2662 = PCURVE('',#2663,#2668);
#2663 = CYLINDRICAL_SURFACE('',#2664,2.);
#2664 = AXIS2_PLACEMENT_3D('',#2665,#2666,#2667);
#2665 = CARTESIAN_POINT('',(46.,2.221825406948,4.949747468306));
#2666 = DIRECTION('',(0.,0.707106781187,-0.707106781187));
#2667 = DIRECTION('',(1.,0.,0.));
#2668 = DEFINITIONAL_REPRESENTATION('',(#2669),#2673);
#2669 = LINE('',#2670,#2671);
#2670 = CARTESIAN_POINT('',(-1.570796326795,0.));
#2671 = VECTOR('',#2672,1.);
#2672 = DIRECTION('',(1.,0.));
#2673 = ( GEOMETRIC_REPRESENTATION_CONTEXT(2) 
PARAMETRIC_REPRESENTATION_CONTEXT() REPRESENTATION_CONTEXT('2D SPACE',''
  ) );
#2674 = ORIENTED_EDGE('',*,*,#2675,.T.);
#2675 = EDGE_CURVE('',#2647,#2676,#2678,.T.);
#2676 = VERTEX_POINT('',#2677);
#2677 = CARTESIAN_POINT('',(8.,0.807611844575,3.535533905933));
#2678 = SURFACE_CURVE('',#2679,(#2683,#2690),.PCURVE_S1.);
#2679 = LINE('',#2680,#2681);
#2680 = CARTESIAN_POINT('',(48.,0.807611844575,3.535533905933));
#2681 = VECTOR('',#2682,1.);
#2682 = DIRECTION('',(-1.,-0.,0.));
#2683 = PCURVE('',#1360,#2684);
#2684 = DEFINITIONAL_REPRESENTATION('',(#2685),#2689);
#2685 = LINE('',#2686,#2687);
#2686 = CARTESIAN_POINT('',(21.,8.));
#2687 = VECTOR('',#2688,1.);
#2688 = DIRECTION('',(-1.,-0.));
#2689 = ( GEOMETRIC_REPRESENTATION_CONTEXT(2) 
PARAMETRIC_REPRESENTATION_CONTEXT() REPRESENTATION_CONTEXT('2D SPACE',''
  ) );
#2690 = PCURVE('',#2691,#2696);
#2691 = PLANE('',#2692);
#2692 = AXIS2_PLACEMENT_3D('',#2693,#2694,#2695);
#2693 = CARTESIAN_POINT('',(48.,0.807611844575,3.535533905933));
#2694 = DIRECTION('',(0.,0.707106781187,0.707106781187));
#2695 = DIRECTION('',(-1.,-0.,0.));
#2696 = DEFINITIONAL_REPRESENTATION('',(#2697),#2701);
#2697 = LINE('',#2698,#2699);
#2698 = CARTESIAN_POINT('',(0.,0.));
#2699 = VECTOR('',#2700,1.);
#2700 = DIRECTION('',(1.,0.));
#2701 = ( GEOMETRIC_REPRESENTATION_CONTEXT(2) 
PARAMETRIC_REPRESENTATION_CONTEXT() REPRESENTATION_CONTEXT('2D SPACE',''
  ) );
#2702 = ORIENTED_EDGE('',*,*,#2703,.T.);
#2703 = EDGE_CURVE('',#2676,#2704,#2706,.T.);
#2704 = VERTEX_POINT('',#2705);
#2705 = CARTESIAN_POINT('',(6.,2.221825406948,4.949747468306));
#2706 = SURFACE_CURVE('',#2707,(#2712,#2719),.PCURVE_S1.);
#2707 = CIRCLE('',#2708,2.);
#2708 = AXIS2_PLACEMENT_3D('',#2709,#2710,#2711);
#2709 = CARTESIAN_POINT('',(8.,2.221825406948,4.949747468306));
#2710 = DIRECTION('',(0.,0.707106781187,-0.707106781187));
#2711 = DIRECTION('',(0.,0.707106781187,0.707106781187));
#2712 = PCURVE('',#1360,#2713);
#2713 = DEFINITIONAL_REPRESENTATION('',(#2714),#2718);
#2714 = CIRCLE('',#2715,2.);
#2715 = AXIS2_PLACEMENT_2D('',#2716,#2717);
#2716 = CARTESIAN_POINT('',(-19.,6.));
#2717 = DIRECTION('',(0.,-1.));
#2718 = ( GEOMETRIC_REPRESENTATION_CONTEXT(2) 
PARAMETRIC_REPRESENTATION_CONTEXT() REPRESENTATION_CONTEXT('2D SPACE',''
  ) );
#2719 = PCURVE('',#2720,#2725);
#2720 = CYLINDRICAL_SURFACE('',#2721,2.);
#2721 = AXIS2_PLACEMENT_3D('',#2722,#2723,#2724);
#2722 = CARTESIAN_POINT('',(8.,2.221825406948,4.949747468306));
#2723 = DIRECTION('',(0.,0.707106781187,-0.707106781187));
#2724 = DIRECTION('',(0.,-0.707106781187,-0.707106781187));
#2725 = DEFINITIONAL_REPRESENTATION('',(#2726),#2730);
#2726 = LINE('',#2727,#2728);
#2727 = CARTESIAN_POINT('',(-3.14159265359,0.));
#2728 = VECTOR('',#2729,1.);
#2729 = DIRECTION('',(1.,0.));
#2730 = ( GEOMETRIC_REPRESENTATION_CONTEXT(2) 
PARAMETRIC_REPRESENTATION_CONTEXT() REPRESENTATION_CONTEXT('2D SPACE',''
  ) );
#2731 = ORIENTED_EDGE('',*,*,#2732,.T.);
#2732 = EDGE_CURVE('',#2704,#2466,#2733,.T.);
#2733 = SURFACE_CURVE('',#2734,(#2738,#2745),.PCURVE_S1.);
#2734 = LINE('',#2735,#2736);
#2735 = CARTESIAN_POINT('',(6.,0.807611844575,3.535533905933));
#2736 = VECTOR('',#2737,1.);
#2737 = DIRECTION('',(0.,0.707106781187,0.707106781187));
#2738 = PCURVE('',#1360,#2739);
#2739 = DEFINITIONAL_REPRESENTATION('',(#2740),#2744);
#2740 = LINE('',#2741,#2742);
#2741 = CARTESIAN_POINT('',(-21.,8.));
#2742 = VECTOR('',#2743,1.);
#2743 = DIRECTION('',(0.,-1.));
#2744 = ( GEOMETRIC_REPRESENTATION_CONTEXT(2) 
PARAMETRIC_REPRESENTATION_CONTEXT() REPRESENTATION_CONTEXT('2D SPACE',''
  ) );
#2745 = PCURVE('',#2746,#2751);
#2746 = PLANE('',#2747);
#2747 = AXIS2_PLACEMENT_3D('',#2748,#2749,#2750);
#2748 = CARTESIAN_POINT('',(6.,0.807611844575,3.535533905933));
#2749 = DIRECTION('',(1.,0.,0.));
#2750 = DIRECTION('',(0.,0.707106781187,0.707106781187));
#2751 = DEFINITIONAL_REPRESENTATION('',(#2752),#2756);
#2752 = LINE('',#2753,#2754);
#2753 = CARTESIAN_POINT('',(0.,0.));
#2754 = VECTOR('',#2755,1.);
#2755 = DIRECTION('',(1.,-5.963456108107E-17));
#2756 = ( GEOMETRIC_REPRESENTATION_CONTEXT(2) 
PARAMETRIC_REPRESENTATION_CONTEXT() REPRESENTATION_CONTEXT('2D SPACE',''
  ) );
#2757 = FACE_BOUND('',#2758,.F.);
#2758 = EDGE_LOOP('',(#2759));
#2759 = ORIENTED_EDGE('',*,*,#2760,.F.);
#2760 = EDGE_CURVE('',#2761,#2761,#2763,.T.);
#2761 = VERTEX_POINT('',#2762);
#2762 = CARTESIAN_POINT('',(17.,5.26238456605,7.990306627408));
#2763 = SURFACE_CURVE('',#2764,(#2769,#2776),.PCURVE_S1.);
#2764 = CIRCLE('',#2765,1.7);
#2765 = AXIS2_PLACEMENT_3D('',#2766,#2767,#2768);
#2766 = CARTESIAN_POINT('',(17.,6.464466094067,9.192388155425));
#2767 = DIRECTION('',(-0.,0.707106781187,-0.707106781187));
#2768 = DIRECTION('',(0.,-0.707106781187,-0.707106781187));
#2769 = PCURVE('',#1360,#2770);
#2770 = DEFINITIONAL_REPRESENTATION('',(#2771),#2775);
#2771 = CIRCLE('',#2772,1.7);
#2772 = AXIS2_PLACEMENT_2D('',#2773,#2774);
#2773 = CARTESIAN_POINT('',(-10.,0.));
#2774 = DIRECTION('',(0.,1.));
#2775 = ( GEOMETRIC_REPRESENTATION_CONTEXT(2) 
PARAMETRIC_REPRESENTATION_CONTEXT() REPRESENTATION_CONTEXT('2D SPACE',''
  ) );
#2776 = PCURVE('',#2777,#2782);
#2777 = CYLINDRICAL_SURFACE('',#2778,1.7);
#2778 = AXIS2_PLACEMENT_3D('',#2779,#2780,#2781);
#2779 = CARTESIAN_POINT('',(17.,5.757359312881,9.899494936612));
#2780 = DIRECTION('',(0.,0.707106781187,-0.707106781187));
#2781 = DIRECTION('',(0.,-0.707106781187,-0.707106781187));
#2782 = DEFINITIONAL_REPRESENTATION('',(#2783),#2787);
#2783 = LINE('',#2784,#2785);
#2784 = CARTESIAN_POINT('',(4.26642158859E-17,1.));
#2785 = VECTOR('',#2786,1.);
#2786 = DIRECTION('',(1.,0.));
#2787 = ( GEOMETRIC_REPRESENTATION_CONTEXT(2) 
PARAMETRIC_REPRESENTATION_CONTEXT() REPRESENTATION_CONTEXT('2D SPACE',''
  ) );
#2788 = FACE_BOUND('',#2789,.F.);
#2789 = EDGE_LOOP('',(#2790));
#2790 = ORIENTED_EDGE('',*,*,#2791,.F.);
#2791 = EDGE_CURVE('',#2792,#2792,#2794,.T.);
#2792 = VERTEX_POINT('',#2793);
#2793 = CARTESIAN_POINT('',(37.,5.26238456605,7.990306627408));
#2794 = SURFACE_CURVE('',#2795,(#2800,#2807),.PCURVE_S1.);
#2795 = CIRCLE('',#2796,1.7);
#2796 = AXIS2_PLACEMENT_3D('',#2797,#2798,#2799);
#2797 = CARTESIAN_POINT('',(37.,6.464466094067,9.192388155425));
#2798 = DIRECTION('',(-0.,0.707106781187,-0.707106781187));
#2799 = DIRECTION('',(0.,-0.707106781187,-0.707106781187));
#2800 = PCURVE('',#1360,#2801);
#2801 = DEFINITIONAL_REPRESENTATION('',(#2802),#2806);
#2802 = CIRCLE('',#2803,1.7);
#2803 = AXIS2_PLACEMENT_2D('',#2804,#2805);
#2804 = CARTESIAN_POINT('',(10.,0.));
#2805 = DIRECTION('',(0.,1.));
#2806 = ( GEOMETRIC_REPRESENTATION_CONTEXT(2) 
PARAMETRIC_REPRESENTATION_CONTEXT() REPRESENTATION_CONTEXT('2D SPACE',''
  ) );
#2807 = PCURVE('',#2808,#2813);
#2808 = CYLINDRICAL_SURFACE('',#2809,1.7);
#2809 = AXIS2_PLACEMENT_3D('',#2810,#2811,#2812);
#2810 = CARTESIAN_POINT('',(37.,5.757359312881,9.899494936612));
#2811 = DIRECTION('',(0.,0.707106781187,-0.707106781187));
#2812 = DIRECTION('',(0.,-0.707106781187,-0.707106781187));
#2813 = DEFINITIONAL_REPRESENTATION('',(#2814),#2818);
#2814 = LINE('',#2815,#2816);
#2815 = CARTESIAN_POINT('',(4.26642158859E-17,1.));
#2816 = VECTOR('',#2817,1.);
#2817 = DIRECTION('',(1.,0.));
#2818 = ( GEOMETRIC_REPRESENTATION_CONTEXT(2) 
PARAMETRIC_REPRESENTATION_CONTEXT() REPRESENTATION_CONTEXT('2D SPACE',''
  ) );
#2819 = ADVANCED_FACE('',(#2820),#1332,.F.);
#2820 = FACE_BOUND('',#2821,.F.);
#2821 = EDGE_LOOP('',(#2822,#2823,#2846,#2867));
#2822 = ORIENTED_EDGE('',*,*,#2498,.F.);
#2823 = ORIENTED_EDGE('',*,*,#2824,.T.);
#2824 = EDGE_CURVE('',#2464,#2825,#2827,.T.);
#2825 = VERTEX_POINT('',#2826);
#2826 = CARTESIAN_POINT('',(8.,15.656854249492,11.313708498985));
#2827 = SURFACE_CURVE('',#2828,(#2832,#2839),.PCURVE_S1.);
#2828 = LINE('',#2829,#2830);
#2829 = CARTESIAN_POINT('',(8.,12.12132034356,14.849242404917));
#2830 = VECTOR('',#2831,1.);
#2831 = DIRECTION('',(0.,0.707106781187,-0.707106781187));
#2832 = PCURVE('',#1332,#2833);
#2833 = DEFINITIONAL_REPRESENTATION('',(#2834),#2838);
#2834 = LINE('',#2835,#2836);
#2835 = CARTESIAN_POINT('',(2.,0.));
#2836 = VECTOR('',#2837,1.);
#2837 = DIRECTION('',(0.,-1.));
#2838 = ( GEOMETRIC_REPRESENTATION_CONTEXT(2) 
PARAMETRIC_REPRESENTATION_CONTEXT() REPRESENTATION_CONTEXT('2D SPACE',''
  ) );
#2839 = PCURVE('',#2486,#2840);
#2840 = DEFINITIONAL_REPRESENTATION('',(#2841),#2845);
#2841 = LINE('',#2842,#2843);
#2842 = CARTESIAN_POINT('',(-0.,0.));
#2843 = VECTOR('',#2844,1.);
#2844 = DIRECTION('',(-0.,1.));
#2845 = ( GEOMETRIC_REPRESENTATION_CONTEXT(2) 
PARAMETRIC_REPRESENTATION_CONTEXT() REPRESENTATION_CONTEXT('2D SPACE',''
  ) );
#2846 = ORIENTED_EDGE('',*,*,#2847,.T.);
#2847 = EDGE_CURVE('',#2825,#1289,#2848,.T.);
#2848 = SURFACE_CURVE('',#2849,(#2853,#2860),.PCURVE_S1.);
#2849 = LINE('',#2850,#2851);
#2850 = CARTESIAN_POINT('',(6.,15.656854249492,11.313708498985));
#2851 = VECTOR('',#2852,1.);
#2852 = DIRECTION('',(1.,0.,0.));
#2853 = PCURVE('',#1332,#2854);
#2854 = DEFINITIONAL_REPRESENTATION('',(#2855),#2859);
#2855 = LINE('',#2856,#2857);
#2856 = CARTESIAN_POINT('',(0.,-5.));
#2857 = VECTOR('',#2858,1.);
#2858 = DIRECTION('',(1.,0.));
#2859 = ( GEOMETRIC_REPRESENTATION_CONTEXT(2) 
PARAMETRIC_REPRESENTATION_CONTEXT() REPRESENTATION_CONTEXT('2D SPACE',''
  ) );
#2860 = PCURVE('',#1304,#2861);
#2861 = DEFINITIONAL_REPRESENTATION('',(#2862),#2866);
#2862 = LINE('',#2863,#2864);
#2863 = CARTESIAN_POINT('',(2.,15.));
#2864 = VECTOR('',#2865,1.);
#2865 = DIRECTION('',(1.,0.));
#2866 = ( GEOMETRIC_REPRESENTATION_CONTEXT(2) 
PARAMETRIC_REPRESENTATION_CONTEXT() REPRESENTATION_CONTEXT('2D SPACE',''
  ) );
#2867 = ORIENTED_EDGE('',*,*,#1316,.F.);
#2868 = ADVANCED_FACE('',(#2869,#3089,#3115),#1304,.T.);
#2869 = FACE_BOUND('',#2870,.T.);
#2870 = EDGE_LOOP('',(#2871,#2872,#2873,#2874,#2895,#2896,#2897,#2898,
    #2921,#2945,#2968,#2992,#3015,#3039,#3062,#3088));
#2871 = ORIENTED_EDGE('',*,*,#1288,.F.);
#2872 = ORIENTED_EDGE('',*,*,#2274,.T.);
#2873 = ORIENTED_EDGE('',*,*,#1788,.T.);
#2874 = ORIENTED_EDGE('',*,*,#2875,.T.);
#2875 = EDGE_CURVE('',#1789,#2036,#2876,.T.);
#2876 = SURFACE_CURVE('',#2877,(#2881,#2888),.PCURVE_S1.);
#2877 = LINE('',#2878,#2879);
#2878 = CARTESIAN_POINT('',(6.,15.656854249492,11.313708498985));
#2879 = VECTOR('',#2880,1.);
#2880 = DIRECTION('',(1.,0.,0.));
#2881 = PCURVE('',#1304,#2882);
#2882 = DEFINITIONAL_REPRESENTATION('',(#2883),#2887);
#2883 = LINE('',#2884,#2885);
#2884 = CARTESIAN_POINT('',(2.,15.));
#2885 = VECTOR('',#2886,1.);
#2886 = DIRECTION('',(1.,0.));
#2887 = ( GEOMETRIC_REPRESENTATION_CONTEXT(2) 
PARAMETRIC_REPRESENTATION_CONTEXT() REPRESENTATION_CONTEXT('2D SPACE',''
  ) );
#2888 = PCURVE('',#1827,#2889);
#2889 = DEFINITIONAL_REPRESENTATION('',(#2890),#2894);
#2890 = LINE('',#2891,#2892);
#2891 = CARTESIAN_POINT('',(0.,-5.));
#2892 = VECTOR('',#2893,1.);
#2893 = DIRECTION('',(1.,0.));
#2894 = ( GEOMETRIC_REPRESENTATION_CONTEXT(2) 
PARAMETRIC_REPRESENTATION_CONTEXT() REPRESENTATION_CONTEXT('2D SPACE',''
  ) );
#2895 = ORIENTED_EDGE('',*,*,#2035,.F.);
#2896 = ORIENTED_EDGE('',*,*,#2301,.T.);
#2897 = ORIENTED_EDGE('',*,*,#1582,.T.);
#2898 = ORIENTED_EDGE('',*,*,#2899,.T.);
#2899 = EDGE_CURVE('',#1583,#2900,#2902,.T.);
#2900 = VERTEX_POINT('',#2901);
#2901 = CARTESIAN_POINT('',(46.,15.656854249492,11.313708498985));
#2902 = SURFACE_CURVE('',#2903,(#2907,#2914),.PCURVE_S1.);
#2903 = LINE('',#2904,#2905);
#2904 = CARTESIAN_POINT('',(6.,15.656854249492,11.313708498985));
#2905 = VECTOR('',#2906,1.);
#2906 = DIRECTION('',(1.,0.,0.));
#2907 = PCURVE('',#1304,#2908);
#2908 = DEFINITIONAL_REPRESENTATION('',(#2909),#2913);
#2909 = LINE('',#2910,#2911);
#2910 = CARTESIAN_POINT('',(2.,15.));
#2911 = VECTOR('',#2912,1.);
#2912 = DIRECTION('',(1.,0.));
#2913 = ( GEOMETRIC_REPRESENTATION_CONTEXT(2) 
PARAMETRIC_REPRESENTATION_CONTEXT() REPRESENTATION_CONTEXT('2D SPACE',''
  ) );
#2914 = PCURVE('',#1621,#2915);
#2915 = DEFINITIONAL_REPRESENTATION('',(#2916),#2920);
#2916 = LINE('',#2917,#2918);
#2917 = CARTESIAN_POINT('',(0.,-5.));
#2918 = VECTOR('',#2919,1.);
#2919 = DIRECTION('',(1.,0.));
#2920 = ( GEOMETRIC_REPRESENTATION_CONTEXT(2) 
PARAMETRIC_REPRESENTATION_CONTEXT() REPRESENTATION_CONTEXT('2D SPACE',''
  ) );
#2921 = ORIENTED_EDGE('',*,*,#2922,.T.);
#2922 = EDGE_CURVE('',#2900,#2923,#2925,.T.);
#2923 = VERTEX_POINT('',#2924);
#2924 = CARTESIAN_POINT('',(48.,14.242640687119,9.899494936612));
#2925 = SURFACE_CURVE('',#2926,(#2931,#2938),.PCURVE_S1.);
#2926 = CIRCLE('',#2927,2.);
#2927 = AXIS2_PLACEMENT_3D('',#2928,#2929,#2930);
#2928 = CARTESIAN_POINT('',(46.,14.242640687119,9.899494936612));
#2929 = DIRECTION('',(0.,0.707106781187,-0.707106781187));
#2930 = DIRECTION('',(0.,0.707106781187,0.707106781187));
#2931 = PCURVE('',#1304,#2932);
#2932 = DEFINITIONAL_REPRESENTATION('',(#2933),#2937);
#2933 = CIRCLE('',#2934,2.);
#2934 = AXIS2_PLACEMENT_2D('',#2935,#2936);
#2935 = CARTESIAN_POINT('',(42.,17.));
#2936 = DIRECTION('',(0.,-1.));
#2937 = ( GEOMETRIC_REPRESENTATION_CONTEXT(2) 
PARAMETRIC_REPRESENTATION_CONTEXT() REPRESENTATION_CONTEXT('2D SPACE',''
  ) );
#2938 = PCURVE('',#2606,#2939);
#2939 = DEFINITIONAL_REPRESENTATION('',(#2940),#2944);
#2940 = LINE('',#2941,#2942);
#2941 = CARTESIAN_POINT('',(0.,5.));
#2942 = VECTOR('',#2943,1.);
#2943 = DIRECTION('',(1.,0.));
#2944 = ( GEOMETRIC_REPRESENTATION_CONTEXT(2) 
PARAMETRIC_REPRESENTATION_CONTEXT() REPRESENTATION_CONTEXT('2D SPACE',''
  ) );
#2945 = ORIENTED_EDGE('',*,*,#2946,.T.);
#2946 = EDGE_CURVE('',#2923,#2947,#2949,.T.);
#2947 = VERTEX_POINT('',#2948);
#2948 = CARTESIAN_POINT('',(48.,5.757359312881,1.414213562373));
#2949 = SURFACE_CURVE('',#2950,(#2954,#2961),.PCURVE_S1.);
#2950 = LINE('',#2951,#2952);
#2951 = CARTESIAN_POINT('',(48.,15.656854249492,11.313708498985));
#2952 = VECTOR('',#2953,1.);
#2953 = DIRECTION('',(0.,-0.707106781187,-0.707106781187));
#2954 = PCURVE('',#1304,#2955);
#2955 = DEFINITIONAL_REPRESENTATION('',(#2956),#2960);
#2956 = LINE('',#2957,#2958);
#2957 = CARTESIAN_POINT('',(44.,15.));
#2958 = VECTOR('',#2959,1.);
#2959 = DIRECTION('',(0.,1.));
#2960 = ( GEOMETRIC_REPRESENTATION_CONTEXT(2) 
PARAMETRIC_REPRESENTATION_CONTEXT() REPRESENTATION_CONTEXT('2D SPACE',''
  ) );
#2961 = PCURVE('',#2634,#2962);
#2962 = DEFINITIONAL_REPRESENTATION('',(#2963),#2967);
#2963 = LINE('',#2964,#2965);
#2964 = CARTESIAN_POINT('',(-8.191652735299E-16,-5.));
#2965 = VECTOR('',#2966,1.);
#2966 = DIRECTION('',(1.,5.963456108107E-17));
#2967 = ( GEOMETRIC_REPRESENTATION_CONTEXT(2) 
PARAMETRIC_REPRESENTATION_CONTEXT() REPRESENTATION_CONTEXT('2D SPACE',''
  ) );
#2968 = ORIENTED_EDGE('',*,*,#2969,.T.);
#2969 = EDGE_CURVE('',#2947,#2970,#2972,.T.);
#2970 = VERTEX_POINT('',#2971);
#2971 = CARTESIAN_POINT('',(46.,4.343145750508,2.04281036531E-14));
#2972 = SURFACE_CURVE('',#2973,(#2978,#2985),.PCURVE_S1.);
#2973 = CIRCLE('',#2974,2.);
#2974 = AXIS2_PLACEMENT_3D('',#2975,#2976,#2977);
#2975 = CARTESIAN_POINT('',(46.,5.757359312881,1.414213562373));
#2976 = DIRECTION('',(0.,0.707106781187,-0.707106781187));
#2977 = DIRECTION('',(0.,0.707106781187,0.707106781187));
#2978 = PCURVE('',#1304,#2979);
#2979 = DEFINITIONAL_REPRESENTATION('',(#2980),#2984);
#2980 = CIRCLE('',#2981,2.);
#2981 = AXIS2_PLACEMENT_2D('',#2982,#2983);
#2982 = CARTESIAN_POINT('',(42.,29.));
#2983 = DIRECTION('',(0.,-1.));
#2984 = ( GEOMETRIC_REPRESENTATION_CONTEXT(2) 
PARAMETRIC_REPRESENTATION_CONTEXT() REPRESENTATION_CONTEXT('2D SPACE',''
  ) );
#2985 = PCURVE('',#2663,#2986);
#2986 = DEFINITIONAL_REPRESENTATION('',(#2987),#2991);
#2987 = LINE('',#2988,#2989);
#2988 = CARTESIAN_POINT('',(-1.570796326795,5.));
#2989 = VECTOR('',#2990,1.);
#2990 = DIRECTION('',(1.,0.));
#2991 = ( GEOMETRIC_REPRESENTATION_CONTEXT(2) 
PARAMETRIC_REPRESENTATION_CONTEXT() REPRESENTATION_CONTEXT('2D SPACE',''
  ) );
#2992 = ORIENTED_EDGE('',*,*,#2993,.T.);
#2993 = EDGE_CURVE('',#2970,#2994,#2996,.T.);
#2994 = VERTEX_POINT('',#2995);
#2995 = CARTESIAN_POINT('',(8.,4.343145750508,2.04281036531E-14));
#2996 = SURFACE_CURVE('',#2997,(#3001,#3008),.PCURVE_S1.);
#2997 = LINE('',#2998,#2999);
#2998 = CARTESIAN_POINT('',(48.,4.343145750508,2.187778347879E-15));
#2999 = VECTOR('',#3000,1.);
#3000 = DIRECTION('',(-1.,-0.,0.));
#3001 = PCURVE('',#1304,#3002);
#3002 = DEFINITIONAL_REPRESENTATION('',(#3003),#3007);
#3003 = LINE('',#3004,#3005);
#3004 = CARTESIAN_POINT('',(44.,31.));
#3005 = VECTOR('',#3006,1.);
#3006 = DIRECTION('',(-1.,-0.));
#3007 = ( GEOMETRIC_REPRESENTATION_CONTEXT(2) 
PARAMETRIC_REPRESENTATION_CONTEXT() REPRESENTATION_CONTEXT('2D SPACE',''
  ) );
#3008 = PCURVE('',#2691,#3009);
#3009 = DEFINITIONAL_REPRESENTATION('',(#3010),#3014);
#3010 = LINE('',#3011,#3012);
#3011 = CARTESIAN_POINT('',(-0.,-5.));
#3012 = VECTOR('',#3013,1.);
#3013 = DIRECTION('',(1.,0.));
#3014 = ( GEOMETRIC_REPRESENTATION_CONTEXT(2) 
PARAMETRIC_REPRESENTATION_CONTEXT() REPRESENTATION_CONTEXT('2D SPACE',''
  ) );
#3015 = ORIENTED_EDGE('',*,*,#3016,.T.);
#3016 = EDGE_CURVE('',#2994,#3017,#3019,.T.);
#3017 = VERTEX_POINT('',#3018);
#3018 = CARTESIAN_POINT('',(6.,5.757359312881,1.414213562373));
#3019 = SURFACE_CURVE('',#3020,(#3025,#3032),.PCURVE_S1.);
#3020 = CIRCLE('',#3021,2.);
#3021 = AXIS2_PLACEMENT_3D('',#3022,#3023,#3024);
#3022 = CARTESIAN_POINT('',(8.,5.757359312881,1.414213562373));
#3023 = DIRECTION('',(0.,0.707106781187,-0.707106781187));
#3024 = DIRECTION('',(0.,0.707106781187,0.707106781187));
#3025 = PCURVE('',#1304,#3026);
#3026 = DEFINITIONAL_REPRESENTATION('',(#3027),#3031);
#3027 = CIRCLE('',#3028,2.);
#3028 = AXIS2_PLACEMENT_2D('',#3029,#3030);
#3029 = CARTESIAN_POINT('',(4.,29.));
#3030 = DIRECTION('',(0.,-1.));
#3031 = ( GEOMETRIC_REPRESENTATION_CONTEXT(2) 
PARAMETRIC_REPRESENTATION_CONTEXT() REPRESENTATION_CONTEXT('2D SPACE',''
  ) );
#3032 = PCURVE('',#2720,#3033);
#3033 = DEFINITIONAL_REPRESENTATION('',(#3034),#3038);
#3034 = LINE('',#3035,#3036);
#3035 = CARTESIAN_POINT('',(-3.14159265359,5.));
#3036 = VECTOR('',#3037,1.);
#3037 = DIRECTION('',(1.,0.));
#3038 = ( GEOMETRIC_REPRESENTATION_CONTEXT(2) 
PARAMETRIC_REPRESENTATION_CONTEXT() REPRESENTATION_CONTEXT('2D SPACE',''
  ) );
#3039 = ORIENTED_EDGE('',*,*,#3040,.T.);
#3040 = EDGE_CURVE('',#3017,#3041,#3043,.T.);
#3041 = VERTEX_POINT('',#3042);
#3042 = CARTESIAN_POINT('',(6.,14.242640687119,9.899494936612));
#3043 = SURFACE_CURVE('',#3044,(#3048,#3055),.PCURVE_S1.);
#3044 = LINE('',#3045,#3046);
#3045 = CARTESIAN_POINT('',(6.,4.343145750508,2.187778347879E-15));
#3046 = VECTOR('',#3047,1.);
#3047 = DIRECTION('',(0.,0.707106781187,0.707106781187));
#3048 = PCURVE('',#1304,#3049);
#3049 = DEFINITIONAL_REPRESENTATION('',(#3050),#3054);
#3050 = LINE('',#3051,#3052);
#3051 = CARTESIAN_POINT('',(2.,31.));
#3052 = VECTOR('',#3053,1.);
#3053 = DIRECTION('',(0.,-1.));
#3054 = ( GEOMETRIC_REPRESENTATION_CONTEXT(2) 
PARAMETRIC_REPRESENTATION_CONTEXT() REPRESENTATION_CONTEXT('2D SPACE',''
  ) );
#3055 = PCURVE('',#2746,#3056);
#3056 = DEFINITIONAL_REPRESENTATION('',(#3057),#3061);
#3057 = LINE('',#3058,#3059);
#3058 = CARTESIAN_POINT('',(8.191652735299E-16,-5.));
#3059 = VECTOR('',#3060,1.);
#3060 = DIRECTION('',(1.,-5.963456108107E-17));
#3061 = ( GEOMETRIC_REPRESENTATION_CONTEXT(2) 
PARAMETRIC_REPRESENTATION_CONTEXT() REPRESENTATION_CONTEXT('2D SPACE',''
  ) );
#3062 = ORIENTED_EDGE('',*,*,#3063,.F.);
#3063 = EDGE_CURVE('',#2825,#3041,#3064,.T.);
#3064 = SURFACE_CURVE('',#3065,(#3070,#3081),.PCURVE_S1.);
#3065 = CIRCLE('',#3066,2.);
#3066 = AXIS2_PLACEMENT_3D('',#3067,#3068,#3069);
#3067 = CARTESIAN_POINT('',(8.,14.242640687119,9.899494936612));
#3068 = DIRECTION('',(0.,-0.707106781187,0.707106781187));
#3069 = DIRECTION('',(0.,0.707106781187,0.707106781187));
#3070 = PCURVE('',#1304,#3071);
#3071 = DEFINITIONAL_REPRESENTATION('',(#3072),#3080);
#3072 = ( BOUNDED_CURVE() B_SPLINE_CURVE(2,(#3073,#3074,#3075,#3076,
#3077,#3078,#3079),.UNSPECIFIED.,.T.,.F.) B_SPLINE_CURVE_WITH_KNOTS((1,2
    ,2,2,2,1),(-2.094395102393,0.,2.094395102393,4.188790204786,
6.28318530718,8.377580409573),.UNSPECIFIED.) CURVE() 
GEOMETRIC_REPRESENTATION_ITEM() RATIONAL_B_SPLINE_CURVE((1.,0.5,1.,0.5,
1.,0.5,1.)) REPRESENTATION_ITEM('') );
#3073 = CARTESIAN_POINT('',(4.,15.));
#3074 = CARTESIAN_POINT('',(0.535898384862,15.));
#3075 = CARTESIAN_POINT('',(2.267949192431,18.));
#3076 = CARTESIAN_POINT('',(4.,21.));
#3077 = CARTESIAN_POINT('',(5.732050807569,18.));
#3078 = CARTESIAN_POINT('',(7.464101615138,15.));
#3079 = CARTESIAN_POINT('',(4.,15.));
#3080 = ( GEOMETRIC_REPRESENTATION_CONTEXT(2) 
PARAMETRIC_REPRESENTATION_CONTEXT() REPRESENTATION_CONTEXT('2D SPACE',''
  ) );
#3081 = PCURVE('',#2486,#3082);
#3082 = DEFINITIONAL_REPRESENTATION('',(#3083),#3087);
#3083 = LINE('',#3084,#3085);
#3084 = CARTESIAN_POINT('',(-0.,5.));
#3085 = VECTOR('',#3086,1.);
#3086 = DIRECTION('',(-1.,0.));
#3087 = ( GEOMETRIC_REPRESENTATION_CONTEXT(2) 
PARAMETRIC_REPRESENTATION_CONTEXT() REPRESENTATION_CONTEXT('2D SPACE',''
  ) );
#3088 = ORIENTED_EDGE('',*,*,#2847,.T.);
#3089 = FACE_BOUND('',#3090,.T.);
#3090 = EDGE_LOOP('',(#3091));
#3091 = ORIENTED_EDGE('',*,*,#3092,.F.);
#3092 = EDGE_CURVE('',#3093,#3093,#3095,.T.);
#3093 = VERTEX_POINT('',#3094);
#3094 = CARTESIAN_POINT('',(17.,8.797918471983,4.454772721475));
#3095 = SURFACE_CURVE('',#3096,(#3101,#3108),.PCURVE_S1.);
#3096 = CIRCLE('',#3097,1.7);
#3097 = AXIS2_PLACEMENT_3D('',#3098,#3099,#3100);
#3098 = CARTESIAN_POINT('',(17.,10.,5.656854249492));
#3099 = DIRECTION('',(-0.,0.707106781187,-0.707106781187));
#3100 = DIRECTION('',(0.,-0.707106781187,-0.707106781187));
#3101 = PCURVE('',#1304,#3102);
#3102 = DEFINITIONAL_REPRESENTATION('',(#3103),#3107);
#3103 = CIRCLE('',#3104,1.7);
#3104 = AXIS2_PLACEMENT_2D('',#3105,#3106);
#3105 = CARTESIAN_POINT('',(13.,23.));
#3106 = DIRECTION('',(0.,1.));
#3107 = ( GEOMETRIC_REPRESENTATION_CONTEXT(2) 
PARAMETRIC_REPRESENTATION_CONTEXT() REPRESENTATION_CONTEXT('2D SPACE',''
  ) );
#3108 = PCURVE('',#2777,#3109);
#3109 = DEFINITIONAL_REPRESENTATION('',(#3110),#3114);
#3110 = LINE('',#3111,#3112);
#3111 = CARTESIAN_POINT('',(4.26642158859E-17,6.));
#3112 = VECTOR('',#3113,1.);
#3113 = DIRECTION('',(1.,0.));
#3114 = ( GEOMETRIC_REPRESENTATION_CONTEXT(2) 
PARAMETRIC_REPRESENTATION_CONTEXT() REPRESENTATION_CONTEXT('2D SPACE',''
  ) );
#3115 = FACE_BOUND('',#3116,.T.);
#3116 = EDGE_LOOP('',(#3117));
#3117 = ORIENTED_EDGE('',*,*,#3118,.F.);
#3118 = EDGE_CURVE('',#3119,#3119,#3121,.T.);
#3119 = VERTEX_POINT('',#3120);
#3120 = CARTESIAN_POINT('',(37.,8.797918471983,4.454772721475));
#3121 = SURFACE_CURVE('',#3122,(#3127,#3134),.PCURVE_S1.);
#3122 = CIRCLE('',#3123,1.7);
#3123 = AXIS2_PLACEMENT_3D('',#3124,#3125,#3126);
#3124 = CARTESIAN_POINT('',(37.,10.,5.656854249492));
#3125 = DIRECTION('',(-0.,0.707106781187,-0.707106781187));
#3126 = DIRECTION('',(0.,-0.707106781187,-0.707106781187));
#3127 = PCURVE('',#1304,#3128);
#3128 = DEFINITIONAL_REPRESENTATION('',(#3129),#3133);
#3129 = CIRCLE('',#3130,1.7);
#3130 = AXIS2_PLACEMENT_2D('',#3131,#3132);
#3131 = CARTESIAN_POINT('',(33.,23.));
#3132 = DIRECTION('',(0.,1.));
#3133 = ( GEOMETRIC_REPRESENTATION_CONTEXT(2) 
PARAMETRIC_REPRESENTATION_CONTEXT() REPRESENTATION_CONTEXT('2D SPACE',''
  ) );
#3134 = PCURVE('',#2808,#3135);
#3135 = DEFINITIONAL_REPRESENTATION('',(#3136),#3140);
#3136 = LINE('',#3137,#3138);
#3137 = CARTESIAN_POINT('',(4.26642158859E-17,6.));
#3138 = VECTOR('',#3139,1.);
#3139 = DIRECTION('',(1.,0.));
#3140 = ( GEOMETRIC_REPRESENTATION_CONTEXT(2) 
PARAMETRIC_REPRESENTATION_CONTEXT() REPRESENTATION_CONTEXT('2D SPACE',''
  ) );
#3141 = ADVANCED_FACE('',(#3142),#1726,.T.);
#3142 = FACE_BOUND('',#3143,.T.);
#3143 = EDGE_LOOP('',(#3144,#3165,#3166,#3167));
#3144 = ORIENTED_EDGE('',*,*,#3145,.T.);
#3145 = EDGE_CURVE('',#2128,#1685,#3146,.T.);
#3146 = SURFACE_CURVE('',#3147,(#3151,#3158),.PCURVE_S1.);
#3147 = LINE('',#3148,#3149);
#3148 = CARTESIAN_POINT('',(41.5,0.,30.656854249492));
#3149 = VECTOR('',#3150,1.);
#3150 = DIRECTION('',(1.,0.,0.));
#3151 = PCURVE('',#1726,#3152);
#3152 = DEFINITIONAL_REPRESENTATION('',(#3153),#3157);
#3153 = LINE('',#3154,#3155);
#3154 = CARTESIAN_POINT('',(0.,0.));
#3155 = VECTOR('',#3156,1.);
#3156 = DIRECTION('',(0.,-1.));
#3157 = ( GEOMETRIC_REPRESENTATION_CONTEXT(2) 
PARAMETRIC_REPRESENTATION_CONTEXT() REPRESENTATION_CONTEXT('2D SPACE',''
  ) );
#3158 = PCURVE('',#1700,#3159);
#3159 = DEFINITIONAL_REPRESENTATION('',(#3160),#3164);
#3160 = LINE('',#3161,#3162);
#3161 = CARTESIAN_POINT('',(25.,0.));
#3162 = VECTOR('',#3163,1.);
#3163 = DIRECTION('',(0.,-1.));
#3164 = ( GEOMETRIC_REPRESENTATION_CONTEXT(2) 
PARAMETRIC_REPRESENTATION_CONTEXT() REPRESENTATION_CONTEXT('2D SPACE',''
  ) );
#3165 = ORIENTED_EDGE('',*,*,#1712,.T.);
#3166 = ORIENTED_EDGE('',*,*,#1932,.F.);
#3167 = ORIENTED_EDGE('',*,*,#2150,.F.);
#3168 = ADVANCED_FACE('',(#3169),#1700,.T.);
#3169 = FACE_BOUND('',#3170,.T.);
#3170 = EDGE_LOOP('',(#3171,#3192,#3193,#3194));
#3171 = ORIENTED_EDGE('',*,*,#3172,.T.);
#3172 = EDGE_CURVE('',#2105,#1657,#3173,.T.);
#3173 = SURFACE_CURVE('',#3174,(#3178,#3185),.PCURVE_S1.);
#3174 = LINE('',#3175,#3176);
#3175 = CARTESIAN_POINT('',(41.5,0.,5.656854249492));
#3176 = VECTOR('',#3177,1.);
#3177 = DIRECTION('',(1.,0.,0.));
#3178 = PCURVE('',#1700,#3179);
#3179 = DEFINITIONAL_REPRESENTATION('',(#3180),#3184);
#3180 = LINE('',#3181,#3182);
#3181 = CARTESIAN_POINT('',(0.,0.));
#3182 = VECTOR('',#3183,1.);
#3183 = DIRECTION('',(0.,-1.));
#3184 = ( GEOMETRIC_REPRESENTATION_CONTEXT(2) 
PARAMETRIC_REPRESENTATION_CONTEXT() REPRESENTATION_CONTEXT('2D SPACE',''
  ) );
#3185 = PCURVE('',#1672,#3186);
#3186 = DEFINITIONAL_REPRESENTATION('',(#3187),#3191);
#3187 = LINE('',#3188,#3189);
#3188 = CARTESIAN_POINT('',(76.,0.));
#3189 = VECTOR('',#3190,1.);
#3190 = DIRECTION('',(0.,-1.));
#3191 = ( GEOMETRIC_REPRESENTATION_CONTEXT(2) 
PARAMETRIC_REPRESENTATION_CONTEXT() REPRESENTATION_CONTEXT('2D SPACE',''
  ) );
#3192 = ORIENTED_EDGE('',*,*,#1684,.T.);
#3193 = ORIENTED_EDGE('',*,*,#3145,.F.);
#3194 = ORIENTED_EDGE('',*,*,#2127,.F.);
#3195 = ADVANCED_FACE('',(#3196),#1672,.T.);
#3196 = FACE_BOUND('',#3197,.T.);
#3197 = EDGE_LOOP('',(#3198,#3199,#3200,#3201));
#3198 = ORIENTED_EDGE('',*,*,#2104,.F.);
#3199 = ORIENTED_EDGE('',*,*,#2544,.F.);
#3200 = ORIENTED_EDGE('',*,*,#1656,.T.);
#3201 = ORIENTED_EDGE('',*,*,#3172,.F.);
#3202 = ADVANCED_FACE('',(#3203),#1621,.F.);
#3203 = FACE_BOUND('',#3204,.F.);
#3204 = EDGE_LOOP('',(#3205,#3206,#3207,#3208));
#3205 = ORIENTED_EDGE('',*,*,#2566,.F.);
#3206 = ORIENTED_EDGE('',*,*,#1605,.T.);
#3207 = ORIENTED_EDGE('',*,*,#2899,.T.);
#3208 = ORIENTED_EDGE('',*,*,#3209,.F.);
#3209 = EDGE_CURVE('',#2567,#2900,#3210,.T.);
#3210 = SURFACE_CURVE('',#3211,(#3215,#3222),.PCURVE_S1.);
#3211 = LINE('',#3212,#3213);
#3212 = CARTESIAN_POINT('',(46.,12.12132034356,14.849242404917));
#3213 = VECTOR('',#3214,1.);
#3214 = DIRECTION('',(0.,0.707106781187,-0.707106781187));
#3215 = PCURVE('',#1621,#3216);
#3216 = DEFINITIONAL_REPRESENTATION('',(#3217),#3221);
#3217 = LINE('',#3218,#3219);
#3218 = CARTESIAN_POINT('',(40.,0.));
#3219 = VECTOR('',#3220,1.);
#3220 = DIRECTION('',(0.,-1.));
#3221 = ( GEOMETRIC_REPRESENTATION_CONTEXT(2) 
PARAMETRIC_REPRESENTATION_CONTEXT() REPRESENTATION_CONTEXT('2D SPACE',''
  ) );
#3222 = PCURVE('',#2606,#3223);
#3223 = DEFINITIONAL_REPRESENTATION('',(#3224),#3228);
#3224 = LINE('',#3225,#3226);
#3225 = CARTESIAN_POINT('',(0.,0.));
#3226 = VECTOR('',#3227,1.);
#3227 = DIRECTION('',(0.,1.));
#3228 = ( GEOMETRIC_REPRESENTATION_CONTEXT(2) 
PARAMETRIC_REPRESENTATION_CONTEXT() REPRESENTATION_CONTEXT('2D SPACE',''
  ) );
#3229 = ADVANCED_FACE('',(#3230),#1827,.F.);
#3230 = FACE_BOUND('',#3231,.F.);
#3231 = EDGE_LOOP('',(#3232,#3233,#3234,#3235));
#3232 = ORIENTED_EDGE('',*,*,#2522,.F.);
#3233 = ORIENTED_EDGE('',*,*,#1811,.T.);
#3234 = ORIENTED_EDGE('',*,*,#2875,.T.);
#3235 = ORIENTED_EDGE('',*,*,#2058,.F.);
#3236 = ADVANCED_FACE('',(#3237),#2486,.T.);
#3237 = FACE_BOUND('',#3238,.F.);
#3238 = EDGE_LOOP('',(#3239,#3240,#3261,#3262));
#3239 = ORIENTED_EDGE('',*,*,#2463,.T.);
#3240 = ORIENTED_EDGE('',*,*,#3241,.T.);
#3241 = EDGE_CURVE('',#2466,#3041,#3242,.T.);
#3242 = SURFACE_CURVE('',#3243,(#3247,#3254),.PCURVE_S1.);
#3243 = LINE('',#3244,#3245);
#3244 = CARTESIAN_POINT('',(6.,10.707106781186,13.435028842544));
#3245 = VECTOR('',#3246,1.);
#3246 = DIRECTION('',(0.,0.707106781187,-0.707106781187));
#3247 = PCURVE('',#2486,#3248);
#3248 = DEFINITIONAL_REPRESENTATION('',(#3249),#3253);
#3249 = LINE('',#3250,#3251);
#3250 = CARTESIAN_POINT('',(-1.570796326795,0.));
#3251 = VECTOR('',#3252,1.);
#3252 = DIRECTION('',(-0.,1.));
#3253 = ( GEOMETRIC_REPRESENTATION_CONTEXT(2) 
PARAMETRIC_REPRESENTATION_CONTEXT() REPRESENTATION_CONTEXT('2D SPACE',''
  ) );
#3254 = PCURVE('',#2746,#3255);
#3255 = DEFINITIONAL_REPRESENTATION('',(#3256),#3260);
#3256 = LINE('',#3257,#3258);
#3257 = CARTESIAN_POINT('',(14.,1.458778910749E-15));
#3258 = VECTOR('',#3259,1.);
#3259 = DIRECTION('',(5.963456108107E-17,-1.));
#3260 = ( GEOMETRIC_REPRESENTATION_CONTEXT(2) 
PARAMETRIC_REPRESENTATION_CONTEXT() REPRESENTATION_CONTEXT('2D SPACE',''
  ) );
#3261 = ORIENTED_EDGE('',*,*,#3063,.F.);
#3262 = ORIENTED_EDGE('',*,*,#2824,.F.);
#3263 = ADVANCED_FACE('',(#3264),#2746,.F.);
#3264 = FACE_BOUND('',#3265,.F.);
#3265 = EDGE_LOOP('',(#3266,#3267,#3288,#3289));
#3266 = ORIENTED_EDGE('',*,*,#2732,.F.);
#3267 = ORIENTED_EDGE('',*,*,#3268,.T.);
#3268 = EDGE_CURVE('',#2704,#3017,#3269,.T.);
#3269 = SURFACE_CURVE('',#3270,(#3274,#3281),.PCURVE_S1.);
#3270 = LINE('',#3271,#3272);
#3271 = CARTESIAN_POINT('',(6.,2.221825406948,4.949747468306));
#3272 = VECTOR('',#3273,1.);
#3273 = DIRECTION('',(0.,0.707106781187,-0.707106781187));
#3274 = PCURVE('',#2746,#3275);
#3275 = DEFINITIONAL_REPRESENTATION('',(#3276),#3280);
#3276 = LINE('',#3277,#3278);
#3277 = CARTESIAN_POINT('',(2.,2.083969872498E-16));
#3278 = VECTOR('',#3279,1.);
#3279 = DIRECTION('',(5.963456108107E-17,-1.));
#3280 = ( GEOMETRIC_REPRESENTATION_CONTEXT(2) 
PARAMETRIC_REPRESENTATION_CONTEXT() REPRESENTATION_CONTEXT('2D SPACE',''
  ) );
#3281 = PCURVE('',#2720,#3282);
#3282 = DEFINITIONAL_REPRESENTATION('',(#3283),#3287);
#3283 = LINE('',#3284,#3285);
#3284 = CARTESIAN_POINT('',(1.570796326795,0.));
#3285 = VECTOR('',#3286,1.);
#3286 = DIRECTION('',(0.,1.));
#3287 = ( GEOMETRIC_REPRESENTATION_CONTEXT(2) 
PARAMETRIC_REPRESENTATION_CONTEXT() REPRESENTATION_CONTEXT('2D SPACE',''
  ) );
#3288 = ORIENTED_EDGE('',*,*,#3040,.T.);
#3289 = ORIENTED_EDGE('',*,*,#3241,.F.);
#3290 = ADVANCED_FACE('',(#3291),#2720,.T.);
#3291 = FACE_BOUND('',#3292,.T.);
#3292 = EDGE_LOOP('',(#3293,#3294,#3295,#3296));
#3293 = ORIENTED_EDGE('',*,*,#2703,.T.);
#3294 = ORIENTED_EDGE('',*,*,#3268,.T.);
#3295 = ORIENTED_EDGE('',*,*,#3016,.F.);
#3296 = ORIENTED_EDGE('',*,*,#3297,.F.);
#3297 = EDGE_CURVE('',#2676,#2994,#3298,.T.);
#3298 = SURFACE_CURVE('',#3299,(#3303,#3310),.PCURVE_S1.);
#3299 = LINE('',#3300,#3301);
#3300 = CARTESIAN_POINT('',(8.,0.807611844575,3.535533905933));
#3301 = VECTOR('',#3302,1.);
#3302 = DIRECTION('',(0.,0.707106781187,-0.707106781187));
#3303 = PCURVE('',#2720,#3304);
#3304 = DEFINITIONAL_REPRESENTATION('',(#3305),#3309);
#3305 = LINE('',#3306,#3307);
#3306 = CARTESIAN_POINT('',(0.,0.));
#3307 = VECTOR('',#3308,1.);
#3308 = DIRECTION('',(0.,1.));
#3309 = ( GEOMETRIC_REPRESENTATION_CONTEXT(2) 
PARAMETRIC_REPRESENTATION_CONTEXT() REPRESENTATION_CONTEXT('2D SPACE',''
  ) );
#3310 = PCURVE('',#2691,#3311);
#3311 = DEFINITIONAL_REPRESENTATION('',(#3312),#3316);
#3312 = LINE('',#3313,#3314);
#3313 = CARTESIAN_POINT('',(40.,0.));
#3314 = VECTOR('',#3315,1.);
#3315 = DIRECTION('',(0.,-1.));
#3316 = ( GEOMETRIC_REPRESENTATION_CONTEXT(2) 
PARAMETRIC_REPRESENTATION_CONTEXT() REPRESENTATION_CONTEXT('2D SPACE',''
  ) );
#3317 = ADVANCED_FACE('',(#3318),#2691,.F.);
#3318 = FACE_BOUND('',#3319,.F.);
#3319 = EDGE_LOOP('',(#3320,#3321,#3342,#3343));
#3320 = ORIENTED_EDGE('',*,*,#2675,.F.);
#3321 = ORIENTED_EDGE('',*,*,#3322,.T.);
#3322 = EDGE_CURVE('',#2647,#2970,#3323,.T.);
#3323 = SURFACE_CURVE('',#3324,(#3328,#3335),.PCURVE_S1.);
#3324 = LINE('',#3325,#3326);
#3325 = CARTESIAN_POINT('',(46.,0.807611844575,3.535533905933));
#3326 = VECTOR('',#3327,1.);
#3327 = DIRECTION('',(0.,0.707106781187,-0.707106781187));
#3328 = PCURVE('',#2691,#3329);
#3329 = DEFINITIONAL_REPRESENTATION('',(#3330),#3334);
#3330 = LINE('',#3331,#3332);
#3331 = CARTESIAN_POINT('',(2.,0.));
#3332 = VECTOR('',#3333,1.);
#3333 = DIRECTION('',(0.,-1.));
#3334 = ( GEOMETRIC_REPRESENTATION_CONTEXT(2) 
PARAMETRIC_REPRESENTATION_CONTEXT() REPRESENTATION_CONTEXT('2D SPACE',''
  ) );
#3335 = PCURVE('',#2663,#3336);
#3336 = DEFINITIONAL_REPRESENTATION('',(#3337),#3341);
#3337 = LINE('',#3338,#3339);
#3338 = CARTESIAN_POINT('',(1.570796326795,0.));
#3339 = VECTOR('',#3340,1.);
#3340 = DIRECTION('',(0.,1.));
#3341 = ( GEOMETRIC_REPRESENTATION_CONTEXT(2) 
PARAMETRIC_REPRESENTATION_CONTEXT() REPRESENTATION_CONTEXT('2D SPACE',''
  ) );
#3342 = ORIENTED_EDGE('',*,*,#2993,.T.);
#3343 = ORIENTED_EDGE('',*,*,#3297,.F.);
#3344 = ADVANCED_FACE('',(#3345),#2663,.T.);
#3345 = FACE_BOUND('',#3346,.T.);
#3346 = EDGE_LOOP('',(#3347,#3348,#3349,#3350));
#3347 = ORIENTED_EDGE('',*,*,#2646,.T.);
#3348 = ORIENTED_EDGE('',*,*,#3322,.T.);
#3349 = ORIENTED_EDGE('',*,*,#2969,.F.);
#3350 = ORIENTED_EDGE('',*,*,#3351,.F.);
#3351 = EDGE_CURVE('',#2619,#2947,#3352,.T.);
#3352 = SURFACE_CURVE('',#3353,(#3357,#3364),.PCURVE_S1.);
#3353 = LINE('',#3354,#3355);
#3354 = CARTESIAN_POINT('',(48.,2.221825406948,4.949747468306));
#3355 = VECTOR('',#3356,1.);
#3356 = DIRECTION('',(0.,0.707106781187,-0.707106781187));
#3357 = PCURVE('',#2663,#3358);
#3358 = DEFINITIONAL_REPRESENTATION('',(#3359),#3363);
#3359 = LINE('',#3360,#3361);
#3360 = CARTESIAN_POINT('',(0.,0.));
#3361 = VECTOR('',#3362,1.);
#3362 = DIRECTION('',(0.,1.));
#3363 = ( GEOMETRIC_REPRESENTATION_CONTEXT(2) 
PARAMETRIC_REPRESENTATION_CONTEXT() REPRESENTATION_CONTEXT('2D SPACE',''
  ) );
#3364 = PCURVE('',#2634,#3365);
#3365 = DEFINITIONAL_REPRESENTATION('',(#3366),#3370);
#3366 = LINE('',#3367,#3368);
#3367 = CARTESIAN_POINT('',(14.,-1.458778910749E-15));
#3368 = VECTOR('',#3369,1.);
#3369 = DIRECTION('',(-5.963456108107E-17,-1.));
#3370 = ( GEOMETRIC_REPRESENTATION_CONTEXT(2) 
PARAMETRIC_REPRESENTATION_CONTEXT() REPRESENTATION_CONTEXT('2D SPACE',''
  ) );
#3371 = ADVANCED_FACE('',(#3372),#2634,.F.);
#3372 = FACE_BOUND('',#3373,.F.);
#3373 = EDGE_LOOP('',(#3374,#3375,#3396,#3397));
#3374 = ORIENTED_EDGE('',*,*,#2618,.F.);
#3375 = ORIENTED_EDGE('',*,*,#3376,.T.);
#3376 = EDGE_CURVE('',#2590,#2923,#3377,.T.);
#3377 = SURFACE_CURVE('',#3378,(#3382,#3389),.PCURVE_S1.);
#3378 = LINE('',#3379,#3380);
#3379 = CARTESIAN_POINT('',(48.,10.707106781186,13.435028842544));
#3380 = VECTOR('',#3381,1.);
#3381 = DIRECTION('',(0.,0.707106781187,-0.707106781187));
#3382 = PCURVE('',#2634,#3383);
#3383 = DEFINITIONAL_REPRESENTATION('',(#3384),#3388);
#3384 = LINE('',#3385,#3386);
#3385 = CARTESIAN_POINT('',(2.,-2.083969872498E-16));
#3386 = VECTOR('',#3387,1.);
#3387 = DIRECTION('',(-5.963456108107E-17,-1.));
#3388 = ( GEOMETRIC_REPRESENTATION_CONTEXT(2) 
PARAMETRIC_REPRESENTATION_CONTEXT() REPRESENTATION_CONTEXT('2D SPACE',''
  ) );
#3389 = PCURVE('',#2606,#3390);
#3390 = DEFINITIONAL_REPRESENTATION('',(#3391),#3395);
#3391 = LINE('',#3392,#3393);
#3392 = CARTESIAN_POINT('',(1.570796326795,0.));
#3393 = VECTOR('',#3394,1.);
#3394 = DIRECTION('',(0.,1.));
#3395 = ( GEOMETRIC_REPRESENTATION_CONTEXT(2) 
PARAMETRIC_REPRESENTATION_CONTEXT() REPRESENTATION_CONTEXT('2D SPACE',''
  ) );
#3396 = ORIENTED_EDGE('',*,*,#2946,.T.);
#3397 = ORIENTED_EDGE('',*,*,#3351,.F.);
#3398 = ADVANCED_FACE('',(#3399),#2606,.T.);
#3399 = FACE_BOUND('',#3400,.T.);
#3400 = EDGE_LOOP('',(#3401,#3402,#3403,#3404));
#3401 = ORIENTED_EDGE('',*,*,#2589,.T.);
#3402 = ORIENTED_EDGE('',*,*,#3376,.T.);
#3403 = ORIENTED_EDGE('',*,*,#2922,.F.);
#3404 = ORIENTED_EDGE('',*,*,#3209,.F.);
#3405 = ADVANCED_FACE('',(#3406),#2808,.F.);
#3406 = FACE_BOUND('',#3407,.F.);
#3407 = EDGE_LOOP('',(#3408,#3409,#3430,#3431));
#3408 = ORIENTED_EDGE('',*,*,#3118,.F.);
#3409 = ORIENTED_EDGE('',*,*,#3410,.F.);
#3410 = EDGE_CURVE('',#2792,#3119,#3411,.T.);
#3411 = SEAM_CURVE('',#3412,(#3416,#3423),.PCURVE_S1.);
#3412 = LINE('',#3413,#3414);
#3413 = CARTESIAN_POINT('',(37.,4.555277784864,8.697413408595));
#3414 = VECTOR('',#3415,1.);
#3415 = DIRECTION('',(-8.038206038713E-34,0.707106781187,-0.707106781187
    ));
#3416 = PCURVE('',#2808,#3417);
#3417 = DEFINITIONAL_REPRESENTATION('',(#3418),#3422);
#3418 = LINE('',#3419,#3420);
#3419 = CARTESIAN_POINT('',(6.28318530718,-0.));
#3420 = VECTOR('',#3421,1.);
#3421 = DIRECTION('',(0.,1.));
#3422 = ( GEOMETRIC_REPRESENTATION_CONTEXT(2) 
PARAMETRIC_REPRESENTATION_CONTEXT() REPRESENTATION_CONTEXT('2D SPACE',''
  ) );
#3423 = PCURVE('',#2808,#3424);
#3424 = DEFINITIONAL_REPRESENTATION('',(#3425),#3429);
#3425 = LINE('',#3426,#3427);
#3426 = CARTESIAN_POINT('',(0.,-0.));
#3427 = VECTOR('',#3428,1.);
#3428 = DIRECTION('',(0.,1.));
#3429 = ( GEOMETRIC_REPRESENTATION_CONTEXT(2) 
PARAMETRIC_REPRESENTATION_CONTEXT() REPRESENTATION_CONTEXT('2D SPACE',''
  ) );
#3430 = ORIENTED_EDGE('',*,*,#2791,.T.);
#3431 = ORIENTED_EDGE('',*,*,#3410,.T.);
#3432 = ADVANCED_FACE('',(#3433),#2777,.F.);
#3433 = FACE_BOUND('',#3434,.F.);
#3434 = EDGE_LOOP('',(#3435,#3436,#3457,#3458));
#3435 = ORIENTED_EDGE('',*,*,#3092,.F.);
#3436 = ORIENTED_EDGE('',*,*,#3437,.F.);
#3437 = EDGE_CURVE('',#2761,#3093,#3438,.T.);
#3438 = SEAM_CURVE('',#3439,(#3443,#3450),.PCURVE_S1.);
#3439 = LINE('',#3440,#3441);
#3440 = CARTESIAN_POINT('',(17.,4.555277784864,8.697413408595));
#3441 = VECTOR('',#3442,1.);
#3442 = DIRECTION('',(-8.038206038713E-34,0.707106781187,-0.707106781187
    ));
#3443 = PCURVE('',#2777,#3444);
#3444 = DEFINITIONAL_REPRESENTATION('',(#3445),#3449);
#3445 = LINE('',#3446,#3447);
#3446 = CARTESIAN_POINT('',(6.28318530718,-0.));
#3447 = VECTOR('',#3448,1.);
#3448 = DIRECTION('',(0.,1.));
#3449 = ( GEOMETRIC_REPRESENTATION_CONTEXT(2) 
PARAMETRIC_REPRESENTATION_CONTEXT() REPRESENTATION_CONTEXT('2D SPACE',''
  ) );
#3450 = PCURVE('',#2777,#3451);
#3451 = DEFINITIONAL_REPRESENTATION('',(#3452),#3456);
#3452 = LINE('',#3453,#3454);
#3453 = CARTESIAN_POINT('',(0.,-0.));
#3454 = VECTOR('',#3455,1.);
#3455 = DIRECTION('',(0.,1.));
#3456 = ( GEOMETRIC_REPRESENTATION_CONTEXT(2) 
PARAMETRIC_REPRESENTATION_CONTEXT() REPRESENTATION_CONTEXT('2D SPACE',''
  ) );
#3457 = ORIENTED_EDGE('',*,*,#2760,.T.);
#3458 = ORIENTED_EDGE('',*,*,#3437,.T.);
#3459 = ( GEOMETRIC_REPRESENTATION_CONTEXT(3) 
GLOBAL_UNCERTAINTY_ASSIGNED_CONTEXT((#3463)) 
GLOBAL_UNIT_ASSIGNED_CONTEXT((#3460,#3461,#3462)) REPRESENTATION_CONTEXT
('Context #1','3D Context with UNIT and UNCERTAINTY') );
#3460 = ( LENGTH_UNIT() NAMED_UNIT(*) SI_UNIT(.MILLI.,.METRE.) );
#3461 = ( NAMED_UNIT(*) PLANE_ANGLE_UNIT() SI_UNIT($,.RADIAN.) );
#3462 = ( NAMED_UNIT(*) SI_UNIT($,.STERADIAN.) SOLID_ANGLE_UNIT() );
#3463 = UNCERTAINTY_MEASURE_WITH_UNIT(LENGTH_MEASURE(1.E-07),#3460,
  'distance_accuracy_value','confusion accuracy');
#3464 = PRODUCT_RELATED_PRODUCT_CATEGORY('part',$,(#7));
ENDSEC;
END-ISO-10303-21;
