ISO-10303-21;
HEADER;
FILE_DESCRIPTION(('Open CASCADE Model'),'2;1');
FILE_NAME('Open CASCADE Shape Model','2026-09-12T18:27:14',('Author'),(
    'Open CASCADE'),'Open CASCADE STEP processor 7.9','Open CASCADE 7.9'
  ,'Unknown');
FILE_SCHEMA(('AUTOMOTIVE_DESIGN { 1 0 10303 214 1 1 1 1 }'));
ENDSEC;
DATA;
#1 = APPLICATION_PROTOCOL_DEFINITION('international standard',
  'automotive_design',2000,#2);
#2 = APPLICATION_CONTEXT(
  'core data for automotive mechanical design processes');
#3 = SHAPE_DEFINITION_REPRESENTATION(#4,#10);
#4 = PRODUCT_DEFINITION_SHAPE('','',#5);
#5 = PRODUCT_DEFINITION('design','',#6,#9);
#6 = PRODUCT_DEFINITION_FORMATION('','',#7);
#7 = PRODUCT('Open CASCADE STEP translator 7.9 2',
  'Open CASCADE STEP translator 7.9 2','',(#8));
#8 = PRODUCT_CONTEXT('',#2,'mechanical');
#9 = PRODUCT_DEFINITION_CONTEXT('part definition',#2,'design');
#10 = ADVANCED_BREP_SHAPE_REPRESENTATION('',(#11,#15),#5527);
#11 = AXIS2_PLACEMENT_3D('',#12,#13,#14);
#12 = CARTESIAN_POINT('',(0.,0.,0.));
#13 = DIRECTION('',(0.,0.,1.));
#14 = DIRECTION('',(1.,0.,-0.));
#15 = MANIFOLD_SOLID_BREP('',#16);
#16 = CLOSED_SHELL('',(#17,#237,#311,#487,#619,#1345,#1415,#1487,#1573,
    #1656,#1732,#1810,#1886,#2014,#2120,#2198,#2274,#2347,#2464,#2514,
    #2540,#2589,#2616,#2666,#2696,#2767,#2817,#2866,#2916,#2965,#3015,
    #3220,#3287,#3347,#3467,#3495,#3632,#3660,#3685,#3716,#3747,#3775,
    #3800,#3917,#3992,#4419,#4474,#4529,#4758,#4808,#4835,#4988,#5036,
    #5166,#5214,#5243,#5290,#5317,#5344,#5371,#5398,#5425,#5452,#5459,
    #5487,#5515));
#17 = ADVANCED_FACE('',(#18),#32,.F.);
#18 = FACE_BOUND('',#19,.F.);
#19 = EDGE_LOOP('',(#20,#53,#81,#132,#160,#211));
#20 = ORIENTED_EDGE('',*,*,#21,.F.);
#21 = EDGE_CURVE('',#22,#24,#26,.T.);
#22 = VERTEX_POINT('',#23);
#23 = CARTESIAN_POINT('',(-12.95904159402,-40.72792206135,-10.));
#24 = VERTEX_POINT('',#25);
#25 = CARTESIAN_POINT('',(-12.95904159402,-28.,-22.72792206135));
#26 = SURFACE_CURVE('',#27,(#31,#42),.PCURVE_S1.);
#27 = LINE('',#28,#29);
#28 = CARTESIAN_POINT('',(-12.95904159402,-65.83021279348,
    15.102290732122));
#29 = VECTOR('',#30,1.);
#30 = DIRECTION('',(0.,0.707106781187,-0.707106781187));
#31 = PCURVE('',#32,#37);
#32 = PLANE('',#33);
#33 = AXIS2_PLACEMENT_3D('',#34,#35,#36);
#34 = CARTESIAN_POINT('',(-11.44846133857,-46.3914042782,-8.592414404982
    ));
#35 = DIRECTION('',(0.893725983654,0.317217485443,0.317217485443));
#36 = DIRECTION('',(0.,0.707106781187,-0.707106781187));
#37 = DEFINITIONAL_REPRESENTATION('',(#38),#41);
#38 = B_SPLINE_CURVE_WITH_KNOTS('',1,(#39,#40),.UNSPECIFIED.,.F.,.F.,(2,
    2),(33.50908269009,55.49091730991),.PIECEWISE_BEZIER_KNOTS.);
#39 = CARTESIAN_POINT('',(3.00908269009,3.367221515729));
#40 = CARTESIAN_POINT('',(24.99091730991,3.367221515729));
#41 = ( GEOMETRIC_REPRESENTATION_CONTEXT(2) 
PARAMETRIC_REPRESENTATION_CONTEXT() REPRESENTATION_CONTEXT('2D SPACE',''
  ) );
#42 = PCURVE('',#43,#48);
#43 = PLANE('',#44);
#44 = AXIS2_PLACEMENT_3D('',#45,#46,#47);
#45 = CARTESIAN_POINT('',(-75.,-87.39696961967,36.669047558312));
#46 = DIRECTION('',(0.,-0.707106781187,-0.707106781187));
#47 = DIRECTION('',(0.,0.707106781187,-0.707106781187));
#48 = DEFINITIONAL_REPRESENTATION('',(#49),#52);
#49 = B_SPLINE_CURVE_WITH_KNOTS('',1,(#50,#51),.UNSPECIFIED.,.F.,.F.,(2,
    2),(33.50908269009,55.49091730991),.PIECEWISE_BEZIER_KNOTS.);
#50 = CARTESIAN_POINT('',(64.00908269009,62.040958405978));
#51 = CARTESIAN_POINT('',(85.99091730991,62.040958405978));
#52 = ( GEOMETRIC_REPRESENTATION_CONTEXT(2) 
PARAMETRIC_REPRESENTATION_CONTEXT() REPRESENTATION_CONTEXT('2D SPACE',''
  ) );
#53 = ORIENTED_EDGE('',*,*,#54,.F.);
#54 = EDGE_CURVE('',#55,#22,#57,.T.);
#55 = VERTEX_POINT('',#56);
#56 = CARTESIAN_POINT('',(-12.39618542177,-42.31370849898,-10.));
#57 = SURFACE_CURVE('',#58,(#62,#69),.PCURVE_S1.);
#58 = LINE('',#59,#60);
#59 = CARTESIAN_POINT('',(-11.00475417683,-46.23391566011,-10.));
#60 = VECTOR('',#61,1.);
#61 = DIRECTION('',(-0.33449311217,0.942398194985,8.71466361108E-18));
#62 = PCURVE('',#32,#63);
#63 = DEFINITIONAL_REPRESENTATION('',(#64),#68);
#64 = LINE('',#65,#66);
#65 = CARTESIAN_POINT('',(1.106674589152,-0.989063835774));
#66 = VECTOR('',#67,1.);
#67 = DIRECTION('',(0.666376154252,0.745615732831));
#68 = ( GEOMETRIC_REPRESENTATION_CONTEXT(2) 
PARAMETRIC_REPRESENTATION_CONTEXT() REPRESENTATION_CONTEXT('2D SPACE',''
  ) );
#69 = PCURVE('',#70,#75);
#70 = PLANE('',#71);
#71 = AXIS2_PLACEMENT_3D('',#72,#73,#74);
#72 = CARTESIAN_POINT('',(-2.822910246561,-43.5563491861,-10.));
#73 = DIRECTION('',(0.,7.154434857009E-16,-1.));
#74 = DIRECTION('',(-1.,0.,-0.));
#75 = DEFINITIONAL_REPRESENTATION('',(#76),#80);
#76 = LINE('',#77,#78);
#77 = CARTESIAN_POINT('',(8.181843930277,-2.677566474007));
#78 = VECTOR('',#79,1.);
#79 = DIRECTION('',(0.33449311217,0.942398194985));
#80 = ( GEOMETRIC_REPRESENTATION_CONTEXT(2) 
PARAMETRIC_REPRESENTATION_CONTEXT() REPRESENTATION_CONTEXT('2D SPACE',''
  ) );
#81 = ORIENTED_EDGE('',*,*,#82,.T.);
#82 = EDGE_CURVE('',#55,#83,#85,.T.);
#83 = VERTEX_POINT('',#84);
#84 = CARTESIAN_POINT('',(-11.44846133857,-44.26366150289,
    -10.72015718029));
#85 = SURFACE_CURVE('',#86,(#91,#98),.PCURVE_S1.);
#86 = ELLIPSE('',#87,3.356733556896,3.);
#87 = AXIS2_PLACEMENT_3D('',#88,#89,#90);
#88 = CARTESIAN_POINT('',(-11.33137084355,-42.31370849898,-13.));
#89 = DIRECTION('',(0.893725983654,0.317217485443,0.317217485443));
#90 = DIRECTION('',(0.448613270136,-0.631959703564,-0.631959703564));
#91 = PCURVE('',#32,#92);
#92 = DEFINITIONAL_REPRESENTATION('',(#93),#97);
#93 = ELLIPSE('',#94,3.356733556896,3.);
#94 = AXIS2_PLACEMENT_2D('',#95,#96);
#95 = CARTESIAN_POINT('',(6.,-0.261005420074));
#96 = DIRECTION('',(0.,-1.));
#97 = ( GEOMETRIC_REPRESENTATION_CONTEXT(2) 
PARAMETRIC_REPRESENTATION_CONTEXT() REPRESENTATION_CONTEXT('2D SPACE',''
  ) );
#98 = PCURVE('',#99,#104);
#99 = CYLINDRICAL_SURFACE('',#100,3.);
#100 = AXIS2_PLACEMENT_3D('',#101,#102,#103);
#101 = CARTESIAN_POINT('',(-2.822910246561,-42.31370849898,-13.));
#102 = DIRECTION('',(1.,0.,0.));
#103 = DIRECTION('',(0.,-0.707106781187,0.707106781187));
#104 = DEFINITIONAL_REPRESENTATION('',(#105),#131);
#105 = B_SPLINE_CURVE_WITH_KNOTS('',3,(#106,#107,#108,#109,#110,#111,
    #112,#113,#114,#115,#116,#117,#118,#119,#120,#121,#122,#123,#124,
    #125,#126,#127,#128,#129,#130),.UNSPECIFIED.,.F.,.F.,(4,1,1,1,1,1,1,
    1,1,1,1,1,1,1,1,1,1,1,1,1,1,1,4),(3.926990816987,3.959152808933,
    3.991314800878,4.023476792824,4.055638784769,4.087800776715,
    4.11996276866,4.152124760606,4.184286752551,4.216448744497,
    4.248610736442,4.280772728388,4.312934720333,4.345096712279,
    4.377258704224,4.40942069617,4.441582688115,4.473744680061,
    4.505906672006,4.538068663952,4.570230655897,4.602392647843,
    4.634554639788),.QUASI_UNIFORM_KNOTS.);
#106 = CARTESIAN_POINT('',(5.497787143782,-9.573275175217));
#107 = CARTESIAN_POINT('',(5.508507807764,-9.561859747119));
#108 = CARTESIAN_POINT('',(5.529949135728,-9.53866139775));
#109 = CARTESIAN_POINT('',(5.562111127673,-9.502798586024));
#110 = CARTESIAN_POINT('',(5.594273119619,-9.465907257994));
#111 = CARTESIAN_POINT('',(5.626435111564,-9.428025656727));
#112 = CARTESIAN_POINT('',(5.65859710351,-9.389192940241));
#113 = CARTESIAN_POINT('',(5.690759095455,-9.34944927958));
#114 = CARTESIAN_POINT('',(5.722921087401,-9.308835780135));
#115 = CARTESIAN_POINT('',(5.755083079346,-9.267394449079));
#116 = CARTESIAN_POINT('',(5.787245071292,-9.225168149249));
#117 = CARTESIAN_POINT('',(5.819407063237,-9.182200555534));
#118 = CARTESIAN_POINT('',(5.851569055183,-9.138536109502));
#119 = CARTESIAN_POINT('',(5.883731047128,-9.094219973492));
#120 = CARTESIAN_POINT('',(5.915893039074,-9.049297983884));
#121 = CARTESIAN_POINT('',(5.948055031019,-9.0038166037));
#122 = CARTESIAN_POINT('',(5.980217022965,-8.957822874532));
#123 = CARTESIAN_POINT('',(6.01237901491,-8.911364367926));
#124 = CARTESIAN_POINT('',(6.044541006856,-8.86448913605));
#125 = CARTESIAN_POINT('',(6.076702998801,-8.817245662456));
#126 = CARTESIAN_POINT('',(6.108864990747,-8.769682810219));
#127 = CARTESIAN_POINT('',(6.141026982692,-8.72184977779));
#128 = CARTESIAN_POINT('',(6.173188974638,-8.673796024252));
#129 = CARTESIAN_POINT('',(6.194630302601,-8.641646212894));
#130 = CARTESIAN_POINT('',(6.205350966583,-8.625551092017));
#131 = ( GEOMETRIC_REPRESENTATION_CONTEXT(2) 
PARAMETRIC_REPRESENTATION_CONTEXT() REPRESENTATION_CONTEXT('2D SPACE',''
  ) );
#132 = ORIENTED_EDGE('',*,*,#133,.T.);
#133 = EDGE_CURVE('',#83,#134,#136,.T.);
#134 = VERTEX_POINT('',#135);
#135 = CARTESIAN_POINT('',(-11.44846133857,-28.72015718029,
    -26.26366150289));
#136 = SURFACE_CURVE('',#137,(#141,#148),.PCURVE_S1.);
#137 = LINE('',#138,#139);
#138 = CARTESIAN_POINT('',(-11.44846133857,-46.3914042782,
    -8.592414404982));
#139 = VECTOR('',#140,1.);
#140 = DIRECTION('',(0.,0.707106781187,-0.707106781187));
#141 = PCURVE('',#32,#142);
#142 = DEFINITIONAL_REPRESENTATION('',(#143),#147);
#143 = LINE('',#144,#145);
#144 = CARTESIAN_POINT('',(0.,0.));
#145 = VECTOR('',#146,1.);
#146 = DIRECTION('',(1.,0.));
#147 = ( GEOMETRIC_REPRESENTATION_CONTEXT(2) 
PARAMETRIC_REPRESENTATION_CONTEXT() REPRESENTATION_CONTEXT('2D SPACE',''
  ) );
#148 = PCURVE('',#149,#154);
#149 = PLANE('',#150);
#150 = AXIS2_PLACEMENT_3D('',#151,#152,#153);
#151 = CARTESIAN_POINT('',(-15.29907604892,-50.04557871096,
    -12.24658883774));
#152 = DIRECTION('',(-0.801874672265,0.422490834208,0.422490834208));
#153 = DIRECTION('',(0.597492267716,0.56701101842,0.56701101842));
#154 = DEFINITIONAL_REPRESENTATION('',(#155),#159);
#155 = LINE('',#156,#157);
#156 = CARTESIAN_POINT('',(6.44462684859,0.));
#157 = VECTOR('',#158,1.);
#158 = DIRECTION('',(0.,1.));
#159 = ( GEOMETRIC_REPRESENTATION_CONTEXT(2) 
PARAMETRIC_REPRESENTATION_CONTEXT() REPRESENTATION_CONTEXT('2D SPACE',''
  ) );
#160 = ORIENTED_EDGE('',*,*,#161,.T.);
#161 = EDGE_CURVE('',#134,#162,#164,.T.);
#162 = VERTEX_POINT('',#163);
#163 = CARTESIAN_POINT('',(-12.39618542177,-28.,-24.31370849898));
#164 = SURFACE_CURVE('',#165,(#170,#177),.PCURVE_S1.);
#165 = ELLIPSE('',#166,3.356733556896,3.);
#166 = AXIS2_PLACEMENT_3D('',#167,#168,#169);
#167 = CARTESIAN_POINT('',(-11.33137084355,-31.,-24.31370849898));
#168 = DIRECTION('',(0.893725983654,0.317217485443,0.317217485443));
#169 = DIRECTION('',(-0.448613270136,0.631959703564,0.631959703564));
#170 = PCURVE('',#32,#171);
#171 = DEFINITIONAL_REPRESENTATION('',(#172),#176);
#172 = ELLIPSE('',#173,3.356733556896,3.);
#173 = AXIS2_PLACEMENT_2D('',#174,#175);
#174 = CARTESIAN_POINT('',(22.,-0.261005420074));
#175 = DIRECTION('',(0.,1.));
#176 = ( GEOMETRIC_REPRESENTATION_CONTEXT(2) 
PARAMETRIC_REPRESENTATION_CONTEXT() REPRESENTATION_CONTEXT('2D SPACE',''
  ) );
#177 = PCURVE('',#178,#183);
#178 = CYLINDRICAL_SURFACE('',#179,3.);
#179 = AXIS2_PLACEMENT_3D('',#180,#181,#182);
#180 = CARTESIAN_POINT('',(-9.143531641261,-31.,-24.31370849898));
#181 = DIRECTION('',(-1.,0.,-0.));
#182 = DIRECTION('',(0.,0.707106781187,-0.707106781187));
#183 = DEFINITIONAL_REPRESENTATION('',(#184),#210);
#184 = B_SPLINE_CURVE_WITH_KNOTS('',3,(#185,#186,#187,#188,#189,#190,
    #191,#192,#193,#194,#195,#196,#197,#198,#199,#200,#201,#202,#203,
    #204,#205,#206,#207,#208,#209),.UNSPECIFIED.,.F.,.F.,(4,1,1,1,1,1,1,
    1,1,1,1,1,1,1,1,1,1,1,1,1,1,1,4),(4.790223320981,4.822385312927,
    4.854547304872,4.886709296818,4.918871288763,4.951033280709,
    4.983195272654,5.0153572646,5.047519256545,5.079681248491,
    5.111843240436,5.144005232382,5.176167224327,5.208329216273,
    5.240491208218,5.272653200164,5.304815192109,5.336977184055,
    5.369139176,5.401301167946,5.433463159891,5.465625151837,
    5.497787143782),.QUASI_UNIFORM_KNOTS.);
#185 = CARTESIAN_POINT('',(6.205350966583,2.304929697317));
#186 = CARTESIAN_POINT('',(6.194630302601,2.321024818194));
#187 = CARTESIAN_POINT('',(6.173188974638,2.353174629552));
#188 = CARTESIAN_POINT('',(6.141026982692,2.40122838309));
#189 = CARTESIAN_POINT('',(6.108864990747,2.449061415519));
#190 = CARTESIAN_POINT('',(6.076702998801,2.496624267756));
#191 = CARTESIAN_POINT('',(6.044541006856,2.54386774135));
#192 = CARTESIAN_POINT('',(6.01237901491,2.590742973226));
#193 = CARTESIAN_POINT('',(5.980217022965,2.637201479832));
#194 = CARTESIAN_POINT('',(5.948055031019,2.683195209));
#195 = CARTESIAN_POINT('',(5.915893039074,2.728676589184));
#196 = CARTESIAN_POINT('',(5.883731047128,2.773598578792));
#197 = CARTESIAN_POINT('',(5.851569055183,2.817914714802));
#198 = CARTESIAN_POINT('',(5.819407063237,2.861579160834));
#199 = CARTESIAN_POINT('',(5.787245071292,2.904546754549));
#200 = CARTESIAN_POINT('',(5.755083079346,2.946773054379));
#201 = CARTESIAN_POINT('',(5.722921087401,2.988214385435));
#202 = CARTESIAN_POINT('',(5.690759095455,3.02882788488));
#203 = CARTESIAN_POINT('',(5.65859710351,3.068571545541));
#204 = CARTESIAN_POINT('',(5.626435111564,3.107404262027));
#205 = CARTESIAN_POINT('',(5.594273119619,3.145285863294));
#206 = CARTESIAN_POINT('',(5.562111127673,3.182177191324));
#207 = CARTESIAN_POINT('',(5.529949135728,3.21804000305));
#208 = CARTESIAN_POINT('',(5.508507807764,3.241238352419));
#209 = CARTESIAN_POINT('',(5.497787143782,3.252653780517));
#210 = ( GEOMETRIC_REPRESENTATION_CONTEXT(2) 
PARAMETRIC_REPRESENTATION_CONTEXT() REPRESENTATION_CONTEXT('2D SPACE',''
  ) );
#211 = ORIENTED_EDGE('',*,*,#212,.F.);
#212 = EDGE_CURVE('',#24,#162,#213,.T.);
#213 = SURFACE_CURVE('',#214,(#218,#225),.PCURVE_S1.);
#214 = LINE('',#215,#216);
#215 = CARTESIAN_POINT('',(-17.24590472076,-28.,-10.65014848157));
#216 = VECTOR('',#217,1.);
#217 = DIRECTION('',(0.33449311217,-8.71466361108E-18,-0.942398194985));
#218 = PCURVE('',#32,#219);
#219 = DEFINITIONAL_REPRESENTATION('',(#220),#224);
#220 = LINE('',#221,#222);
#221 = CARTESIAN_POINT('',(14.459724400097,12.923031412839));
#222 = VECTOR('',#223,1.);
#223 = DIRECTION('',(0.666376154252,-0.745615732831));
#224 = ( GEOMETRIC_REPRESENTATION_CONTEXT(2) 
PARAMETRIC_REPRESENTATION_CONTEXT() REPRESENTATION_CONTEXT('2D SPACE',''
  ) );
#225 = PCURVE('',#226,#231);
#226 = PLANE('',#227);
#227 = AXIS2_PLACEMENT_3D('',#228,#229,#230);
#228 = CARTESIAN_POINT('',(20.651963487589,-28.,-21.31370849898));
#229 = DIRECTION('',(0.,-1.,-6.572319354819E-16));
#230 = DIRECTION('',(-1.,0.,-0.));
#231 = DEFINITIONAL_REPRESENTATION('',(#232),#236);
#232 = LINE('',#233,#234);
#233 = CARTESIAN_POINT('',(37.897868208352,-10.66356001741));
#234 = VECTOR('',#235,1.);
#235 = DIRECTION('',(-0.33449311217,0.942398194985));
#236 = ( GEOMETRIC_REPRESENTATION_CONTEXT(2) 
PARAMETRIC_REPRESENTATION_CONTEXT() REPRESENTATION_CONTEXT('2D SPACE',''
  ) );
#237 = ADVANCED_FACE('',(#238),#70,.F.);
#238 = FACE_BOUND('',#239,.F.);
#239 = EDGE_LOOP('',(#240,#241,#262,#290));
#240 = ORIENTED_EDGE('',*,*,#54,.T.);
#241 = ORIENTED_EDGE('',*,*,#242,.F.);
#242 = EDGE_CURVE('',#243,#22,#245,.T.);
#243 = VERTEX_POINT('',#244);
#244 = CARTESIAN_POINT('',(12.99432070973,-40.72792206135,-10.));
#245 = SURFACE_CURVE('',#246,(#250,#256),.PCURVE_S1.);
#246 = LINE('',#247,#248);
#247 = CARTESIAN_POINT('',(-38.91145512328,-40.72792206135,-10.));
#248 = VECTOR('',#249,1.);
#249 = DIRECTION('',(-1.,0.,-0.));
#250 = PCURVE('',#70,#251);
#251 = DEFINITIONAL_REPRESENTATION('',(#252),#255);
#252 = B_SPLINE_CURVE_WITH_KNOTS('',1,(#253,#254),.UNSPECIFIED.,.F.,.F.,
  (2,2),(-51.9623484383,-25.89151576299),.PIECEWISE_BEZIER_KNOTS.);
#253 = CARTESIAN_POINT('',(-15.87380356158,2.828427124746));
#254 = CARTESIAN_POINT('',(10.197029113727,2.828427124746));
#255 = ( GEOMETRIC_REPRESENTATION_CONTEXT(2) 
PARAMETRIC_REPRESENTATION_CONTEXT() REPRESENTATION_CONTEXT('2D SPACE',''
  ) );
#256 = PCURVE('',#43,#257);
#257 = DEFINITIONAL_REPRESENTATION('',(#258),#261);
#258 = B_SPLINE_CURVE_WITH_KNOTS('',1,(#259,#260),.UNSPECIFIED.,.F.,.F.,
  (2,2),(-51.9623484383,-25.89151576299),.PIECEWISE_BEZIER_KNOTS.);
#259 = CARTESIAN_POINT('',(66.,88.050893315022));
#260 = CARTESIAN_POINT('',(66.,61.980060639712));
#261 = ( GEOMETRIC_REPRESENTATION_CONTEXT(2) 
PARAMETRIC_REPRESENTATION_CONTEXT() REPRESENTATION_CONTEXT('2D SPACE',''
  ) );
#262 = ORIENTED_EDGE('',*,*,#263,.F.);
#263 = EDGE_CURVE('',#264,#243,#266,.T.);
#264 = VERTEX_POINT('',#265);
#265 = CARTESIAN_POINT('',(12.471440446283,-42.31370849898,-10.));
#266 = SURFACE_CURVE('',#267,(#271,#278),.PCURVE_S1.);
#267 = LINE('',#268,#269);
#268 = CARTESIAN_POINT('',(15.142954158348,-34.21156636686,-10.));
#269 = VECTOR('',#270,1.);
#270 = DIRECTION('',(0.313145613015,0.949705125315,8.475492287598E-18));
#271 = PCURVE('',#70,#272);
#272 = DEFINITIONAL_REPRESENTATION('',(#273),#277);
#273 = LINE('',#274,#275);
#274 = CARTESIAN_POINT('',(-17.9658644049,9.344782819237));
#275 = VECTOR('',#276,1.);
#276 = DIRECTION('',(-0.313145613015,0.949705125315));
#277 = ( GEOMETRIC_REPRESENTATION_CONTEXT(2) 
PARAMETRIC_REPRESENTATION_CONTEXT() REPRESENTATION_CONTEXT('2D SPACE',''
  ) );
#278 = PCURVE('',#279,#284);
#279 = PLANE('',#280);
#280 = AXIS2_PLACEMENT_3D('',#281,#282,#283);
#281 = CARTESIAN_POINT('',(13.460628367885,-33.65685424949,
    -15.65685424949));
#282 = DIRECTION('',(0.906307787037,-0.29883623873,-0.29883623873));
#283 = DIRECTION('',(0.,-0.707106781187,0.707106781187));
#284 = DEFINITIONAL_REPRESENTATION('',(#285),#289);
#285 = LINE('',#286,#287);
#286 = CARTESIAN_POINT('',(4.392240699802,-3.98072194877));
#287 = VECTOR('',#288,1.);
#288 = DIRECTION('',(-0.671542934238,-0.740965645273));
#289 = ( GEOMETRIC_REPRESENTATION_CONTEXT(2) 
PARAMETRIC_REPRESENTATION_CONTEXT() REPRESENTATION_CONTEXT('2D SPACE',''
  ) );
#290 = ORIENTED_EDGE('',*,*,#291,.T.);
#291 = EDGE_CURVE('',#264,#55,#292,.T.);
#292 = SURFACE_CURVE('',#293,(#297,#304),.PCURVE_S1.);
#293 = LINE('',#294,#295);
#294 = CARTESIAN_POINT('',(-2.822910246561,-42.31370849898,-10.));
#295 = VECTOR('',#296,1.);
#296 = DIRECTION('',(-1.,0.,-0.));
#297 = PCURVE('',#70,#298);
#298 = DEFINITIONAL_REPRESENTATION('',(#299),#303);
#299 = LINE('',#300,#301);
#300 = CARTESIAN_POINT('',(0.,1.242640687119));
#301 = VECTOR('',#302,1.);
#302 = DIRECTION('',(1.,0.));
#303 = ( GEOMETRIC_REPRESENTATION_CONTEXT(2) 
PARAMETRIC_REPRESENTATION_CONTEXT() REPRESENTATION_CONTEXT('2D SPACE',''
  ) );
#304 = PCURVE('',#99,#305);
#305 = DEFINITIONAL_REPRESENTATION('',(#306),#310);
#306 = LINE('',#307,#308);
#307 = CARTESIAN_POINT('',(5.497787143782,0.));
#308 = VECTOR('',#309,1.);
#309 = DIRECTION('',(0.,-1.));
#310 = ( GEOMETRIC_REPRESENTATION_CONTEXT(2) 
PARAMETRIC_REPRESENTATION_CONTEXT() REPRESENTATION_CONTEXT('2D SPACE',''
  ) );
#311 = ADVANCED_FACE('',(#312),#279,.T.);
#312 = FACE_BOUND('',#313,.T.);
#313 = EDGE_LOOP('',(#314,#315,#361,#389,#440,#468));
#314 = ORIENTED_EDGE('',*,*,#263,.F.);
#315 = ORIENTED_EDGE('',*,*,#316,.T.);
#316 = EDGE_CURVE('',#264,#317,#319,.T.);
#317 = VERTEX_POINT('',#318);
#318 = CARTESIAN_POINT('',(11.674566416318,-44.12326415128,
    -10.6071965519));
#319 = SURFACE_CURVE('',#320,(#325,#332),.PCURVE_S1.);
#320 = ELLIPSE('',#321,3.310133756887,3.);
#321 = AXIS2_PLACEMENT_3D('',#322,#323,#324);
#322 = CARTESIAN_POINT('',(11.482252524682,-42.31370849898,-13.));
#323 = DIRECTION('',(0.906307787037,-0.29883623873,-0.29883623873));
#324 = DIRECTION('',(0.422618261741,0.640856382056,0.640856382056));
#325 = PCURVE('',#279,#326);
#326 = DEFINITIONAL_REPRESENTATION('',(#327),#331);
#327 = ELLIPSE('',#328,3.310133756887,3.);
#328 = AXIS2_PLACEMENT_2D('',#329,#330);
#329 = CARTESIAN_POINT('',(8.,4.681236052259));
#330 = DIRECTION('',(0.,-1.));
#331 = ( GEOMETRIC_REPRESENTATION_CONTEXT(2) 
PARAMETRIC_REPRESENTATION_CONTEXT() REPRESENTATION_CONTEXT('2D SPACE',''
  ) );
#332 = PCURVE('',#99,#333);
#333 = DEFINITIONAL_REPRESENTATION('',(#334),#360);
#334 = B_SPLINE_CURVE_WITH_KNOTS('',3,(#335,#336,#337,#338,#339,#340,
    #341,#342,#343,#344,#345,#346,#347,#348,#349,#350,#351,#352,#353,
    #354,#355,#356,#357,#358,#359),.UNSPECIFIED.,.F.,.F.,(4,1,1,1,1,1,1,
    1,1,1,1,1,1,1,1,1,1,1,1,1,1,1,4),(0.785398163397,0.814829463565,
    0.844260763733,0.8736920639,0.903123364068,0.932554664235,
    0.961985964403,0.99141726457,1.020848564738,1.050279864905,
    1.079711165073,1.10914246524,1.138573765408,1.168005065576,
    1.197436365743,1.226867665911,1.256298966078,1.285730266246,
    1.315161566413,1.344592866581,1.374024166748,1.403455466916,
    1.432886767084),.QUASI_UNIFORM_KNOTS.);
#335 = CARTESIAN_POINT('',(5.497787143782,15.294350692844));
#336 = CARTESIAN_POINT('',(5.507597577171,15.284646390251));
#337 = CARTESIAN_POINT('',(5.52721844395,15.264951946057));
#338 = CARTESIAN_POINT('',(5.556649744117,15.234579134905));
#339 = CARTESIAN_POINT('',(5.586081044285,15.203401275632));
#340 = CARTESIAN_POINT('',(5.615512344452,15.171445428954));
#341 = CARTESIAN_POINT('',(5.64494364462,15.13873925797));
#342 = CARTESIAN_POINT('',(5.674374944787,15.105311094816));
#343 = CARTESIAN_POINT('',(5.703806244955,15.071189891839));
#344 = CARTESIAN_POINT('',(5.733237545123,15.036405203031));
#345 = CARTESIAN_POINT('',(5.76266884529,15.000987156687));
#346 = CARTESIAN_POINT('',(5.792100145458,14.964966429775));
#347 = CARTESIAN_POINT('',(5.821531445625,14.928374221243));
#348 = CARTESIAN_POINT('',(5.850962745793,14.891242225028));
#349 = CARTESIAN_POINT('',(5.88039404596,14.853602602596));
#350 = CARTESIAN_POINT('',(5.909825346128,14.81548795509));
#351 = CARTESIAN_POINT('',(5.939256646295,14.776931295083));
#352 = CARTESIAN_POINT('',(5.968687946463,14.737966018018));
#353 = CARTESIAN_POINT('',(5.99811924663,14.698625873164));
#354 = CARTESIAN_POINT('',(6.027550546798,14.658944934827));
#355 = CARTESIAN_POINT('',(6.056981846966,14.618957571184));
#356 = CARTESIAN_POINT('',(6.086413147133,14.57869842068));
#357 = CARTESIAN_POINT('',(6.115844447301,14.53820233902));
#358 = CARTESIAN_POINT('',(6.135465314079,14.511070416242));
#359 = CARTESIAN_POINT('',(6.145275747468,14.497476662879));
#360 = ( GEOMETRIC_REPRESENTATION_CONTEXT(2) 
PARAMETRIC_REPRESENTATION_CONTEXT() REPRESENTATION_CONTEXT('2D SPACE',''
  ) );
#361 = ORIENTED_EDGE('',*,*,#362,.F.);
#362 = EDGE_CURVE('',#363,#317,#365,.T.);
#363 = VERTEX_POINT('',#364);
#364 = CARTESIAN_POINT('',(11.674566416318,-28.6071965519,
    -26.12326415128));
#365 = SURFACE_CURVE('',#366,(#370,#377),.PCURVE_S1.);
#366 = LINE('',#367,#368);
#367 = CARTESIAN_POINT('',(11.674566416318,-41.31497781989,
    -13.41548288328));
#368 = VECTOR('',#369,1.);
#369 = DIRECTION('',(0.,-0.707106781187,0.707106781187));
#370 = PCURVE('',#279,#371);
#371 = DEFINITIONAL_REPRESENTATION('',(#372),#376);
#372 = LINE('',#373,#374);
#373 = CARTESIAN_POINT('',(7.,4.226182617407));
#374 = VECTOR('',#375,1.);
#375 = DIRECTION('',(1.,0.));
#376 = ( GEOMETRIC_REPRESENTATION_CONTEXT(2) 
PARAMETRIC_REPRESENTATION_CONTEXT() REPRESENTATION_CONTEXT('2D SPACE',''
  ) );
#377 = PCURVE('',#378,#383);
#378 = PLANE('',#379);
#379 = AXIS2_PLACEMENT_3D('',#380,#381,#382);
#380 = CARTESIAN_POINT('',(14.556295927737,-48.69315023722,-10.894160364
    ));
#381 = DIRECTION('',(-0.766044443119,-0.454519477672,-0.454519477672));
#382 = DIRECTION('',(-0.642787609687,0.54167522042,0.54167522042));
#383 = DEFINITIONAL_REPRESENTATION('',(#384),#388);
#384 = LINE('',#385,#386);
#385 = CARTESIAN_POINT('',(4.483175263482,7.));
#386 = VECTOR('',#387,1.);
#387 = DIRECTION('',(-0.,-1.));
#388 = ( GEOMETRIC_REPRESENTATION_CONTEXT(2) 
PARAMETRIC_REPRESENTATION_CONTEXT() REPRESENTATION_CONTEXT('2D SPACE',''
  ) );
#389 = ORIENTED_EDGE('',*,*,#390,.T.);
#390 = EDGE_CURVE('',#363,#391,#393,.T.);
#391 = VERTEX_POINT('',#392);
#392 = CARTESIAN_POINT('',(12.471440446283,-28.,-24.31370849898));
#393 = SURFACE_CURVE('',#394,(#399,#406),.PCURVE_S1.);
#394 = ELLIPSE('',#395,3.310133756887,3.);
#395 = AXIS2_PLACEMENT_3D('',#396,#397,#398);
#396 = CARTESIAN_POINT('',(11.482252524682,-31.,-24.31370849898));
#397 = DIRECTION('',(0.906307787037,-0.29883623873,-0.29883623873));
#398 = DIRECTION('',(-0.422618261741,-0.640856382056,-0.640856382056));
#399 = PCURVE('',#279,#400);
#400 = DEFINITIONAL_REPRESENTATION('',(#401),#405);
#401 = ELLIPSE('',#402,3.310133756887,3.);
#402 = AXIS2_PLACEMENT_2D('',#403,#404);
#403 = CARTESIAN_POINT('',(-8.,4.681236052259));
#404 = DIRECTION('',(0.,1.));
#405 = ( GEOMETRIC_REPRESENTATION_CONTEXT(2) 
PARAMETRIC_REPRESENTATION_CONTEXT() REPRESENTATION_CONTEXT('2D SPACE',''
  ) );
#406 = PCURVE('',#407,#412);
#407 = CYLINDRICAL_SURFACE('',#408,3.);
#408 = AXIS2_PLACEMENT_3D('',#409,#410,#411);
#409 = CARTESIAN_POINT('',(-9.143531641261,-31.,-24.31370849898));
#410 = DIRECTION('',(-1.,0.,-0.));
#411 = DIRECTION('',(0.,0.707106781187,-0.707106781187));
#412 = DEFINITIONAL_REPRESENTATION('',(#413),#439);
#413 = B_SPLINE_CURVE_WITH_KNOTS('',3,(#414,#415,#416,#417,#418,#419,
    #420,#421,#422,#423,#424,#425,#426,#427,#428,#429,#430,#431,#432,
    #433,#434,#435,#436,#437,#438),.UNSPECIFIED.,.F.,.F.,(4,1,1,1,1,1,1,
    1,1,1,1,1,1,1,1,1,1,1,1,1,1,1,4),(1.708705886506,1.738137186674,
    1.767568486841,1.796999787009,1.826431087176,1.855862387344,
    1.885293687512,1.914724987679,1.944156287847,1.973587588014,
    2.003018888182,2.032450188349,2.061881488517,2.091312788684,
    2.120744088852,2.15017538902,2.179606689187,2.209037989355,
    2.238469289522,2.26790058969,2.297331889857,2.326763190025,
    2.356194490192),.QUASI_UNIFORM_KNOTS.);
#414 = CARTESIAN_POINT('',(6.145275747468,-20.81809805757));
#415 = CARTESIAN_POINT('',(6.135465314079,-20.83169181094));
#416 = CARTESIAN_POINT('',(6.115844447301,-20.85882373372));
#417 = CARTESIAN_POINT('',(6.086413147133,-20.89931981538));
#418 = CARTESIAN_POINT('',(6.056981846966,-20.93957896588));
#419 = CARTESIAN_POINT('',(6.027550546798,-20.97956632952));
#420 = CARTESIAN_POINT('',(5.99811924663,-21.01924726786));
#421 = CARTESIAN_POINT('',(5.968687946463,-21.05858741271));
#422 = CARTESIAN_POINT('',(5.939256646295,-21.09755268978));
#423 = CARTESIAN_POINT('',(5.909825346128,-21.13610934979));
#424 = CARTESIAN_POINT('',(5.88039404596,-21.17422399729));
#425 = CARTESIAN_POINT('',(5.850962745793,-21.21186361972));
#426 = CARTESIAN_POINT('',(5.821531445625,-21.24899561594));
#427 = CARTESIAN_POINT('',(5.792100145458,-21.28558782447));
#428 = CARTESIAN_POINT('',(5.76266884529,-21.32160855138));
#429 = CARTESIAN_POINT('',(5.733237545123,-21.35702659773));
#430 = CARTESIAN_POINT('',(5.703806244955,-21.39181128653));
#431 = CARTESIAN_POINT('',(5.674374944787,-21.42593248951));
#432 = CARTESIAN_POINT('',(5.64494364462,-21.45936065267));
#433 = CARTESIAN_POINT('',(5.615512344452,-21.49206682365));
#434 = CARTESIAN_POINT('',(5.586081044285,-21.52402267033));
#435 = CARTESIAN_POINT('',(5.556649744117,-21.5552005296));
#436 = CARTESIAN_POINT('',(5.52721844395,-21.58557334075));
#437 = CARTESIAN_POINT('',(5.507597577171,-21.60526778495));
#438 = CARTESIAN_POINT('',(5.497787143782,-21.61497208754));
#439 = ( GEOMETRIC_REPRESENTATION_CONTEXT(2) 
PARAMETRIC_REPRESENTATION_CONTEXT() REPRESENTATION_CONTEXT('2D SPACE',''
  ) );
#440 = ORIENTED_EDGE('',*,*,#441,.F.);
#441 = EDGE_CURVE('',#442,#391,#444,.T.);
#442 = VERTEX_POINT('',#443);
#443 = CARTESIAN_POINT('',(12.99432070973,-28.,-22.72792206135));
#444 = SURFACE_CURVE('',#445,(#449,#456),.PCURVE_S1.);
#445 = LINE('',#446,#447);
#446 = CARTESIAN_POINT('',(15.142954158348,-28.,-16.21156636686));
#447 = VECTOR('',#448,1.);
#448 = DIRECTION('',(-0.313145613015,-8.475492287598E-18,-0.949705125315
    ));
#449 = PCURVE('',#279,#450);
#450 = DEFINITIONAL_REPRESENTATION('',(#451),#455);
#451 = LINE('',#452,#453);
#452 = CARTESIAN_POINT('',(-4.392240699802,-3.98072194877));
#453 = VECTOR('',#454,1.);
#454 = DIRECTION('',(-0.671542934238,0.740965645273));
#455 = ( GEOMETRIC_REPRESENTATION_CONTEXT(2) 
PARAMETRIC_REPRESENTATION_CONTEXT() REPRESENTATION_CONTEXT('2D SPACE',''
  ) );
#456 = PCURVE('',#457,#462);
#457 = PLANE('',#458);
#458 = AXIS2_PLACEMENT_3D('',#459,#460,#461);
#459 = CARTESIAN_POINT('',(20.651963487589,-28.,-21.31370849898));
#460 = DIRECTION('',(0.,-1.,-6.572319354819E-16));
#461 = DIRECTION('',(-1.,0.,-0.));
#462 = DEFINITIONAL_REPRESENTATION('',(#463),#467);
#463 = LINE('',#464,#465);
#464 = CARTESIAN_POINT('',(5.509009329242,-5.102142132118));
#465 = VECTOR('',#466,1.);
#466 = DIRECTION('',(0.313145613015,0.949705125315));
#467 = ( GEOMETRIC_REPRESENTATION_CONTEXT(2) 
PARAMETRIC_REPRESENTATION_CONTEXT() REPRESENTATION_CONTEXT('2D SPACE',''
  ) );
#468 = ORIENTED_EDGE('',*,*,#469,.F.);
#469 = EDGE_CURVE('',#243,#442,#470,.T.);
#470 = SURFACE_CURVE('',#471,(#475,#481),.PCURVE_S1.);
#471 = LINE('',#472,#473);
#472 = CARTESIAN_POINT('',(12.99432070973,-60.88046532517,
    10.152543263817));
#473 = VECTOR('',#474,1.);
#474 = DIRECTION('',(0.,0.707106781187,-0.707106781187));
#475 = PCURVE('',#279,#476);
#476 = DEFINITIONAL_REPRESENTATION('',(#477),#480);
#477 = B_SPLINE_CURVE_WITH_KNOTS('',1,(#478,#479),.UNSPECIFIED.,.F.,.F.,
  (2,2),(26.528483383128,48.471516616872),.PIECEWISE_BEZIER_KNOTS.);
#478 = CARTESIAN_POINT('',(10.971516616872,1.103377918962));
#479 = CARTESIAN_POINT('',(-10.97151661687,1.103377918962));
#480 = ( GEOMETRIC_REPRESENTATION_CONTEXT(2) 
PARAMETRIC_REPRESENTATION_CONTEXT() REPRESENTATION_CONTEXT('2D SPACE',''
  ) );
#481 = PCURVE('',#43,#482);
#482 = DEFINITIONAL_REPRESENTATION('',(#483),#486);
#483 = B_SPLINE_CURVE_WITH_KNOTS('',1,(#484,#485),.UNSPECIFIED.,.F.,.F.,
  (2,2),(26.528483383128,48.471516616872),.PIECEWISE_BEZIER_KNOTS.);
#484 = CARTESIAN_POINT('',(64.028483383128,87.99432070973));
#485 = CARTESIAN_POINT('',(85.971516616872,87.99432070973));
#486 = ( GEOMETRIC_REPRESENTATION_CONTEXT(2) 
PARAMETRIC_REPRESENTATION_CONTEXT() REPRESENTATION_CONTEXT('2D SPACE',''
  ) );
#487 = ADVANCED_FACE('',(#488),#378,.F.);
#488 = FACE_BOUND('',#489,.T.);
#489 = EDGE_LOOP('',(#490,#513,#514,#537,#565,#593));
#490 = ORIENTED_EDGE('',*,*,#491,.F.);
#491 = EDGE_CURVE('',#363,#492,#494,.T.);
#492 = VERTEX_POINT('',#493);
#493 = CARTESIAN_POINT('',(12.020626603665,-28.87867965644,
    -26.43502884254));
#494 = SURFACE_CURVE('',#495,(#500,#507),.PCURVE_S1.);
#495 = ELLIPSE('',#496,3.916221867997,3.);
#496 = AXIS2_PLACEMENT_3D('',#497,#498,#499);
#497 = CARTESIAN_POINT('',(12.020626603665,-31.,-24.31370849898));
#498 = DIRECTION('',(-0.766044443119,-0.454519477672,-0.454519477672));
#499 = DIRECTION('',(-0.642787609687,0.54167522042,0.54167522042));
#500 = PCURVE('',#378,#501);
#501 = DEFINITIONAL_REPRESENTATION('',(#502),#506);
#502 = ELLIPSE('',#503,3.916221867997,3.);
#503 = AXIS2_PLACEMENT_2D('',#504,#505);
#504 = CARTESIAN_POINT('',(3.944801184498,22.));
#505 = DIRECTION('',(1.,0.));
#506 = ( GEOMETRIC_REPRESENTATION_CONTEXT(2) 
PARAMETRIC_REPRESENTATION_CONTEXT() REPRESENTATION_CONTEXT('2D SPACE',''
  ) );
#507 = PCURVE('',#407,#508);
#508 = DEFINITIONAL_REPRESENTATION('',(#509),#512);
#509 = B_SPLINE_CURVE_WITH_KNOTS('',1,(#510,#511),.UNSPECIFIED.,.F.,.F.,
  (2,2),(1.432886767084,1.570796326795),.PIECEWISE_BEZIER_KNOTS.);
#510 = CARTESIAN_POINT('',(6.145275747468,-20.81809805757));
#511 = CARTESIAN_POINT('',(6.28318530718,-21.16415824492));
#512 = ( GEOMETRIC_REPRESENTATION_CONTEXT(2) 
PARAMETRIC_REPRESENTATION_CONTEXT() REPRESENTATION_CONTEXT('2D SPACE',''
  ) );
#513 = ORIENTED_EDGE('',*,*,#362,.T.);
#514 = ORIENTED_EDGE('',*,*,#515,.F.);
#515 = EDGE_CURVE('',#516,#317,#518,.T.);
#516 = VERTEX_POINT('',#517);
#517 = CARTESIAN_POINT('',(12.020626603665,-44.43502884254,
    -10.87867965644));
#518 = SURFACE_CURVE('',#519,(#524,#531),.PCURVE_S1.);
#519 = ELLIPSE('',#520,3.916221867997,3.);
#520 = AXIS2_PLACEMENT_3D('',#521,#522,#523);
#521 = CARTESIAN_POINT('',(12.020626603665,-42.31370849898,-13.));
#522 = DIRECTION('',(-0.766044443119,-0.454519477672,-0.454519477672));
#523 = DIRECTION('',(0.642787609687,-0.54167522042,-0.54167522042));
#524 = PCURVE('',#378,#525);
#525 = DEFINITIONAL_REPRESENTATION('',(#526),#530);
#526 = ELLIPSE('',#527,3.916221867997,3.);
#527 = AXIS2_PLACEMENT_2D('',#528,#529);
#528 = CARTESIAN_POINT('',(3.944801184498,6.));
#529 = DIRECTION('',(-1.,0.));
#530 = ( GEOMETRIC_REPRESENTATION_CONTEXT(2) 
PARAMETRIC_REPRESENTATION_CONTEXT() REPRESENTATION_CONTEXT('2D SPACE',''
  ) );
#531 = PCURVE('',#99,#532);
#532 = DEFINITIONAL_REPRESENTATION('',(#533),#536);
#533 = B_SPLINE_CURVE_WITH_KNOTS('',1,(#534,#535),.UNSPECIFIED.,.F.,.F.,
  (2,2),(1.570796326795,1.708705886506),.PIECEWISE_BEZIER_KNOTS.);
#534 = CARTESIAN_POINT('',(6.28318530718,14.843536850226));
#535 = CARTESIAN_POINT('',(6.145275747468,14.497476662879));
#536 = ( GEOMETRIC_REPRESENTATION_CONTEXT(2) 
PARAMETRIC_REPRESENTATION_CONTEXT() REPRESENTATION_CONTEXT('2D SPACE',''
  ) );
#537 = ORIENTED_EDGE('',*,*,#538,.T.);
#538 = EDGE_CURVE('',#516,#539,#541,.T.);
#539 = VERTEX_POINT('',#540);
#540 = CARTESIAN_POINT('',(18.312407918779,-49.73709437607,
    -16.18074518996));
#541 = SURFACE_CURVE('',#542,(#546,#553),.PCURVE_S1.);
#542 = LINE('',#543,#544);
#543 = CARTESIAN_POINT('',(16.723613091459,-48.39822166707,
    -14.84187248097));
#544 = VECTOR('',#545,1.);
#545 = DIRECTION('',(0.642787609687,-0.54167522042,-0.54167522042));
#546 = PCURVE('',#378,#547);
#547 = DEFINITIONAL_REPRESENTATION('',(#548),#552);
#548 = LINE('',#549,#550);
#549 = CARTESIAN_POINT('',(-3.371746951965,3.));
#550 = VECTOR('',#551,1.);
#551 = DIRECTION('',(-1.,0.));
#552 = ( GEOMETRIC_REPRESENTATION_CONTEXT(2) 
PARAMETRIC_REPRESENTATION_CONTEXT() REPRESENTATION_CONTEXT('2D SPACE',''
  ) );
#553 = PCURVE('',#554,#559);
#554 = PLANE('',#555);
#555 = AXIS2_PLACEMENT_3D('',#556,#557,#558);
#556 = CARTESIAN_POINT('',(-2.822910246561,-59.9958197669,
    -26.43947058079));
#557 = DIRECTION('',(0.,-0.707106781187,0.707106781187));
#558 = DIRECTION('',(1.,0.,0.));
#559 = DEFINITIONAL_REPRESENTATION('',(#560),#564);
#560 = LINE('',#561,#562);
#561 = CARTESIAN_POINT('',(19.54652333802,16.40148052373));
#562 = VECTOR('',#563,1.);
#563 = DIRECTION('',(0.642787609687,-0.766044443119));
#564 = ( GEOMETRIC_REPRESENTATION_CONTEXT(2) 
PARAMETRIC_REPRESENTATION_CONTEXT() REPRESENTATION_CONTEXT('2D SPACE',''
  ) );
#565 = ORIENTED_EDGE('',*,*,#566,.T.);
#566 = EDGE_CURVE('',#539,#567,#569,.T.);
#567 = VERTEX_POINT('',#568);
#568 = CARTESIAN_POINT('',(18.312407918779,-34.18074518996,
    -31.73709437607));
#569 = SURFACE_CURVE('',#570,(#574,#581),.PCURVE_S1.);
#570 = LINE('',#571,#572);
#571 = CARTESIAN_POINT('',(18.312407918779,-34.18074518996,
    -31.73709437607));
#572 = VECTOR('',#573,1.);
#573 = DIRECTION('',(0.,0.707106781187,-0.707106781187));
#574 = PCURVE('',#378,#575);
#575 = DEFINITIONAL_REPRESENTATION('',(#576),#580);
#576 = LINE('',#577,#578);
#577 = CARTESIAN_POINT('',(-5.84347292082,25.));
#578 = VECTOR('',#579,1.);
#579 = DIRECTION('',(0.,1.));
#580 = ( GEOMETRIC_REPRESENTATION_CONTEXT(2) 
PARAMETRIC_REPRESENTATION_CONTEXT() REPRESENTATION_CONTEXT('2D SPACE',''
  ) );
#581 = PCURVE('',#582,#587);
#582 = CYLINDRICAL_SURFACE('',#583,10.);
#583 = AXIS2_PLACEMENT_3D('',#584,#585,#586);
#584 = CARTESIAN_POINT('',(10.651963487589,-56.40360949635,
    -18.60461962312));
#585 = DIRECTION('',(0.,-0.707106781187,0.707106781187));
#586 = DIRECTION('',(-1.,0.,-0.));
#587 = DEFINITIONAL_REPRESENTATION('',(#588),#592);
#588 = LINE('',#589,#590);
#589 = CARTESIAN_POINT('',(3.839724354388,-25.));
#590 = VECTOR('',#591,1.);
#591 = DIRECTION('',(0.,-1.));
#592 = ( GEOMETRIC_REPRESENTATION_CONTEXT(2) 
PARAMETRIC_REPRESENTATION_CONTEXT() REPRESENTATION_CONTEXT('2D SPACE',''
  ) );
#593 = ORIENTED_EDGE('',*,*,#594,.T.);
#594 = EDGE_CURVE('',#567,#492,#595,.T.);
#595 = SURFACE_CURVE('',#596,(#600,#607),.PCURVE_S1.);
#596 = LINE('',#597,#598);
#597 = CARTESIAN_POINT('',(14.556295927737,-31.01548070756,
    -28.57182989366));
#598 = VECTOR('',#599,1.);
#599 = DIRECTION('',(-0.642787609687,0.54167522042,0.54167522042));
#600 = PCURVE('',#378,#601);
#601 = DEFINITIONAL_REPRESENTATION('',(#602),#606);
#602 = LINE('',#603,#604);
#603 = CARTESIAN_POINT('',(0.,25.));
#604 = VECTOR('',#605,1.);
#605 = DIRECTION('',(1.,0.));
#606 = ( GEOMETRIC_REPRESENTATION_CONTEXT(2) 
PARAMETRIC_REPRESENTATION_CONTEXT() REPRESENTATION_CONTEXT('2D SPACE',''
  ) );
#607 = PCURVE('',#608,#613);
#608 = PLANE('',#609);
#609 = AXIS2_PLACEMENT_3D('',#610,#611,#612);
#610 = CARTESIAN_POINT('',(-9.143531641261,-44.43947058079,
    -41.9958197669));
#611 = DIRECTION('',(0.,0.707106781187,-0.707106781187));
#612 = DIRECTION('',(1.,0.,0.));
#613 = DEFINITIONAL_REPRESENTATION('',(#614),#618);
#614 = LINE('',#615,#616);
#615 = CARTESIAN_POINT('',(23.699827568998,-18.98438853988));
#616 = VECTOR('',#617,1.);
#617 = DIRECTION('',(-0.642787609687,-0.766044443119));
#618 = ( GEOMETRIC_REPRESENTATION_CONTEXT(2) 
PARAMETRIC_REPRESENTATION_CONTEXT() REPRESENTATION_CONTEXT('2D SPACE',''
  ) );
#619 = ADVANCED_FACE('',(#620,#1011),#608,.T.);
#620 = FACE_BOUND('',#621,.T.);
#621 = EDGE_LOOP('',(#622,#645,#646,#670,#698,#727,#755,#784,#812,#841,
    #864,#887,#936,#964));
#622 = ORIENTED_EDGE('',*,*,#623,.F.);
#623 = EDGE_CURVE('',#492,#624,#626,.T.);
#624 = VERTEX_POINT('',#625);
#625 = CARTESIAN_POINT('',(11.180868130143,-28.87867965644,
    -26.43502884254));
#626 = SURFACE_CURVE('',#627,(#631,#638),.PCURVE_S1.);
#627 = LINE('',#628,#629);
#628 = CARTESIAN_POINT('',(-9.143531641261,-28.87867965644,
    -26.43502884254));
#629 = VECTOR('',#630,1.);
#630 = DIRECTION('',(-1.,0.,-0.));
#631 = PCURVE('',#608,#632);
#632 = DEFINITIONAL_REPRESENTATION('',(#633),#637);
#633 = LINE('',#634,#635);
#634 = CARTESIAN_POINT('',(0.,-22.00628156648));
#635 = VECTOR('',#636,1.);
#636 = DIRECTION('',(-1.,0.));
#637 = ( GEOMETRIC_REPRESENTATION_CONTEXT(2) 
PARAMETRIC_REPRESENTATION_CONTEXT() REPRESENTATION_CONTEXT('2D SPACE',''
  ) );
#638 = PCURVE('',#407,#639);
#639 = DEFINITIONAL_REPRESENTATION('',(#640),#644);
#640 = LINE('',#641,#642);
#641 = CARTESIAN_POINT('',(6.28318530718,0.));
#642 = VECTOR('',#643,1.);
#643 = DIRECTION('',(0.,1.));
#644 = ( GEOMETRIC_REPRESENTATION_CONTEXT(2) 
PARAMETRIC_REPRESENTATION_CONTEXT() REPRESENTATION_CONTEXT('2D SPACE',''
  ) );
#645 = ORIENTED_EDGE('',*,*,#594,.F.);
#646 = ORIENTED_EDGE('',*,*,#647,.T.);
#647 = EDGE_CURVE('',#567,#648,#650,.T.);
#648 = VERTEX_POINT('',#649);
#649 = CARTESIAN_POINT('',(20.651963487589,-38.72593996668,
    -36.28228915279));
#650 = SURFACE_CURVE('',#651,(#656,#663),.PCURVE_S1.);
#651 = CIRCLE('',#652,10.);
#652 = AXIS2_PLACEMENT_3D('',#653,#654,#655);
#653 = CARTESIAN_POINT('',(10.651963487589,-38.72593996668,
    -36.28228915279));
#654 = DIRECTION('',(0.,0.707106781187,-0.707106781187));
#655 = DIRECTION('',(1.,0.,0.));
#656 = PCURVE('',#608,#657);
#657 = DEFINITIONAL_REPRESENTATION('',(#658),#662);
#658 = CIRCLE('',#659,10.);
#659 = AXIS2_PLACEMENT_2D('',#660,#661);
#660 = CARTESIAN_POINT('',(19.79549512885,-8.080152483511));
#661 = DIRECTION('',(1.,0.));
#662 = ( GEOMETRIC_REPRESENTATION_CONTEXT(2) 
PARAMETRIC_REPRESENTATION_CONTEXT() REPRESENTATION_CONTEXT('2D SPACE',''
  ) );
#663 = PCURVE('',#582,#664);
#664 = DEFINITIONAL_REPRESENTATION('',(#665),#669);
#665 = LINE('',#666,#667);
#666 = CARTESIAN_POINT('',(9.424777960769,-25.));
#667 = VECTOR('',#668,1.);
#668 = DIRECTION('',(-1.,0.));
#669 = ( GEOMETRIC_REPRESENTATION_CONTEXT(2) 
PARAMETRIC_REPRESENTATION_CONTEXT() REPRESENTATION_CONTEXT('2D SPACE',''
  ) );
#670 = ORIENTED_EDGE('',*,*,#671,.F.);
#671 = EDGE_CURVE('',#672,#648,#674,.T.);
#672 = VERTEX_POINT('',#673);
#673 = CARTESIAN_POINT('',(20.651963487589,-45.95127163189,
    -43.50762081799));
#674 = SURFACE_CURVE('',#675,(#679,#686),.PCURVE_S1.);
#675 = LINE('',#676,#677);
#676 = CARTESIAN_POINT('',(20.651963487589,-54.1629509039,-51.71930009)
  );
#677 = VECTOR('',#678,1.);
#678 = DIRECTION('',(0.,0.707106781187,0.707106781187));
#679 = PCURVE('',#608,#680);
#680 = DEFINITIONAL_REPRESENTATION('',(#681),#685);
#681 = LINE('',#682,#683);
#682 = CARTESIAN_POINT('',(29.79549512885,13.7510777464));
#683 = VECTOR('',#684,1.);
#684 = DIRECTION('',(0.,-1.));
#685 = ( GEOMETRIC_REPRESENTATION_CONTEXT(2) 
PARAMETRIC_REPRESENTATION_CONTEXT() REPRESENTATION_CONTEXT('2D SPACE',''
  ) );
#686 = PCURVE('',#687,#692);
#687 = PLANE('',#688);
#688 = AXIS2_PLACEMENT_3D('',#689,#690,#691);
#689 = CARTESIAN_POINT('',(20.651963487589,-55.57716446627,
    -50.30508652763));
#690 = DIRECTION('',(1.,0.,0.));
#691 = DIRECTION('',(0.,0.707106781187,0.707106781187));
#692 = DEFINITIONAL_REPRESENTATION('',(#693),#697);
#693 = LINE('',#694,#695);
#694 = CARTESIAN_POINT('',(0.,-2.));
#695 = VECTOR('',#696,1.);
#696 = DIRECTION('',(1.,0.));
#697 = ( GEOMETRIC_REPRESENTATION_CONTEXT(2) 
PARAMETRIC_REPRESENTATION_CONTEXT() REPRESENTATION_CONTEXT('2D SPACE',''
  ) );
#698 = ORIENTED_EDGE('',*,*,#699,.T.);
#699 = EDGE_CURVE('',#672,#700,#702,.T.);
#700 = VERTEX_POINT('',#701);
#701 = CARTESIAN_POINT('',(17.723031299455,-50.95127163189,
    -48.50762081799));
#702 = SURFACE_CURVE('',#703,(#708,#715),.PCURVE_S1.);
#703 = CIRCLE('',#704,10.);
#704 = AXIS2_PLACEMENT_3D('',#705,#706,#707);
#705 = CARTESIAN_POINT('',(10.651963487589,-45.95127163189,
    -43.50762081799));
#706 = DIRECTION('',(0.,0.707106781187,-0.707106781187));
#707 = DIRECTION('',(1.,0.,0.));
#708 = PCURVE('',#608,#709);
#709 = DEFINITIONAL_REPRESENTATION('',(#710),#714);
#710 = CIRCLE('',#711,10.);
#711 = AXIS2_PLACEMENT_2D('',#712,#713);
#712 = CARTESIAN_POINT('',(19.79549512885,2.138009550069));
#713 = DIRECTION('',(1.,0.));
#714 = ( GEOMETRIC_REPRESENTATION_CONTEXT(2) 
PARAMETRIC_REPRESENTATION_CONTEXT() REPRESENTATION_CONTEXT('2D SPACE',''
  ) );
#715 = PCURVE('',#716,#721);
#716 = CYLINDRICAL_SURFACE('',#717,10.);
#717 = AXIS2_PLACEMENT_3D('',#718,#719,#720);
#718 = CARTESIAN_POINT('',(10.651963487589,-47.36548519426,
    -42.09340725562));
#719 = DIRECTION('',(0.,0.707106781187,-0.707106781187));
#720 = DIRECTION('',(1.,0.,0.));
#721 = DEFINITIONAL_REPRESENTATION('',(#722),#726);
#722 = LINE('',#723,#724);
#723 = CARTESIAN_POINT('',(0.,2.));
#724 = VECTOR('',#725,1.);
#725 = DIRECTION('',(1.,0.));
#726 = ( GEOMETRIC_REPRESENTATION_CONTEXT(2) 
PARAMETRIC_REPRESENTATION_CONTEXT() REPRESENTATION_CONTEXT('2D SPACE',''
  ) );
#727 = ORIENTED_EDGE('',*,*,#728,.F.);
#728 = EDGE_CURVE('',#729,#700,#731,.T.);
#729 = VERTEX_POINT('',#730);
#730 = CARTESIAN_POINT('',(5.662371127689,-59.47944622493,
    -57.03579541104));
#731 = SURFACE_CURVE('',#732,(#736,#743),.PCURVE_S1.);
#732 = LINE('',#733,#734);
#733 = CARTESIAN_POINT('',(5.662371127689,-59.47944622493,
    -57.03579541104));
#734 = VECTOR('',#735,1.);
#735 = DIRECTION('',(0.707106781187,0.5,0.5));
#736 = PCURVE('',#608,#737);
#737 = DEFINITIONAL_REPRESENTATION('',(#738),#742);
#738 = LINE('',#739,#740);
#739 = CARTESIAN_POINT('',(14.80590276895,21.2697375337));
#740 = VECTOR('',#741,1.);
#741 = DIRECTION('',(0.707106781187,-0.707106781187));
#742 = ( GEOMETRIC_REPRESENTATION_CONTEXT(2) 
PARAMETRIC_REPRESENTATION_CONTEXT() REPRESENTATION_CONTEXT('2D SPACE',''
  ) );
#743 = PCURVE('',#744,#749);
#744 = PLANE('',#745);
#745 = AXIS2_PLACEMENT_3D('',#746,#747,#748);
#746 = CARTESIAN_POINT('',(5.662371127689,-60.89365978731,
    -55.62158184866));
#747 = DIRECTION('',(0.707106781187,-0.5,-0.5));
#748 = DIRECTION('',(0.707106781187,0.5,0.5));
#749 = DEFINITIONAL_REPRESENTATION('',(#750),#754);
#750 = LINE('',#751,#752);
#751 = CARTESIAN_POINT('',(7.019236874116E-16,-2.));
#752 = VECTOR('',#753,1.);
#753 = DIRECTION('',(1.,3.509618437058E-16));
#754 = ( GEOMETRIC_REPRESENTATION_CONTEXT(2) 
PARAMETRIC_REPRESENTATION_CONTEXT() REPRESENTATION_CONTEXT('2D SPACE',''
  ) );
#755 = ORIENTED_EDGE('',*,*,#756,.T.);
#756 = EDGE_CURVE('',#729,#757,#759,.T.);
#757 = VERTEX_POINT('',#758);
#758 = CARTESIAN_POINT('',(-18.3792594327,-59.47944622493,
    -57.03579541104));
#759 = SURFACE_CURVE('',#760,(#765,#772),.PCURVE_S1.);
#760 = CIRCLE('',#761,17.);
#761 = AXIS2_PLACEMENT_3D('',#762,#763,#764);
#762 = CARTESIAN_POINT('',(-6.358444152511,-50.97944622498,
    -48.53579541109));
#763 = DIRECTION('',(0.,0.707106781187,-0.707106781187));
#764 = DIRECTION('',(1.,0.,0.));
#765 = PCURVE('',#608,#766);
#766 = DEFINITIONAL_REPRESENTATION('',(#767),#771);
#767 = CIRCLE('',#768,17.);
#768 = AXIS2_PLACEMENT_2D('',#769,#770);
#769 = CARTESIAN_POINT('',(2.78508748875,9.2489222536));
#770 = DIRECTION('',(1.,0.));
#771 = ( GEOMETRIC_REPRESENTATION_CONTEXT(2) 
PARAMETRIC_REPRESENTATION_CONTEXT() REPRESENTATION_CONTEXT('2D SPACE',''
  ) );
#772 = PCURVE('',#773,#778);
#773 = CYLINDRICAL_SURFACE('',#774,17.);
#774 = AXIS2_PLACEMENT_3D('',#775,#776,#777);
#775 = CARTESIAN_POINT('',(-6.358444152511,-60.17183438041,
    -39.34340725566));
#776 = DIRECTION('',(0.,-0.707106781187,0.707106781187));
#777 = DIRECTION('',(-0.707106781187,-0.5,-0.5));
#778 = DEFINITIONAL_REPRESENTATION('',(#779),#783);
#779 = LINE('',#780,#781);
#780 = CARTESIAN_POINT('',(2.356194490192,-13.));
#781 = VECTOR('',#782,1.);
#782 = DIRECTION('',(-1.,0.));
#783 = ( GEOMETRIC_REPRESENTATION_CONTEXT(2) 
PARAMETRIC_REPRESENTATION_CONTEXT() REPRESENTATION_CONTEXT('2D SPACE',''
  ) );
#784 = ORIENTED_EDGE('',*,*,#785,.F.);
#785 = EDGE_CURVE('',#786,#757,#788,.T.);
#786 = VERTEX_POINT('',#787);
#787 = CARTESIAN_POINT('',(-20.14702638566,-58.22944622498,
    -55.78579541108));
#788 = SURFACE_CURVE('',#789,(#793,#800),.PCURVE_S1.);
#789 = LINE('',#790,#791);
#790 = CARTESIAN_POINT('',(-20.14702638566,-58.22944622498,
    -55.78579541108));
#791 = VECTOR('',#792,1.);
#792 = DIRECTION('',(0.707106781187,-0.5,-0.5));
#793 = PCURVE('',#608,#794);
#794 = DEFINITIONAL_REPRESENTATION('',(#795),#799);
#795 = LINE('',#796,#797);
#796 = CARTESIAN_POINT('',(-11.0034947444,19.5019705808));
#797 = VECTOR('',#798,1.);
#798 = DIRECTION('',(0.707106781187,0.707106781187));
#799 = ( GEOMETRIC_REPRESENTATION_CONTEXT(2) 
PARAMETRIC_REPRESENTATION_CONTEXT() REPRESENTATION_CONTEXT('2D SPACE',''
  ) );
#800 = PCURVE('',#801,#806);
#801 = PLANE('',#802);
#802 = AXIS2_PLACEMENT_3D('',#803,#804,#805);
#803 = CARTESIAN_POINT('',(-20.14702638566,-59.64365978735,
    -54.37158184871));
#804 = DIRECTION('',(-0.707106781187,-0.5,-0.5));
#805 = DIRECTION('',(0.707106781187,-0.5,-0.5));
#806 = DEFINITIONAL_REPRESENTATION('',(#807),#811);
#807 = LINE('',#808,#809);
#808 = CARTESIAN_POINT('',(7.019236874116E-16,-2.));
#809 = VECTOR('',#810,1.);
#810 = DIRECTION('',(1.,3.509618437058E-16));
#811 = ( GEOMETRIC_REPRESENTATION_CONTEXT(2) 
PARAMETRIC_REPRESENTATION_CONTEXT() REPRESENTATION_CONTEXT('2D SPACE',''
  ) );
#812 = ORIENTED_EDGE('',*,*,#813,.T.);
#813 = EDGE_CURVE('',#786,#814,#816,.T.);
#814 = VERTEX_POINT('',#815);
#815 = CARTESIAN_POINT('',(-22.13715209786,-38.85713870614,
    -36.41348789225));
#816 = SURFACE_CURVE('',#817,(#822,#829),.PCURVE_S1.);
#817 = CIRCLE('',#818,21.);
#818 = AXIS2_PLACEMENT_3D('',#819,#820,#821);
#819 = CARTESIAN_POINT('',(-5.297783980711,-47.72944622492,
    -45.28579541102));
#820 = DIRECTION('',(0.,0.707106781187,-0.707106781187));
#821 = DIRECTION('',(1.,0.,0.));
#822 = PCURVE('',#608,#823);
#823 = DEFINITIONAL_REPRESENTATION('',(#824),#828);
#824 = CIRCLE('',#825,21.);
#825 = AXIS2_PLACEMENT_2D('',#826,#827);
#826 = CARTESIAN_POINT('',(3.84574766055,4.6527281758));
#827 = DIRECTION('',(1.,0.));
#828 = ( GEOMETRIC_REPRESENTATION_CONTEXT(2) 
PARAMETRIC_REPRESENTATION_CONTEXT() REPRESENTATION_CONTEXT('2D SPACE',''
  ) );
#829 = PCURVE('',#830,#835);
#830 = CYLINDRICAL_SURFACE('',#831,21.);
#831 = AXIS2_PLACEMENT_3D('',#832,#833,#834);
#832 = CARTESIAN_POINT('',(-5.297783980711,-56.92183438035,
    -36.0934072556));
#833 = DIRECTION('',(0.,-0.707106781187,0.707106781187));
#834 = DIRECTION('',(-0.707106781187,0.5,0.5));
#835 = DEFINITIONAL_REPRESENTATION('',(#836),#840);
#836 = LINE('',#837,#838);
#837 = CARTESIAN_POINT('',(3.926990816987,-13.));
#838 = VECTOR('',#839,1.);
#839 = DIRECTION('',(-1.,0.));
#840 = ( GEOMETRIC_REPRESENTATION_CONTEXT(2) 
PARAMETRIC_REPRESENTATION_CONTEXT() REPRESENTATION_CONTEXT('2D SPACE',''
  ) );
#841 = ORIENTED_EDGE('',*,*,#842,.T.);
#842 = EDGE_CURVE('',#814,#843,#845,.T.);
#843 = VERTEX_POINT('',#844);
#844 = CARTESIAN_POINT('',(-11.62227331729,-28.87867965644,
    -26.43502884254));
#845 = SURFACE_CURVE('',#846,(#850,#857),.PCURVE_S1.);
#846 = LINE('',#847,#848);
#847 = CARTESIAN_POINT('',(-15.29907604892,-32.3679091813,-29.9242583674
    ));
#848 = VECTOR('',#849,1.);
#849 = DIRECTION('',(0.597492267716,0.56701101842,0.56701101842));
#850 = PCURVE('',#608,#851);
#851 = DEFINITIONAL_REPRESENTATION('',(#852),#856);
#852 = LINE('',#853,#854);
#853 = CARTESIAN_POINT('',(-6.155544407662,-17.07176585019));
#854 = VECTOR('',#855,1.);
#855 = DIRECTION('',(0.597492267716,-0.801874672265));
#856 = ( GEOMETRIC_REPRESENTATION_CONTEXT(2) 
PARAMETRIC_REPRESENTATION_CONTEXT() REPRESENTATION_CONTEXT('2D SPACE',''
  ) );
#857 = PCURVE('',#149,#858);
#858 = DEFINITIONAL_REPRESENTATION('',(#859),#863);
#859 = LINE('',#860,#861);
#860 = CARTESIAN_POINT('',(0.,25.));
#861 = VECTOR('',#862,1.);
#862 = DIRECTION('',(1.,0.));
#863 = ( GEOMETRIC_REPRESENTATION_CONTEXT(2) 
PARAMETRIC_REPRESENTATION_CONTEXT() REPRESENTATION_CONTEXT('2D SPACE',''
  ) );
#864 = ORIENTED_EDGE('',*,*,#865,.F.);
#865 = EDGE_CURVE('',#866,#843,#868,.T.);
#866 = VERTEX_POINT('',#867);
#867 = CARTESIAN_POINT('',(-11.18086813014,-28.87867965644,
    -26.43502884254));
#868 = SURFACE_CURVE('',#869,(#873,#880),.PCURVE_S1.);
#869 = LINE('',#870,#871);
#870 = CARTESIAN_POINT('',(-9.143531641261,-28.87867965644,
    -26.43502884254));
#871 = VECTOR('',#872,1.);
#872 = DIRECTION('',(-1.,0.,-0.));
#873 = PCURVE('',#608,#874);
#874 = DEFINITIONAL_REPRESENTATION('',(#875),#879);
#875 = LINE('',#876,#877);
#876 = CARTESIAN_POINT('',(0.,-22.00628156648));
#877 = VECTOR('',#878,1.);
#878 = DIRECTION('',(-1.,0.));
#879 = ( GEOMETRIC_REPRESENTATION_CONTEXT(2) 
PARAMETRIC_REPRESENTATION_CONTEXT() REPRESENTATION_CONTEXT('2D SPACE',''
  ) );
#880 = PCURVE('',#178,#881);
#881 = DEFINITIONAL_REPRESENTATION('',(#882),#886);
#882 = LINE('',#883,#884);
#883 = CARTESIAN_POINT('',(6.28318530718,0.));
#884 = VECTOR('',#885,1.);
#885 = DIRECTION('',(0.,1.));
#886 = ( GEOMETRIC_REPRESENTATION_CONTEXT(2) 
PARAMETRIC_REPRESENTATION_CONTEXT() REPRESENTATION_CONTEXT('2D SPACE',''
  ) );
#887 = ORIENTED_EDGE('',*,*,#888,.F.);
#888 = EDGE_CURVE('',#889,#866,#891,.T.);
#889 = VERTEX_POINT('',#890);
#890 = CARTESIAN_POINT('',(-4.819131869857,-28.87867965644,
    -26.43502884254));
#891 = SURFACE_CURVE('',#892,(#897,#904),.PCURVE_S1.);
#892 = ELLIPSE('',#893,4.666904755831,3.3);
#893 = AXIS2_PLACEMENT_3D('',#894,#895,#896);
#894 = CARTESIAN_POINT('',(-8.,-28.,-25.5563491861));
#895 = DIRECTION('',(0.,0.707106781187,-0.707106781187));
#896 = DIRECTION('',(0.,0.707106781187,0.707106781187));
#897 = PCURVE('',#608,#898);
#898 = DEFINITIONAL_REPRESENTATION('',(#899),#903);
#899 = ELLIPSE('',#900,4.666904755831,3.3);
#900 = AXIS2_PLACEMENT_2D('',#901,#902);
#901 = CARTESIAN_POINT('',(1.143531641261,-23.2489222536));
#902 = DIRECTION('',(0.,-1.));
#903 = ( GEOMETRIC_REPRESENTATION_CONTEXT(2) 
PARAMETRIC_REPRESENTATION_CONTEXT() REPRESENTATION_CONTEXT('2D SPACE',''
  ) );
#904 = PCURVE('',#905,#910);
#905 = CYLINDRICAL_SURFACE('',#906,3.3);
#906 = AXIS2_PLACEMENT_3D('',#907,#908,#909);
#907 = CARTESIAN_POINT('',(-8.,-28.,-40.));
#908 = DIRECTION('',(0.,0.,1.));
#909 = DIRECTION('',(1.,0.,-0.));
#910 = DEFINITIONAL_REPRESENTATION('',(#911),#935);
#911 = B_SPLINE_CURVE_WITH_KNOTS('',8,(#912,#913,#914,#915,#916,#917,
    #918,#919,#920,#921,#922,#923,#924,#925,#926,#927,#928,#929,#930,
    #931,#932,#933,#934),.UNSPECIFIED.,.F.,.F.,(9,7,7,9),(1.570796326795
    ,3.579230948587,4.583448259482,5.587665570378),.UNSPECIFIED.);
#912 = CARTESIAN_POINT('',(6.28318530718,14.443650813896));
#913 = CARTESIAN_POINT('',(6.032130979456,13.615171532407));
#914 = CARTESIAN_POINT('',(5.781076651731,12.786691145854));
#915 = CARTESIAN_POINT('',(5.530022324011,12.037789632878));
#916 = CARTESIAN_POINT('',(5.278967996282,11.447990640668));
#917 = CARTESIAN_POINT('',(5.027913668564,11.080955312613));
#918 = CARTESIAN_POINT('',(4.776859340835,10.967742373633));
#919 = CARTESIAN_POINT('',(4.525805013112,11.103548260805));
#920 = CARTESIAN_POINT('',(4.149223521526,11.630214432277));
#921 = CARTESIAN_POINT('',(4.023696357664,11.859595881451));
#922 = CARTESIAN_POINT('',(3.898169193802,12.138587757309));
#923 = CARTESIAN_POINT('',(3.77264202994,12.461166720052));
#924 = CARTESIAN_POINT('',(3.647114866077,12.819709176674));
#925 = CARTESIAN_POINT('',(3.521587702216,13.205364072333));
#926 = CARTESIAN_POINT('',(3.396060538354,13.608523612171));
#927 = CARTESIAN_POINT('',(3.14500621063,14.430125402251));
#928 = CARTESIAN_POINT('',(3.019479046768,14.848567567238));
#929 = CARTESIAN_POINT('',(2.893951882905,15.264787562119));
#930 = CARTESIAN_POINT('',(2.768424719044,15.668664315302));
#931 = CARTESIAN_POINT('',(2.642897555183,16.050318562034));
#932 = CARTESIAN_POINT('',(2.51737039132,16.400629508883));
#933 = CARTESIAN_POINT('',(2.391843227458,16.711690985182));
#934 = CARTESIAN_POINT('',(2.266316063596,16.977129342327));
#935 = ( GEOMETRIC_REPRESENTATION_CONTEXT(2) 
PARAMETRIC_REPRESENTATION_CONTEXT() REPRESENTATION_CONTEXT('2D SPACE',''
  ) );
#936 = ORIENTED_EDGE('',*,*,#937,.F.);
#937 = EDGE_CURVE('',#938,#889,#940,.T.);
#938 = VERTEX_POINT('',#939);
#939 = CARTESIAN_POINT('',(4.819131869857,-28.87867965644,
    -26.43502884254));
#940 = SURFACE_CURVE('',#941,(#945,#952),.PCURVE_S1.);
#941 = LINE('',#942,#943);
#942 = CARTESIAN_POINT('',(-9.143531641261,-28.87867965644,
    -26.43502884254));
#943 = VECTOR('',#944,1.);
#944 = DIRECTION('',(-1.,0.,-0.));
#945 = PCURVE('',#608,#946);
#946 = DEFINITIONAL_REPRESENTATION('',(#947),#951);
#947 = LINE('',#948,#949);
#948 = CARTESIAN_POINT('',(0.,-22.00628156648));
#949 = VECTOR('',#950,1.);
#950 = DIRECTION('',(-1.,0.));
#951 = ( GEOMETRIC_REPRESENTATION_CONTEXT(2) 
PARAMETRIC_REPRESENTATION_CONTEXT() REPRESENTATION_CONTEXT('2D SPACE',''
  ) );
#952 = PCURVE('',#953,#958);
#953 = CYLINDRICAL_SURFACE('',#954,3.);
#954 = AXIS2_PLACEMENT_3D('',#955,#956,#957);
#955 = CARTESIAN_POINT('',(-9.143531641261,-31.,-24.31370849898));
#956 = DIRECTION('',(-1.,0.,-0.));
#957 = DIRECTION('',(0.,0.707106781187,-0.707106781187));
#958 = DEFINITIONAL_REPRESENTATION('',(#959),#963);
#959 = LINE('',#960,#961);
#960 = CARTESIAN_POINT('',(6.28318530718,0.));
#961 = VECTOR('',#962,1.);
#962 = DIRECTION('',(0.,1.));
#963 = ( GEOMETRIC_REPRESENTATION_CONTEXT(2) 
PARAMETRIC_REPRESENTATION_CONTEXT() REPRESENTATION_CONTEXT('2D SPACE',''
  ) );
#964 = ORIENTED_EDGE('',*,*,#965,.F.);
#965 = EDGE_CURVE('',#624,#938,#966,.T.);
#966 = SURFACE_CURVE('',#967,(#972,#979),.PCURVE_S1.);
#967 = ELLIPSE('',#968,4.666904755831,3.3);
#968 = AXIS2_PLACEMENT_3D('',#969,#970,#971);
#969 = CARTESIAN_POINT('',(8.,-28.,-25.5563491861));
#970 = DIRECTION('',(0.,0.707106781187,-0.707106781187));
#971 = DIRECTION('',(0.,0.707106781187,0.707106781187));
#972 = PCURVE('',#608,#973);
#973 = DEFINITIONAL_REPRESENTATION('',(#974),#978);
#974 = ELLIPSE('',#975,4.666904755831,3.3);
#975 = AXIS2_PLACEMENT_2D('',#976,#977);
#976 = CARTESIAN_POINT('',(17.143531641261,-23.2489222536));
#977 = DIRECTION('',(0.,-1.));
#978 = ( GEOMETRIC_REPRESENTATION_CONTEXT(2) 
PARAMETRIC_REPRESENTATION_CONTEXT() REPRESENTATION_CONTEXT('2D SPACE',''
  ) );
#979 = PCURVE('',#980,#985);
#980 = CYLINDRICAL_SURFACE('',#981,3.3);
#981 = AXIS2_PLACEMENT_3D('',#982,#983,#984);
#982 = CARTESIAN_POINT('',(8.,-28.,-40.));
#983 = DIRECTION('',(0.,0.,1.));
#984 = DIRECTION('',(1.,0.,-0.));
#985 = DEFINITIONAL_REPRESENTATION('',(#986),#1010);
#986 = B_SPLINE_CURVE_WITH_KNOTS('',8,(#987,#988,#989,#990,#991,#992,
    #993,#994,#995,#996,#997,#998,#999,#1000,#1001,#1002,#1003,#1004,
    #1005,#1006,#1007,#1008,#1009),.UNSPECIFIED.,.F.,.F.,(9,7,7,9),(
    1.570796326795,3.579230948587,4.583448259482,5.587665570378),
  .UNSPECIFIED.);
#987 = CARTESIAN_POINT('',(6.28318530718,14.443650813896));
#988 = CARTESIAN_POINT('',(6.032130979456,13.615171532407));
#989 = CARTESIAN_POINT('',(5.781076651731,12.78669114584));
#990 = CARTESIAN_POINT('',(5.530022324011,12.037789632946));
#991 = CARTESIAN_POINT('',(5.278967996279,11.447990640627));
#992 = CARTESIAN_POINT('',(5.027913668564,11.080955312675));
#993 = CARTESIAN_POINT('',(4.776859340835,10.96774237362));
#994 = CARTESIAN_POINT('',(4.525805013112,11.103548260805));
#995 = CARTESIAN_POINT('',(4.149223521526,11.630214432277));
#996 = CARTESIAN_POINT('',(4.023696357664,11.859595881452));
#997 = CARTESIAN_POINT('',(3.898169193801,12.138587757308));
#998 = CARTESIAN_POINT('',(3.77264202994,12.461166720051));
#999 = CARTESIAN_POINT('',(3.647114866079,12.819709176674));
#1000 = CARTESIAN_POINT('',(3.521587702216,13.205364072333));
#1001 = CARTESIAN_POINT('',(3.396060538354,13.608523612171));
#1002 = CARTESIAN_POINT('',(3.14500621063,14.430125402251));
#1003 = CARTESIAN_POINT('',(3.019479046768,14.848567567239));
#1004 = CARTESIAN_POINT('',(2.893951882906,15.264787562117));
#1005 = CARTESIAN_POINT('',(2.768424719044,15.668664315302));
#1006 = CARTESIAN_POINT('',(2.642897555182,16.050318562037));
#1007 = CARTESIAN_POINT('',(2.51737039132,16.400629508883));
#1008 = CARTESIAN_POINT('',(2.391843227458,16.711690985182));
#1009 = CARTESIAN_POINT('',(2.266316063596,16.977129342327));
#1010 = ( GEOMETRIC_REPRESENTATION_CONTEXT(2) 
PARAMETRIC_REPRESENTATION_CONTEXT() REPRESENTATION_CONTEXT('2D SPACE',''
  ) );
#1011 = FACE_BOUND('',#1012,.T.);
#1012 = EDGE_LOOP('',(#1013,#1048,#1076,#1112,#1158,#1191,#1253,#1286,
    #1314));
#1013 = ORIENTED_EDGE('',*,*,#1014,.T.);
#1014 = EDGE_CURVE('',#1015,#1017,#1019,.T.);
#1015 = VERTEX_POINT('',#1016);
#1016 = CARTESIAN_POINT('',(12.379885548726,-33.72944622481,
    -31.28579541091));
#1017 = VERTEX_POINT('',#1018);
#1018 = CARTESIAN_POINT('',(-7.419104324297,-33.72944622495,
    -31.28579541105));
#1019 = SURFACE_CURVE('',#1020,(#1025,#1036),.PCURVE_S1.);
#1020 = CIRCLE('',#1021,14.);
#1021 = AXIS2_PLACEMENT_3D('',#1022,#1023,#1024);
#1022 = CARTESIAN_POINT('',(2.480390612289,-40.72944622493,
    -38.28579541103));
#1023 = DIRECTION('',(0.,-0.707106781187,0.707106781187));
#1024 = DIRECTION('',(1.,0.,0.));
#1025 = PCURVE('',#608,#1026);
#1026 = DEFINITIONAL_REPRESENTATION('',(#1027),#1035);
#1027 = ( BOUNDED_CURVE() B_SPLINE_CURVE(2,(#1028,#1029,#1030,#1031,
#1032,#1033,#1034),.UNSPECIFIED.,.T.,.F.) B_SPLINE_CURVE_WITH_KNOTS((1,2
    ,2,2,2,1),(-2.094395102393,0.,2.094395102393,4.188790204786,
6.28318530718,8.377580409573),.UNSPECIFIED.) CURVE() 
GEOMETRIC_REPRESENTATION_ITEM() RATIONAL_B_SPLINE_CURVE((1.,0.5,1.,0.5,
1.,0.5,1.)) REPRESENTATION_ITEM('') );
#1028 = CARTESIAN_POINT('',(25.62392225355,-5.2467667608));
#1029 = CARTESIAN_POINT('',(25.62392225355,-29.49547806676));
#1030 = CARTESIAN_POINT('',(4.62392225355,-17.37112241378));
#1031 = CARTESIAN_POINT('',(-16.37607774645,-5.2467667608));
#1032 = CARTESIAN_POINT('',(4.62392225355,6.877588892182));
#1033 = CARTESIAN_POINT('',(25.62392225355,19.001944545164));
#1034 = CARTESIAN_POINT('',(25.62392225355,-5.2467667608));
#1035 = ( GEOMETRIC_REPRESENTATION_CONTEXT(2) 
PARAMETRIC_REPRESENTATION_CONTEXT() REPRESENTATION_CONTEXT('2D SPACE',''
  ) );
#1036 = PCURVE('',#1037,#1042);
#1037 = CYLINDRICAL_SURFACE('',#1038,14.);
#1038 = AXIS2_PLACEMENT_3D('',#1039,#1040,#1041);
#1039 = CARTESIAN_POINT('',(2.480390612289,-76.08478528426,
    -2.93045635171));
#1040 = DIRECTION('',(0.,0.707106781187,-0.707106781187));
#1041 = DIRECTION('',(1.,0.,0.));
#1042 = DEFINITIONAL_REPRESENTATION('',(#1043),#1047);
#1043 = LINE('',#1044,#1045);
#1044 = CARTESIAN_POINT('',(6.28318530718,50.));
#1045 = VECTOR('',#1046,1.);
#1046 = DIRECTION('',(-1.,0.));
#1047 = ( GEOMETRIC_REPRESENTATION_CONTEXT(2) 
PARAMETRIC_REPRESENTATION_CONTEXT() REPRESENTATION_CONTEXT('2D SPACE',''
  ) );
#1048 = ORIENTED_EDGE('',*,*,#1049,.T.);
#1049 = EDGE_CURVE('',#1017,#1050,#1052,.T.);
#1050 = VERTEX_POINT('',#1051);
#1051 = CARTESIAN_POINT('',(-10.95258894131,-36.22799715886,
    -33.78434634496));
#1052 = SURFACE_CURVE('',#1053,(#1057,#1064),.PCURVE_S1.);
#1053 = LINE('',#1054,#1055);
#1054 = CARTESIAN_POINT('',(-9.185846632806,-34.9787216919,
    -32.53507087801));
#1055 = VECTOR('',#1056,1.);
#1056 = DIRECTION('',(-0.707106781187,-0.5,-0.5));
#1057 = PCURVE('',#608,#1058);
#1058 = DEFINITIONAL_REPRESENTATION('',(#1059),#1063);
#1059 = LINE('',#1060,#1061);
#1060 = CARTESIAN_POINT('',(-4.23149915454E-02,-13.37951938887));
#1061 = VECTOR('',#1062,1.);
#1062 = DIRECTION('',(-0.707106781187,0.707106781187));
#1063 = ( GEOMETRIC_REPRESENTATION_CONTEXT(2) 
PARAMETRIC_REPRESENTATION_CONTEXT() REPRESENTATION_CONTEXT('2D SPACE',''
  ) );
#1064 = PCURVE('',#1065,#1070);
#1065 = PLANE('',#1066);
#1066 = AXIS2_PLACEMENT_3D('',#1067,#1068,#1069);
#1067 = CARTESIAN_POINT('',(-9.185846632806,-36.39293525428,
    -31.12085731563));
#1068 = DIRECTION('',(0.707106781187,-0.5,-0.5));
#1069 = DIRECTION('',(-0.707106781187,-0.5,-0.5));
#1070 = DEFINITIONAL_REPRESENTATION('',(#1071),#1075);
#1071 = LINE('',#1072,#1073);
#1072 = CARTESIAN_POINT('',(0.,2.));
#1073 = VECTOR('',#1074,1.);
#1074 = DIRECTION('',(1.,0.));
#1075 = ( GEOMETRIC_REPRESENTATION_CONTEXT(2) 
PARAMETRIC_REPRESENTATION_CONTEXT() REPRESENTATION_CONTEXT('2D SPACE',''
  ) );
#1076 = ORIENTED_EDGE('',*,*,#1077,.T.);
#1077 = EDGE_CURVE('',#1050,#1078,#1080,.T.);
#1078 = VERTEX_POINT('',#1079);
#1079 = CARTESIAN_POINT('',(-19.06469741868,-45.29169586329,
    -42.8480450494));
#1080 = SURFACE_CURVE('',#1081,(#1087,#1096),.PCURVE_S1.);
#1081 = B_SPLINE_CURVE_WITH_KNOTS('',3,(#1082,#1083,#1084,#1085,#1086),
  .UNSPECIFIED.,.F.,.F.,(4,1,4),(4.712270738013,5.104775018609,
    5.338114607876),.UNSPECIFIED.);
#1082 = CARTESIAN_POINT('',(-10.95258226058,-36.22800188285,
    -33.78435106895));
#1083 = CARTESIAN_POINT('',(-13.28407340837,-37.87661421824,
    -35.43296340435));
#1084 = CARTESIAN_POINT('',(-16.48748288467,-40.86483229364,
    -38.42118147974));
#1085 = CARTESIAN_POINT('',(-18.49908995611,-44.08806642224,
    -41.64441560835));
#1086 = CARTESIAN_POINT('',(-19.06469741868,-45.29169586329,
    -42.8480450494));
#1087 = PCURVE('',#608,#1088);
#1088 = DEFINITIONAL_REPRESENTATION('',(#1089),#1095);
#1089 = B_SPLINE_CURVE_WITH_KNOTS('',3,(#1090,#1091,#1092,#1093,#1094),
  .UNSPECIFIED.,.F.,.F.,(4,1,4),(4.712270738013,5.104775018609,
    5.338114607876),.UNSPECIFIED.);
#1090 = CARTESIAN_POINT('',(-1.809050619325,-11.61277039963));
#1091 = CARTESIAN_POINT('',(-4.140541767118,-9.281280475825));
#1092 = CARTESIAN_POINT('',(-7.34395124341,-5.055301946274));
#1093 = CARTESIAN_POINT('',(-9.355558314849,-0.496960526896));
#1094 = CARTESIAN_POINT('',(-9.921165777421,1.205228552704));
#1095 = ( GEOMETRIC_REPRESENTATION_CONTEXT(2) 
PARAMETRIC_REPRESENTATION_CONTEXT() REPRESENTATION_CONTEXT('2D SPACE',''
  ) );
#1096 = PCURVE('',#1097,#1106);
#1097 = B_SPLINE_SURFACE_WITH_KNOTS('',3,1,(
    (#1098,#1099)
    ,(#1100,#1101)
    ,(#1102,#1103)
    ,(#1104,#1105
    )),.UNSPECIFIED.,.F.,.F.,.F.,(4,4),(2,2),(4.712270738013,
    5.338114607876),(0.,1.),.PIECEWISE_BEZIER_KNOTS.);
#1098 = CARTESIAN_POINT('',(-10.95258226058,-37.64221544522,
    -32.37013750658));
#1099 = CARTESIAN_POINT('',(-10.95258226058,-36.22800188285,
    -33.78435106895));
#1100 = CARTESIAN_POINT('',(-14.67011991462,-40.2709101497,
    -34.99883221106));
#1101 = CARTESIAN_POINT('',(-14.67011991462,-38.85669658733,
    -36.41304577344));
#1102 = CARTESIAN_POINT('',(-17.54767253528,-43.47763551968,
    -38.20555758103));
#1103 = CARTESIAN_POINT('',(-17.54767253528,-42.0634219573,
    -39.61977114341));
#1104 = CARTESIAN_POINT('',(-19.06469741868,-46.70590942566,
    -41.43383148702));
#1105 = CARTESIAN_POINT('',(-19.06469741868,-45.29169586329,
    -42.8480450494));
#1106 = DEFINITIONAL_REPRESENTATION('',(#1107),#1111);
#1107 = LINE('',#1108,#1109);
#1108 = CARTESIAN_POINT('',(0.,1.));
#1109 = VECTOR('',#1110,1.);
#1110 = DIRECTION('',(1.,0.));
#1111 = ( GEOMETRIC_REPRESENTATION_CONTEXT(2) 
PARAMETRIC_REPRESENTATION_CONTEXT() REPRESENTATION_CONTEXT('2D SPACE',''
  ) );
#1112 = ORIENTED_EDGE('',*,*,#1113,.T.);
#1113 = EDGE_CURVE('',#1078,#1114,#1116,.T.);
#1114 = VERTEX_POINT('',#1115);
#1115 = CARTESIAN_POINT('',(-16.25793908914,-57.97944622496,
    -55.53579541106));
#1116 = SURFACE_CURVE('',#1117,(#1127,#1140),.PCURVE_S1.);
#1117 = B_SPLINE_CURVE_WITH_KNOTS('',3,(#1118,#1119,#1120,#1121,#1122,
    #1123,#1124,#1125,#1126),.UNSPECIFIED.,.F.,.F.,(4,1,1,1,1,1,4),(
    4.712270738013,5.104775018609,5.497578448132,5.693980162894,
    5.890381877656,6.086783592418,6.28318530718),.UNSPECIFIED.);
#1118 = CARTESIAN_POINT('',(-10.95258226058,-36.22800188285,
    -33.78435106895));
#1119 = CARTESIAN_POINT('',(-13.28407340837,-37.87661421824,
    -35.43296340435));
#1120 = CARTESIAN_POINT('',(-17.30370559068,-41.62622463568,
    -39.18257382178));
#1121 = CARTESIAN_POINT('',(-19.98280651805,-46.77617633473,
    -44.33252552084));
#1122 = CARTESIAN_POINT('',(-20.45025828479,-50.73447815933,
    -48.29082734543));
#1123 = CARTESIAN_POINT('',(-19.94774434335,-53.51618647902,
    -51.07253566512));
#1124 = CARTESIAN_POINT('',(-18.57298789905,-55.99563726229,
    -53.55198644839));
#1125 = CARTESIAN_POINT('',(-17.1124975313,-57.37518215559,
    -54.9315313417));
#1126 = CARTESIAN_POINT('',(-16.25793908914,-57.97944622496,
    -55.53579541106));
#1127 = PCURVE('',#608,#1128);
#1128 = DEFINITIONAL_REPRESENTATION('',(#1129),#1139);
#1129 = B_SPLINE_CURVE_WITH_KNOTS('',3,(#1130,#1131,#1132,#1133,#1134,
    #1135,#1136,#1137,#1138),.UNSPECIFIED.,.F.,.F.,(4,1,1,1,1,1,4),(
    4.712270738013,5.104775018609,5.497578448132,5.693980162894,
    5.890381877656,6.086783592418,6.28318530718),.UNSPECIFIED.);
#1130 = CARTESIAN_POINT('',(-1.809050619325,-11.61277039963));
#1131 = CARTESIAN_POINT('',(-4.140541767118,-9.281280475825));
#1132 = CARTESIAN_POINT('',(-8.160173949425,-3.978530569877));
#1133 = CARTESIAN_POINT('',(-10.83927487679,3.304600968495));
#1134 = CARTESIAN_POINT('',(-11.30672664353,8.902485092799));
#1135 = CARTESIAN_POINT('',(-10.80421270209,12.836414725073));
#1136 = CARTESIAN_POINT('',(-9.429456257791,16.342887650014));
#1137 = CARTESIAN_POINT('',(-7.968965890044,18.293858748024));
#1138 = CARTESIAN_POINT('',(-7.114407447884,19.14841719018));
#1139 = ( GEOMETRIC_REPRESENTATION_CONTEXT(2) 
PARAMETRIC_REPRESENTATION_CONTEXT() REPRESENTATION_CONTEXT('2D SPACE',''
  ) );
#1140 = PCURVE('',#1141,#1152);
#1141 = B_SPLINE_SURFACE_WITH_KNOTS('',3,1,(
    (#1142,#1143)
    ,(#1144,#1145)
    ,(#1146,#1147)
    ,(#1148,#1149)
    ,(#1150,#1151
    )),.UNSPECIFIED.,.F.,.F.,.F.,(4,1,4),(2,2),(5.338114609322,
    5.810649958251,6.28318530718),(0.,1.),.UNSPECIFIED.);
#1142 = CARTESIAN_POINT('',(-19.0646974292,-60.84804507178,
    -27.29169588567));
#1143 = CARTESIAN_POINT('',(-19.0646974292,-45.29169588567,
    -42.84804507178));
#1144 = CARTESIAN_POINT('',(-20.21010751345,-63.28551168301,
    -29.7291624969));
#1145 = CARTESIAN_POINT('',(-20.21010751345,-47.7291624969,
    -45.28551168301));
#1146 = CARTESIAN_POINT('',(-20.96147863517,-68.17750165116,
    -34.62115246505));
#1147 = CARTESIAN_POINT('',(-20.96147863517,-52.62115246505,
    -50.17750165116));
#1148 = CARTESIAN_POINT('',(-18.31397547424,-72.0819581408,
    -38.5256089547));
#1149 = CARTESIAN_POINT('',(-18.31397547424,-56.5256089547,
    -54.0819581408));
#1150 = CARTESIAN_POINT('',(-16.25793908914,-73.53579541106,
    -39.97944622496));
#1151 = CARTESIAN_POINT('',(-16.25793908914,-57.97944622496,
    -55.53579541106));
#1152 = DEFINITIONAL_REPRESENTATION('',(#1153),#1157);
#1153 = LINE('',#1154,#1155);
#1154 = CARTESIAN_POINT('',(-2.6645352591E-15,1.));
#1155 = VECTOR('',#1156,1.);
#1156 = DIRECTION('',(1.,0.));
#1157 = ( GEOMETRIC_REPRESENTATION_CONTEXT(2) 
PARAMETRIC_REPRESENTATION_CONTEXT() REPRESENTATION_CONTEXT('2D SPACE',''
  ) );
#1158 = ORIENTED_EDGE('',*,*,#1159,.T.);
#1159 = EDGE_CURVE('',#1114,#1160,#1162,.T.);
#1160 = VERTEX_POINT('',#1161);
#1161 = CARTESIAN_POINT('',(-13.68007808742,-59.41726811583,
    -56.97361730193));
#1162 = SURFACE_CURVE('',#1163,(#1168,#1179),.PCURVE_S1.);
#1163 = CIRCLE('',#1164,14.);
#1164 = AXIS2_PLACEMENT_3D('',#1165,#1166,#1167);
#1165 = CARTESIAN_POINT('',(-6.358444152511,-50.97944622498,
    -48.53579541109));
#1166 = DIRECTION('',(0.,-0.707106781187,0.707106781187));
#1167 = DIRECTION('',(1.,0.,0.));
#1168 = PCURVE('',#608,#1169);
#1169 = DEFINITIONAL_REPRESENTATION('',(#1170),#1178);
#1170 = ( BOUNDED_CURVE() B_SPLINE_CURVE(2,(#1171,#1172,#1173,#1174,
#1175,#1176,#1177),.UNSPECIFIED.,.T.,.F.) B_SPLINE_CURVE_WITH_KNOTS((1,2
    ,2,2,2,1),(-2.094395102393,0.,2.094395102393,4.188790204786,
6.28318530718,8.377580409573),.UNSPECIFIED.) CURVE() 
GEOMETRIC_REPRESENTATION_ITEM() RATIONAL_B_SPLINE_CURVE((1.,0.5,1.,0.5,
1.,0.5,1.)) REPRESENTATION_ITEM('') );
#1171 = CARTESIAN_POINT('',(16.78508748875,9.2489222536));
#1172 = CARTESIAN_POINT('',(16.78508748875,-14.99978905236));
#1173 = CARTESIAN_POINT('',(-4.21491251125,-2.875433399382));
#1174 = CARTESIAN_POINT('',(-25.21491251125,9.2489222536));
#1175 = CARTESIAN_POINT('',(-4.21491251125,21.373277906582));
#1176 = CARTESIAN_POINT('',(16.78508748875,33.497633559565));
#1177 = CARTESIAN_POINT('',(16.78508748875,9.2489222536));
#1178 = ( GEOMETRIC_REPRESENTATION_CONTEXT(2) 
PARAMETRIC_REPRESENTATION_CONTEXT() REPRESENTATION_CONTEXT('2D SPACE',''
  ) );
#1179 = PCURVE('',#1180,#1185);
#1180 = CYLINDRICAL_SURFACE('',#1181,14.);
#1181 = AXIS2_PLACEMENT_3D('',#1182,#1183,#1184);
#1182 = CARTESIAN_POINT('',(-6.358444152511,-86.33478528431,
    -13.18045635176));
#1183 = DIRECTION('',(0.,0.707106781187,-0.707106781187));
#1184 = DIRECTION('',(1.,0.,0.));
#1185 = DEFINITIONAL_REPRESENTATION('',(#1186),#1190);
#1186 = LINE('',#1187,#1188);
#1187 = CARTESIAN_POINT('',(6.28318530718,50.));
#1188 = VECTOR('',#1189,1.);
#1189 = DIRECTION('',(-1.,0.));
#1190 = ( GEOMETRIC_REPRESENTATION_CONTEXT(2) 
PARAMETRIC_REPRESENTATION_CONTEXT() REPRESENTATION_CONTEXT('2D SPACE',''
  ) );
#1191 = ORIENTED_EDGE('',*,*,#1192,.T.);
#1192 = EDGE_CURVE('',#1160,#1193,#1195,.T.);
#1193 = VERTEX_POINT('',#1194);
#1194 = CARTESIAN_POINT('',(-4.558805692912,-60.79681645279,
    -58.35316563889));
#1195 = SURFACE_CURVE('',#1196,(#1212,#1231),.PCURVE_S1.);
#1196 = B_SPLINE_CURVE_WITH_KNOTS('',3,(#1197,#1198,#1199,#1200,#1201,
    #1202,#1203,#1204,#1205,#1206,#1207,#1208,#1209,#1210,#1211),
  .UNSPECIFIED.,.F.,.F.,(4,3,1,1,1,1,1,1,1,1,4),(-3.722656998823E-03,0.,
    0.125,0.25,0.375,0.4375,0.5,0.625,0.75,0.875,0.990748601946),
  .UNSPECIFIED.);
#1197 = CARTESIAN_POINT('',(-13.68007808742,-59.41726811583,
    -56.97361730193));
#1198 = CARTESIAN_POINT('',(-13.67138422561,-59.42056481954,
    -56.97691400565));
#1199 = CARTESIAN_POINT('',(-13.66269036381,-59.42386152326,
    -56.98021070936));
#1200 = CARTESIAN_POINT('',(-13.65399650201,-59.42715822697,
    -56.98350741308));
#1201 = CARTESIAN_POINT('',(-13.36207255474,-59.53785549631,
    -57.09420468242));
#1202 = CARTESIAN_POINT('',(-12.77112974497,-59.7699739359,-57.326323122
    ));
#1203 = CARTESIAN_POINT('',(-11.82804836107,-60.12638695126,
    -57.68273613737));
#1204 = CARTESIAN_POINT('',(-10.96546274366,-60.40588454227,
    -57.96223372838));
#1205 = CARTESIAN_POINT('',(-10.21503654991,-60.60220296663,
    -58.15855215273));
#1206 = CARTESIAN_POINT('',(-9.41714757649,-60.77466919451,
    -58.33101838061));
#1207 = CARTESIAN_POINT('',(-8.356526878842,-60.93292942669,
    -58.4892786128));
#1208 = CARTESIAN_POINT('',(-7.036807786233,-61.02014471774,
    -58.57649390384));
#1209 = CARTESIAN_POINT('',(-5.752199749216,-60.9878075943,
    -58.5441567804));
#1210 = CARTESIAN_POINT('',(-4.937163789778,-60.87660838556,
    -58.43295757167));
#1211 = CARTESIAN_POINT('',(-4.558805692912,-60.79681645279,
    -58.35316563889));
#1212 = PCURVE('',#608,#1213);
#1213 = DEFINITIONAL_REPRESENTATION('',(#1214),#1230);
#1214 = B_SPLINE_CURVE_WITH_KNOTS('',3,(#1215,#1216,#1217,#1218,#1219,
    #1220,#1221,#1222,#1223,#1224,#1225,#1226,#1227,#1228,#1229),
  .UNSPECIFIED.,.F.,.F.,(4,3,1,1,1,1,1,1,1,1,4),(-3.722656998823E-03,0.,
    0.125,0.25,0.375,0.4375,0.5,0.625,0.75,0.875,0.990748601946),
  .UNSPECIFIED.);
#1215 = CARTESIAN_POINT('',(-4.53654644616,21.181804408518));
#1216 = CARTESIAN_POINT('',(-4.527852584357,21.186466651624));
#1217 = CARTESIAN_POINT('',(-4.519158722554,21.19112889473));
#1218 = CARTESIAN_POINT('',(-4.510464860751,21.195791137836));
#1219 = CARTESIAN_POINT('',(-4.218540913487,21.352340717457));
#1220 = CARTESIAN_POINT('',(-3.62759810371,21.680605762792));
#1221 = CARTESIAN_POINT('',(-2.684516719812,22.184649882927));
#1222 = CARTESIAN_POINT('',(-1.821931102404,22.579919166788));
#1223 = CARTESIAN_POINT('',(-1.071504908654,22.857555345051));
#1224 = CARTESIAN_POINT('',(-0.273615935229,23.101459423567));
#1225 = CARTESIAN_POINT('',(0.787004762419,23.325273190313));
#1226 = CARTESIAN_POINT('',(2.106723855028,23.44861423775));
#1227 = CARTESIAN_POINT('',(3.391331892045,23.402882639218));
#1228 = CARTESIAN_POINT('',(4.206367851483,23.245623210098));
#1229 = CARTESIAN_POINT('',(4.584725948349,23.132780376597));
#1230 = ( GEOMETRIC_REPRESENTATION_CONTEXT(2) 
PARAMETRIC_REPRESENTATION_CONTEXT() REPRESENTATION_CONTEXT('2D SPACE',''
  ) );
#1231 = PCURVE('',#1232,#1247);
#1232 = B_SPLINE_SURFACE_WITH_KNOTS('',3,1,(
    (#1233,#1234)
    ,(#1235,#1236)
    ,(#1237,#1238)
    ,(#1239,#1240)
    ,(#1241,#1242)
    ,(#1243,#1244)
    ,(#1245,#1246
    )),.UNSPECIFIED.,.F.,.F.,.F.,(4,1,1,1,4),(2,2),(-3.722656998823E-03,
    0.244895157737,0.493512972474,0.74213078721,0.990748601946),(0.,1.),
  .UNSPECIFIED.);
#1233 = CARTESIAN_POINT('',(-13.68007808742,-74.97361730193,
    -41.41726811583));
#1234 = CARTESIAN_POINT('',(-13.68007808742,-59.41726811583,
    -56.97361730193));
#1235 = CARTESIAN_POINT('',(-13.09945813671,-75.19378780754,
    -41.63743862143));
#1236 = CARTESIAN_POINT('',(-13.09945813671,-59.63743862143,
    -57.19378780754));
#1237 = CARTESIAN_POINT('',(-11.91837068191,-75.6769552053,
    -42.1206060192));
#1238 = CARTESIAN_POINT('',(-11.91837068191,-60.1206060192,
    -57.6769552053));
#1239 = CARTESIAN_POINT('',(-9.754685835497,-76.3305148719,
    -42.77416568579));
#1240 = CARTESIAN_POINT('',(-9.754685835497,-60.77416568579,
    -58.3305148719));
#1241 = CARTESIAN_POINT('',(-7.117017633916,-76.63131829814,
    -43.07496911204));
#1242 = CARTESIAN_POINT('',(-7.117017633916,-61.07496911204,
    -58.63131829814));
#1243 = CARTESIAN_POINT('',(-5.371485601344,-76.52455169131,
    -42.96820250521));
#1244 = CARTESIAN_POINT('',(-5.371485601344,-60.96820250521,
    -58.52455169131));
#1245 = CARTESIAN_POINT('',(-4.558805692912,-76.35316563889,
    -42.79681645279));
#1246 = CARTESIAN_POINT('',(-4.558805692912,-60.79681645279,
    -58.35316563889));
#1247 = DEFINITIONAL_REPRESENTATION('',(#1248),#1252);
#1248 = LINE('',#1249,#1250);
#1249 = CARTESIAN_POINT('',(5.20417042793E-16,1.));
#1250 = VECTOR('',#1251,1.);
#1251 = DIRECTION('',(1.,-1.116395285072E-16));
#1252 = ( GEOMETRIC_REPRESENTATION_CONTEXT(2) 
PARAMETRIC_REPRESENTATION_CONTEXT() REPRESENTATION_CONTEXT('2D SPACE',''
  ) );
#1253 = ORIENTED_EDGE('',*,*,#1254,.T.);
#1254 = EDGE_CURVE('',#1193,#1255,#1257,.T.);
#1255 = VERTEX_POINT('',#1256);
#1256 = CARTESIAN_POINT('',(3.541050784076,-57.97944622496,
    -55.53579541107));
#1257 = SURFACE_CURVE('',#1258,(#1263,#1274),.PCURVE_S1.);
#1258 = CIRCLE('',#1259,14.);
#1259 = AXIS2_PLACEMENT_3D('',#1260,#1261,#1262);
#1260 = CARTESIAN_POINT('',(-6.358444152511,-50.97944622498,
    -48.53579541109));
#1261 = DIRECTION('',(0.,-0.707106781187,0.707106781187));
#1262 = DIRECTION('',(1.,0.,0.));
#1263 = PCURVE('',#608,#1264);
#1264 = DEFINITIONAL_REPRESENTATION('',(#1265),#1273);
#1265 = ( BOUNDED_CURVE() B_SPLINE_CURVE(2,(#1266,#1267,#1268,#1269,
#1270,#1271,#1272),.UNSPECIFIED.,.T.,.F.) B_SPLINE_CURVE_WITH_KNOTS((1,2
    ,2,2,2,1),(-2.094395102393,0.,2.094395102393,4.188790204786,
6.28318530718,8.377580409573),.UNSPECIFIED.) CURVE() 
GEOMETRIC_REPRESENTATION_ITEM() RATIONAL_B_SPLINE_CURVE((1.,0.5,1.,0.5,
1.,0.5,1.)) REPRESENTATION_ITEM('') );
#1266 = CARTESIAN_POINT('',(16.78508748875,9.2489222536));
#1267 = CARTESIAN_POINT('',(16.78508748875,-14.99978905236));
#1268 = CARTESIAN_POINT('',(-4.21491251125,-2.875433399382));
#1269 = CARTESIAN_POINT('',(-25.21491251125,9.2489222536));
#1270 = CARTESIAN_POINT('',(-4.21491251125,21.373277906582));
#1271 = CARTESIAN_POINT('',(16.78508748875,33.497633559564));
#1272 = CARTESIAN_POINT('',(16.78508748875,9.2489222536));
#1273 = ( GEOMETRIC_REPRESENTATION_CONTEXT(2) 
PARAMETRIC_REPRESENTATION_CONTEXT() REPRESENTATION_CONTEXT('2D SPACE',''
  ) );
#1274 = PCURVE('',#1275,#1280);
#1275 = CYLINDRICAL_SURFACE('',#1276,14.);
#1276 = AXIS2_PLACEMENT_3D('',#1277,#1278,#1279);
#1277 = CARTESIAN_POINT('',(-6.358444152511,-86.33478528431,
    -13.18045635176));
#1278 = DIRECTION('',(0.,0.707106781187,-0.707106781187));
#1279 = DIRECTION('',(1.,0.,0.));
#1280 = DEFINITIONAL_REPRESENTATION('',(#1281),#1285);
#1281 = LINE('',#1282,#1283);
#1282 = CARTESIAN_POINT('',(6.28318530718,50.));
#1283 = VECTOR('',#1284,1.);
#1284 = DIRECTION('',(-1.,0.));
#1285 = ( GEOMETRIC_REPRESENTATION_CONTEXT(2) 
PARAMETRIC_REPRESENTATION_CONTEXT() REPRESENTATION_CONTEXT('2D SPACE',''
  ) );
#1286 = ORIENTED_EDGE('',*,*,#1287,.T.);
#1287 = EDGE_CURVE('',#1255,#1288,#1290,.T.);
#1288 = VERTEX_POINT('',#1289);
#1289 = CARTESIAN_POINT('',(12.379885548947,-51.72944622497,
    -49.28579541107));
#1290 = SURFACE_CURVE('',#1291,(#1295,#1302),.PCURVE_S1.);
#1291 = LINE('',#1292,#1293);
#1292 = CARTESIAN_POINT('',(7.960468166501,-54.85444622496,
    -52.41079541106));
#1293 = VECTOR('',#1294,1.);
#1294 = DIRECTION('',(0.707106781187,0.5,0.5));
#1295 = PCURVE('',#608,#1296);
#1296 = DEFINITIONAL_REPRESENTATION('',(#1297),#1301);
#1297 = LINE('',#1298,#1299);
#1298 = CARTESIAN_POINT('',(17.103999807762,14.728999807762));
#1299 = VECTOR('',#1300,1.);
#1300 = DIRECTION('',(0.707106781187,-0.707106781187));
#1301 = ( GEOMETRIC_REPRESENTATION_CONTEXT(2) 
PARAMETRIC_REPRESENTATION_CONTEXT() REPRESENTATION_CONTEXT('2D SPACE',''
  ) );
#1302 = PCURVE('',#1303,#1308);
#1303 = PLANE('',#1304);
#1304 = AXIS2_PLACEMENT_3D('',#1305,#1306,#1307);
#1305 = CARTESIAN_POINT('',(7.960468166501,-90.20978528429,
    -17.05545635174));
#1306 = DIRECTION('',(-0.707106781187,0.5,0.5));
#1307 = DIRECTION('',(0.707106781187,0.5,0.5));
#1308 = DEFINITIONAL_REPRESENTATION('',(#1309),#1313);
#1309 = LINE('',#1310,#1311);
#1310 = CARTESIAN_POINT('',(0.,50.));
#1311 = VECTOR('',#1312,1.);
#1312 = DIRECTION('',(1.,0.));
#1313 = ( GEOMETRIC_REPRESENTATION_CONTEXT(2) 
PARAMETRIC_REPRESENTATION_CONTEXT() REPRESENTATION_CONTEXT('2D SPACE',''
  ) );
#1314 = ORIENTED_EDGE('',*,*,#1315,.T.);
#1315 = EDGE_CURVE('',#1288,#1015,#1316,.T.);
#1316 = SURFACE_CURVE('',#1317,(#1322,#1333),.PCURVE_S1.);
#1317 = CIRCLE('',#1318,18.);
#1318 = AXIS2_PLACEMENT_3D('',#1319,#1320,#1321);
#1319 = CARTESIAN_POINT('',(-0.348036512411,-42.72944622497,
    -40.28579541107));
#1320 = DIRECTION('',(0.,-0.707106781187,0.707106781187));
#1321 = DIRECTION('',(1.,0.,0.));
#1322 = PCURVE('',#608,#1323);
#1323 = DEFINITIONAL_REPRESENTATION('',(#1324),#1332);
#1324 = ( BOUNDED_CURVE() B_SPLINE_CURVE(2,(#1325,#1326,#1327,#1328,
#1329,#1330,#1331),.UNSPECIFIED.,.T.,.F.) B_SPLINE_CURVE_WITH_KNOTS((1,2
    ,2,2,2,1),(-2.094395102393,0.,2.094395102393,4.188790204786,
6.28318530718,8.377580409573),.UNSPECIFIED.) CURVE() 
GEOMETRIC_REPRESENTATION_ITEM() RATIONAL_B_SPLINE_CURVE((1.,0.5,1.,0.5,
1.,0.5,1.)) REPRESENTATION_ITEM('') );
#1325 = CARTESIAN_POINT('',(26.79549512885,-2.418339636));
#1326 = CARTESIAN_POINT('',(26.79549512885,-33.59525417224));
#1327 = CARTESIAN_POINT('',(-0.20450487115,-18.00679690412));
#1328 = CARTESIAN_POINT('',(-27.20450487115,-2.418339636));
#1329 = CARTESIAN_POINT('',(-0.20450487115,13.17011763212));
#1330 = CARTESIAN_POINT('',(26.79549512885,28.75857490024));
#1331 = CARTESIAN_POINT('',(26.79549512885,-2.418339636));
#1332 = ( GEOMETRIC_REPRESENTATION_CONTEXT(2) 
PARAMETRIC_REPRESENTATION_CONTEXT() REPRESENTATION_CONTEXT('2D SPACE',''
  ) );
#1333 = PCURVE('',#1334,#1339);
#1334 = CYLINDRICAL_SURFACE('',#1335,18.);
#1335 = AXIS2_PLACEMENT_3D('',#1336,#1337,#1338);
#1336 = CARTESIAN_POINT('',(-0.348036512411,-78.08478528429,
    -4.930456351748));
#1337 = DIRECTION('',(0.,0.707106781187,-0.707106781187));
#1338 = DIRECTION('',(1.,0.,0.));
#1339 = DEFINITIONAL_REPRESENTATION('',(#1340),#1344);
#1340 = LINE('',#1341,#1342);
#1341 = CARTESIAN_POINT('',(12.566370614359,50.));
#1342 = VECTOR('',#1343,1.);
#1343 = DIRECTION('',(-1.,0.));
#1344 = ( GEOMETRIC_REPRESENTATION_CONTEXT(2) 
PARAMETRIC_REPRESENTATION_CONTEXT() REPRESENTATION_CONTEXT('2D SPACE',''
  ) );
#1345 = ADVANCED_FACE('',(#1346),#1180,.F.);
#1346 = FACE_BOUND('',#1347,.F.);
#1347 = EDGE_LOOP('',(#1348,#1374,#1394,#1395));
#1348 = ORIENTED_EDGE('',*,*,#1349,.F.);
#1349 = EDGE_CURVE('',#1350,#1352,#1354,.T.);
#1350 = VERTEX_POINT('',#1351);
#1351 = CARTESIAN_POINT('',(-16.25793908914,-73.53579541106,
    -39.97944622496));
#1352 = VERTEX_POINT('',#1353);
#1353 = CARTESIAN_POINT('',(-13.68007808742,-74.97361730193,
    -41.41726811583));
#1354 = SURFACE_CURVE('',#1355,(#1360,#1367),.PCURVE_S1.);
#1355 = CIRCLE('',#1356,14.);
#1356 = AXIS2_PLACEMENT_3D('',#1357,#1358,#1359);
#1357 = CARTESIAN_POINT('',(-6.358444152511,-66.53579541109,
    -32.97944622498));
#1358 = DIRECTION('',(-0.,-0.707106781187,0.707106781187));
#1359 = DIRECTION('',(-1.,0.,-0.));
#1360 = PCURVE('',#1180,#1361);
#1361 = DEFINITIONAL_REPRESENTATION('',(#1362),#1366);
#1362 = LINE('',#1363,#1364);
#1363 = CARTESIAN_POINT('',(3.14159265359,28.));
#1364 = VECTOR('',#1365,1.);
#1365 = DIRECTION('',(-1.,0.));
#1366 = ( GEOMETRIC_REPRESENTATION_CONTEXT(2) 
PARAMETRIC_REPRESENTATION_CONTEXT() REPRESENTATION_CONTEXT('2D SPACE',''
  ) );
#1367 = PCURVE('',#554,#1368);
#1368 = DEFINITIONAL_REPRESENTATION('',(#1369),#1373);
#1369 = CIRCLE('',#1370,14.);
#1370 = AXIS2_PLACEMENT_2D('',#1371,#1372);
#1371 = CARTESIAN_POINT('',(-3.53553390595,-9.2489222536));
#1372 = DIRECTION('',(-1.,0.));
#1373 = ( GEOMETRIC_REPRESENTATION_CONTEXT(2) 
PARAMETRIC_REPRESENTATION_CONTEXT() REPRESENTATION_CONTEXT('2D SPACE',''
  ) );
#1374 = ORIENTED_EDGE('',*,*,#1375,.T.);
#1375 = EDGE_CURVE('',#1350,#1114,#1376,.T.);
#1376 = SURFACE_CURVE('',#1377,(#1381,#1388),.PCURVE_S1.);
#1377 = LINE('',#1378,#1379);
#1378 = CARTESIAN_POINT('',(-16.25793908914,-93.33478528429,
    -20.18045635174));
#1379 = VECTOR('',#1380,1.);
#1380 = DIRECTION('',(0.,0.707106781187,-0.707106781187));
#1381 = PCURVE('',#1180,#1382);
#1382 = DEFINITIONAL_REPRESENTATION('',(#1383),#1387);
#1383 = LINE('',#1384,#1385);
#1384 = CARTESIAN_POINT('',(2.356194490195,0.));
#1385 = VECTOR('',#1386,1.);
#1386 = DIRECTION('',(0.,1.));
#1387 = ( GEOMETRIC_REPRESENTATION_CONTEXT(2) 
PARAMETRIC_REPRESENTATION_CONTEXT() REPRESENTATION_CONTEXT('2D SPACE',''
  ) );
#1388 = PCURVE('',#1141,#1389);
#1389 = DEFINITIONAL_REPRESENTATION('',(#1390),#1393);
#1390 = B_SPLINE_CURVE_WITH_KNOTS('',1,(#1391,#1392),.UNSPECIFIED.,.F.,
  .F.,(2,2),(28.,50.),.PIECEWISE_BEZIER_KNOTS.);
#1391 = CARTESIAN_POINT('',(6.28318530718,-1.670502196002E-17));
#1392 = CARTESIAN_POINT('',(6.28318530718,1.));
#1393 = ( GEOMETRIC_REPRESENTATION_CONTEXT(2) 
PARAMETRIC_REPRESENTATION_CONTEXT() REPRESENTATION_CONTEXT('2D SPACE',''
  ) );
#1394 = ORIENTED_EDGE('',*,*,#1159,.T.);
#1395 = ORIENTED_EDGE('',*,*,#1396,.F.);
#1396 = EDGE_CURVE('',#1352,#1160,#1397,.T.);
#1397 = SURFACE_CURVE('',#1398,(#1402,#1409),.PCURVE_S1.);
#1398 = LINE('',#1399,#1400);
#1399 = CARTESIAN_POINT('',(-13.68007808742,-94.77260717515,
    -21.6182782426));
#1400 = VECTOR('',#1401,1.);
#1401 = DIRECTION('',(0.,0.707106781187,-0.707106781187));
#1402 = PCURVE('',#1180,#1403);
#1403 = DEFINITIONAL_REPRESENTATION('',(#1404),#1408);
#1404 = LINE('',#1405,#1406);
#1405 = CARTESIAN_POINT('',(2.121132567111,0.));
#1406 = VECTOR('',#1407,1.);
#1407 = DIRECTION('',(0.,1.));
#1408 = ( GEOMETRIC_REPRESENTATION_CONTEXT(2) 
PARAMETRIC_REPRESENTATION_CONTEXT() REPRESENTATION_CONTEXT('2D SPACE',''
  ) );
#1409 = PCURVE('',#1232,#1410);
#1410 = DEFINITIONAL_REPRESENTATION('',(#1411),#1414);
#1411 = B_SPLINE_CURVE_WITH_KNOTS('',1,(#1412,#1413),.UNSPECIFIED.,.F.,
  .F.,(2,2),(28.,50.),.PIECEWISE_BEZIER_KNOTS.);
#1412 = CARTESIAN_POINT('',(-3.722656998822E-03,-1.990599937676E-17));
#1413 = CARTESIAN_POINT('',(-3.722656998822E-03,1.));
#1414 = ( GEOMETRIC_REPRESENTATION_CONTEXT(2) 
PARAMETRIC_REPRESENTATION_CONTEXT() REPRESENTATION_CONTEXT('2D SPACE',''
  ) );
#1415 = ADVANCED_FACE('',(#1416),#1232,.T.);
#1416 = FACE_BOUND('',#1417,.T.);
#1417 = EDGE_LOOP('',(#1418,#1440,#1441,#1442));
#1418 = ORIENTED_EDGE('',*,*,#1419,.T.);
#1419 = EDGE_CURVE('',#1420,#1193,#1422,.T.);
#1420 = VERTEX_POINT('',#1421);
#1421 = CARTESIAN_POINT('',(-4.558807915737,-76.35316036853,
    -42.79681118243));
#1422 = SURFACE_CURVE('',#1423,(#1427,#1433),.PCURVE_S1.);
#1423 = LINE('',#1424,#1425);
#1424 = CARTESIAN_POINT('',(-4.558807915737,-96.15215024175,
    -22.9978213092));
#1425 = VECTOR('',#1426,1.);
#1426 = DIRECTION('',(0.,0.707106781187,-0.707106781187));
#1427 = PCURVE('',#1232,#1428);
#1428 = DEFINITIONAL_REPRESENTATION('',(#1429),#1432);
#1429 = B_SPLINE_CURVE_WITH_KNOTS('',1,(#1430,#1431),.UNSPECIFIED.,.F.,
  .F.,(2,2),(28.,50.),.PIECEWISE_BEZIER_KNOTS.);
#1430 = CARTESIAN_POINT('',(0.990748601956,-1.627134109103E-17));
#1431 = CARTESIAN_POINT('',(0.990748601956,1.));
#1432 = ( GEOMETRIC_REPRESENTATION_CONTEXT(2) 
PARAMETRIC_REPRESENTATION_CONTEXT() REPRESENTATION_CONTEXT('2D SPACE',''
  ) );
#1433 = PCURVE('',#1275,#1434);
#1434 = DEFINITIONAL_REPRESENTATION('',(#1435),#1439);
#1435 = LINE('',#1436,#1437);
#1436 = CARTESIAN_POINT('',(1.441894210078,0.));
#1437 = VECTOR('',#1438,1.);
#1438 = DIRECTION('',(0.,1.));
#1439 = ( GEOMETRIC_REPRESENTATION_CONTEXT(2) 
PARAMETRIC_REPRESENTATION_CONTEXT() REPRESENTATION_CONTEXT('2D SPACE',''
  ) );
#1440 = ORIENTED_EDGE('',*,*,#1192,.F.);
#1441 = ORIENTED_EDGE('',*,*,#1396,.F.);
#1442 = ORIENTED_EDGE('',*,*,#1443,.T.);
#1443 = EDGE_CURVE('',#1352,#1420,#1444,.T.);
#1444 = SURFACE_CURVE('',#1445,(#1461,#1468),.PCURVE_S1.);
#1445 = B_SPLINE_CURVE_WITH_KNOTS('',3,(#1446,#1447,#1448,#1449,#1450,
    #1451,#1452,#1453,#1454,#1455,#1456,#1457,#1458,#1459,#1460),
  .UNSPECIFIED.,.F.,.F.,(4,3,1,1,1,1,1,1,1,1,4),(-3.722656998823E-03,0.,
    0.125,0.25,0.375,0.4375,0.5,0.625,0.75,0.875,0.990748601946),
  .UNSPECIFIED.);
#1446 = CARTESIAN_POINT('',(-13.68007808742,-74.97361730193,
    -41.41726811583));
#1447 = CARTESIAN_POINT('',(-13.67138422561,-74.97691400565,
    -41.42056481954));
#1448 = CARTESIAN_POINT('',(-13.66269036381,-74.98021070936,
    -41.42386152326));
#1449 = CARTESIAN_POINT('',(-13.65399650201,-74.98350741308,
    -41.42715822697));
#1450 = CARTESIAN_POINT('',(-13.36207255474,-75.09420468242,
    -41.53785549631));
#1451 = CARTESIAN_POINT('',(-12.77112974497,-75.326323122,-41.7699739359
    ));
#1452 = CARTESIAN_POINT('',(-11.82804836107,-75.68273613737,
    -42.12638695126));
#1453 = CARTESIAN_POINT('',(-10.96546274366,-75.96223372838,
    -42.40588454227));
#1454 = CARTESIAN_POINT('',(-10.21503654991,-76.15855215273,
    -42.60220296663));
#1455 = CARTESIAN_POINT('',(-9.41714757649,-76.33101838061,
    -42.77466919451));
#1456 = CARTESIAN_POINT('',(-8.356526878842,-76.4892786128,
    -42.93292942669));
#1457 = CARTESIAN_POINT('',(-7.036807786233,-76.57649390384,
    -43.02014471774));
#1458 = CARTESIAN_POINT('',(-5.752199749216,-76.5441567804,
    -42.9878075943));
#1459 = CARTESIAN_POINT('',(-4.937163789778,-76.43295757167,
    -42.87660838556));
#1460 = CARTESIAN_POINT('',(-4.558805692912,-76.35316563889,
    -42.79681645279));
#1461 = PCURVE('',#1232,#1462);
#1462 = DEFINITIONAL_REPRESENTATION('',(#1463),#1467);
#1463 = LINE('',#1464,#1465);
#1464 = CARTESIAN_POINT('',(7.745540320236E-16,-1.989239356766E-17));
#1465 = VECTOR('',#1466,1.);
#1466 = DIRECTION('',(1.,3.654865088395E-18));
#1467 = ( GEOMETRIC_REPRESENTATION_CONTEXT(2) 
PARAMETRIC_REPRESENTATION_CONTEXT() REPRESENTATION_CONTEXT('2D SPACE',''
  ) );
#1468 = PCURVE('',#554,#1469);
#1469 = DEFINITIONAL_REPRESENTATION('',(#1470),#1486);
#1470 = B_SPLINE_CURVE_WITH_KNOTS('',3,(#1471,#1472,#1473,#1474,#1475,
    #1476,#1477,#1478,#1479,#1480,#1481,#1482,#1483,#1484,#1485),
  .UNSPECIFIED.,.F.,.F.,(4,3,1,1,1,1,1,1,1,1,4),(-3.722656998823E-03,0.,
    0.125,0.25,0.375,0.4375,0.5,0.625,0.75,0.875,0.990748601946),
  .UNSPECIFIED.);
#1471 = CARTESIAN_POINT('',(-10.85716784086,-21.18180440851));
#1472 = CARTESIAN_POINT('',(-10.84847397905,-21.18646665162));
#1473 = CARTESIAN_POINT('',(-10.83978011725,-21.19112889473));
#1474 = CARTESIAN_POINT('',(-10.83108625545,-21.19579113783));
#1475 = CARTESIAN_POINT('',(-10.53916230818,-21.35234071745));
#1476 = CARTESIAN_POINT('',(-9.94821949841,-21.68060576279));
#1477 = CARTESIAN_POINT('',(-9.005138114512,-22.18464988292));
#1478 = CARTESIAN_POINT('',(-8.142552497104,-22.57991916678));
#1479 = CARTESIAN_POINT('',(-7.392126303353,-22.85755534505));
#1480 = CARTESIAN_POINT('',(-6.594237329929,-23.10145942356));
#1481 = CARTESIAN_POINT('',(-5.533616632281,-23.32527319031));
#1482 = CARTESIAN_POINT('',(-4.213897539672,-23.44861423775));
#1483 = CARTESIAN_POINT('',(-2.929289502655,-23.40288263921));
#1484 = CARTESIAN_POINT('',(-2.114253543217,-23.24562321009));
#1485 = CARTESIAN_POINT('',(-1.735895446351,-23.13278037659));
#1486 = ( GEOMETRIC_REPRESENTATION_CONTEXT(2) 
PARAMETRIC_REPRESENTATION_CONTEXT() REPRESENTATION_CONTEXT('2D SPACE',''
  ) );
#1487 = ADVANCED_FACE('',(#1488),#1141,.T.);
#1488 = FACE_BOUND('',#1489,.T.);
#1489 = EDGE_LOOP('',(#1490,#1519,#1552,#1553,#1554));
#1490 = ORIENTED_EDGE('',*,*,#1491,.F.);
#1491 = EDGE_CURVE('',#1492,#1494,#1496,.T.);
#1492 = VERTEX_POINT('',#1493);
#1493 = CARTESIAN_POINT('',(-19.06469741868,-60.8480450494,
    -27.29169586329));
#1494 = VERTEX_POINT('',#1495);
#1495 = CARTESIAN_POINT('',(-19.06469741868,-46.70590942566,
    -41.43383148702));
#1496 = SURFACE_CURVE('',#1497,(#1501,#1507),.PCURVE_S1.);
#1497 = LINE('',#1498,#1499);
#1498 = CARTESIAN_POINT('',(-19.06469741868,-45.29169586329,
    -42.8480450494));
#1499 = VECTOR('',#1500,1.);
#1500 = DIRECTION('',(0.,0.707106781187,-0.707106781187));
#1501 = PCURVE('',#1141,#1502);
#1502 = DEFINITIONAL_REPRESENTATION('',(#1503),#1506);
#1503 = B_SPLINE_CURVE_WITH_KNOTS('',1,(#1504,#1505),.UNSPECIFIED.,.F.,
  .F.,(2,2),(-22.,-2.),.PIECEWISE_BEZIER_KNOTS.);
#1504 = CARTESIAN_POINT('',(5.338114607876,-1.852235110289E-17));
#1505 = CARTESIAN_POINT('',(5.338114607876,0.909090909091));
#1506 = ( GEOMETRIC_REPRESENTATION_CONTEXT(2) 
PARAMETRIC_REPRESENTATION_CONTEXT() REPRESENTATION_CONTEXT('2D SPACE',''
  ) );
#1507 = PCURVE('',#1508,#1513);
#1508 = CYLINDRICAL_SURFACE('',#1509,1.);
#1509 = AXIS2_PLACEMENT_3D('',#1510,#1511,#1512);
#1510 = CARTESIAN_POINT('',(-20.01367948885,-52.13979166964,
    -35.55400523201));
#1511 = DIRECTION('',(0.,0.707106781187,-0.707106781187));
#1512 = DIRECTION('',(1.,0.,0.));
#1513 = DEFINITIONAL_REPRESENTATION('',(#1514),#1518);
#1514 = LINE('',#1515,#1516);
#1515 = CARTESIAN_POINT('',(6.603989718242,10.));
#1516 = VECTOR('',#1517,1.);
#1517 = DIRECTION('',(0.,1.));
#1518 = ( GEOMETRIC_REPRESENTATION_CONTEXT(2) 
PARAMETRIC_REPRESENTATION_CONTEXT() REPRESENTATION_CONTEXT('2D SPACE',''
  ) );
#1519 = ORIENTED_EDGE('',*,*,#1520,.T.);
#1520 = EDGE_CURVE('',#1492,#1350,#1521,.T.);
#1521 = SURFACE_CURVE('',#1522,(#1532,#1539),.PCURVE_S1.);
#1522 = B_SPLINE_CURVE_WITH_KNOTS('',3,(#1523,#1524,#1525,#1526,#1527,
    #1528,#1529,#1530,#1531),.UNSPECIFIED.,.F.,.F.,(4,1,1,1,1,1,4),(
    4.712270738013,5.104775018609,5.497578448132,5.693980162894,
    5.890381877656,6.086783592418,6.28318530718),.UNSPECIFIED.);
#1523 = CARTESIAN_POINT('',(-10.95258226058,-51.78435106895,
    -18.22800188285));
#1524 = CARTESIAN_POINT('',(-13.28407340837,-53.43296340435,
    -19.87661421824));
#1525 = CARTESIAN_POINT('',(-17.30370559068,-57.18257382178,
    -23.62622463568));
#1526 = CARTESIAN_POINT('',(-19.98280651805,-62.33252552084,
    -28.77617633473));
#1527 = CARTESIAN_POINT('',(-20.45025828479,-66.29082734543,
    -32.73447815933));
#1528 = CARTESIAN_POINT('',(-19.94774434335,-69.07253566512,
    -35.51618647902));
#1529 = CARTESIAN_POINT('',(-18.57298789905,-71.55198644839,
    -37.99563726229));
#1530 = CARTESIAN_POINT('',(-17.1124975313,-72.9315313417,
    -39.37518215559));
#1531 = CARTESIAN_POINT('',(-16.25793908914,-73.53579541106,
    -39.97944622496));
#1532 = PCURVE('',#1141,#1533);
#1533 = DEFINITIONAL_REPRESENTATION('',(#1534),#1538);
#1534 = LINE('',#1535,#1536);
#1535 = CARTESIAN_POINT('',(-2.6645352591E-15,-2.878730932453E-17));
#1536 = VECTOR('',#1537,1.);
#1537 = DIRECTION('',(1.,1.922955757917E-18));
#1538 = ( GEOMETRIC_REPRESENTATION_CONTEXT(2) 
PARAMETRIC_REPRESENTATION_CONTEXT() REPRESENTATION_CONTEXT('2D SPACE',''
  ) );
#1539 = PCURVE('',#554,#1540);
#1540 = DEFINITIONAL_REPRESENTATION('',(#1541),#1551);
#1541 = B_SPLINE_CURVE_WITH_KNOTS('',3,(#1542,#1543,#1544,#1545,#1546,
    #1547,#1548,#1549,#1550),.UNSPECIFIED.,.F.,.F.,(4,1,1,1,1,1,4),(
    4.712270738013,5.104775018609,5.497578448132,5.693980162894,
    5.890381877656,6.086783592418,6.28318530718),.UNSPECIFIED.);
#1542 = CARTESIAN_POINT('',(-8.129672014025,11.612770399639));
#1543 = CARTESIAN_POINT('',(-10.46116316181,9.281280475825));
#1544 = CARTESIAN_POINT('',(-14.48079534412,3.978530569877));
#1545 = CARTESIAN_POINT('',(-17.15989627149,-3.304600968495));
#1546 = CARTESIAN_POINT('',(-17.62734803823,-8.902485092799));
#1547 = CARTESIAN_POINT('',(-17.12483409678,-12.83641472507));
#1548 = CARTESIAN_POINT('',(-15.75007765249,-16.34288765001));
#1549 = CARTESIAN_POINT('',(-14.28958728474,-18.29385874802));
#1550 = CARTESIAN_POINT('',(-13.43502884258,-19.14841719018));
#1551 = ( GEOMETRIC_REPRESENTATION_CONTEXT(2) 
PARAMETRIC_REPRESENTATION_CONTEXT() REPRESENTATION_CONTEXT('2D SPACE',''
  ) );
#1552 = ORIENTED_EDGE('',*,*,#1375,.T.);
#1553 = ORIENTED_EDGE('',*,*,#1113,.F.);
#1554 = ORIENTED_EDGE('',*,*,#1555,.F.);
#1555 = EDGE_CURVE('',#1494,#1078,#1556,.T.);
#1556 = SURFACE_CURVE('',#1557,(#1561,#1567),.PCURVE_S1.);
#1557 = LINE('',#1558,#1559);
#1558 = CARTESIAN_POINT('',(-19.06469741868,-45.29169586329,
    -42.8480450494));
#1559 = VECTOR('',#1560,1.);
#1560 = DIRECTION('',(0.,0.707106781187,-0.707106781187));
#1561 = PCURVE('',#1141,#1562);
#1562 = DEFINITIONAL_REPRESENTATION('',(#1563),#1566);
#1563 = B_SPLINE_CURVE_WITH_KNOTS('',1,(#1564,#1565),.UNSPECIFIED.,.F.,
  .F.,(2,2),(-2.,0.),.PIECEWISE_BEZIER_KNOTS.);
#1564 = CARTESIAN_POINT('',(5.338114607876,0.909090909091));
#1565 = CARTESIAN_POINT('',(5.338114607876,1.));
#1566 = ( GEOMETRIC_REPRESENTATION_CONTEXT(2) 
PARAMETRIC_REPRESENTATION_CONTEXT() REPRESENTATION_CONTEXT('2D SPACE',''
  ) );
#1567 = PCURVE('',#1097,#1568);
#1568 = DEFINITIONAL_REPRESENTATION('',(#1569),#1572);
#1569 = B_SPLINE_CURVE_WITH_KNOTS('',1,(#1570,#1571),.UNSPECIFIED.,.F.,
  .F.,(2,2),(-2.,0.),.PIECEWISE_BEZIER_KNOTS.);
#1570 = CARTESIAN_POINT('',(5.338114607876,-2.447925815028E-17));
#1571 = CARTESIAN_POINT('',(5.338114607876,1.));
#1572 = ( GEOMETRIC_REPRESENTATION_CONTEXT(2) 
PARAMETRIC_REPRESENTATION_CONTEXT() REPRESENTATION_CONTEXT('2D SPACE',''
  ) );
#1573 = ADVANCED_FACE('',(#1574),#1508,.T.);
#1574 = FACE_BOUND('',#1575,.T.);
#1575 = EDGE_LOOP('',(#1576,#1577,#1606,#1634));
#1576 = ORIENTED_EDGE('',*,*,#1491,.T.);
#1577 = ORIENTED_EDGE('',*,*,#1578,.F.);
#1578 = EDGE_CURVE('',#1579,#1494,#1581,.T.);
#1579 = VERTEX_POINT('',#1580);
#1580 = CARTESIAN_POINT('',(-19.19452744456,-46.07735763248,
    -40.80527969383));
#1581 = SURFACE_CURVE('',#1582,(#1587,#1594),.PCURVE_S1.);
#1582 = CIRCLE('',#1583,1.);
#1583 = AXIS2_PLACEMENT_3D('',#1584,#1585,#1586);
#1584 = CARTESIAN_POINT('',(-20.01367948885,-46.48293742015,
    -41.21085948151));
#1585 = DIRECTION('',(0.,0.707106781187,-0.707106781187));
#1586 = DIRECTION('',(1.,0.,0.));
#1587 = PCURVE('',#1508,#1588);
#1588 = DEFINITIONAL_REPRESENTATION('',(#1589),#1593);
#1589 = LINE('',#1590,#1591);
#1590 = CARTESIAN_POINT('',(0.,8.));
#1591 = VECTOR('',#1592,1.);
#1592 = DIRECTION('',(1.,0.));
#1593 = ( GEOMETRIC_REPRESENTATION_CONTEXT(2) 
PARAMETRIC_REPRESENTATION_CONTEXT() REPRESENTATION_CONTEXT('2D SPACE',''
  ) );
#1594 = PCURVE('',#1595,#1600);
#1595 = PLANE('',#1596);
#1596 = AXIS2_PLACEMENT_3D('',#1597,#1598,#1599);
#1597 = CARTESIAN_POINT('',(-2.822910246561,-47.35368414317,
    -42.08160620453));
#1598 = DIRECTION('',(0.,0.707106781187,-0.707106781187));
#1599 = DIRECTION('',(1.,0.,0.));
#1600 = DEFINITIONAL_REPRESENTATION('',(#1601),#1605);
#1601 = CIRCLE('',#1602,1.);
#1602 = AXIS2_PLACEMENT_2D('',#1603,#1604);
#1603 = CARTESIAN_POINT('',(-17.19076924229,-1.231421825086));
#1604 = DIRECTION('',(1.,0.));
#1605 = ( GEOMETRIC_REPRESENTATION_CONTEXT(2) 
PARAMETRIC_REPRESENTATION_CONTEXT() REPRESENTATION_CONTEXT('2D SPACE',''
  ) );
#1606 = ORIENTED_EDGE('',*,*,#1607,.F.);
#1607 = EDGE_CURVE('',#1608,#1579,#1610,.T.);
#1608 = VERTEX_POINT('',#1609);
#1609 = CARTESIAN_POINT('',(-19.19452744456,-60.21949325621,
    -26.6631440701));
#1610 = SURFACE_CURVE('',#1611,(#1615,#1622),.PCURVE_S1.);
#1611 = LINE('',#1612,#1613);
#1612 = CARTESIAN_POINT('',(-19.19452744456,-58.80527969383,
    -28.07735763248));
#1613 = VECTOR('',#1614,1.);
#1614 = DIRECTION('',(0.,0.707106781187,-0.707106781187));
#1615 = PCURVE('',#1508,#1616);
#1616 = DEFINITIONAL_REPRESENTATION('',(#1617),#1621);
#1617 = LINE('',#1618,#1619);
#1618 = CARTESIAN_POINT('',(5.672320068982,-10.));
#1619 = VECTOR('',#1620,1.);
#1620 = DIRECTION('',(0.,1.));
#1621 = ( GEOMETRIC_REPRESENTATION_CONTEXT(2) 
PARAMETRIC_REPRESENTATION_CONTEXT() REPRESENTATION_CONTEXT('2D SPACE',''
  ) );
#1622 = PCURVE('',#1623,#1628);
#1623 = PLANE('',#1624);
#1624 = AXIS2_PLACEMENT_3D('',#1625,#1626,#1627);
#1625 = CARTESIAN_POINT('',(-21.00186916337,-56.98012998386,
    -26.2522079225));
#1626 = DIRECTION('',(0.819152044289,0.405579787673,0.405579787673));
#1627 = DIRECTION('',(0.573576436351,-0.57922796534,-0.57922796534));
#1628 = DEFINITIONAL_REPRESENTATION('',(#1629),#1633);
#1629 = LINE('',#1630,#1631);
#1630 = CARTESIAN_POINT('',(3.15100412824,0.));
#1631 = VECTOR('',#1632,1.);
#1632 = DIRECTION('',(0.,1.));
#1633 = ( GEOMETRIC_REPRESENTATION_CONTEXT(2) 
PARAMETRIC_REPRESENTATION_CONTEXT() REPRESENTATION_CONTEXT('2D SPACE',''
  ) );
#1634 = ORIENTED_EDGE('',*,*,#1635,.F.);
#1635 = EDGE_CURVE('',#1492,#1608,#1636,.T.);
#1636 = SURFACE_CURVE('',#1637,(#1642,#1649),.PCURVE_S1.);
#1637 = CIRCLE('',#1638,1.);
#1638 = AXIS2_PLACEMENT_3D('',#1639,#1640,#1641);
#1639 = CARTESIAN_POINT('',(-20.01367948885,-60.62507304388,
    -27.06872385778));
#1640 = DIRECTION('',(-0.,-0.707106781187,0.707106781187));
#1641 = DIRECTION('',(-1.,0.,-0.));
#1642 = PCURVE('',#1508,#1643);
#1643 = DEFINITIONAL_REPRESENTATION('',(#1644),#1648);
#1644 = LINE('',#1645,#1646);
#1645 = CARTESIAN_POINT('',(9.424777960769,-12.));
#1646 = VECTOR('',#1647,1.);
#1647 = DIRECTION('',(-1.,0.));
#1648 = ( GEOMETRIC_REPRESENTATION_CONTEXT(2) 
PARAMETRIC_REPRESENTATION_CONTEXT() REPRESENTATION_CONTEXT('2D SPACE',''
  ) );
#1649 = PCURVE('',#554,#1650);
#1650 = DEFINITIONAL_REPRESENTATION('',(#1651),#1655);
#1651 = CIRCLE('',#1652,1.);
#1652 = AXIS2_PLACEMENT_2D('',#1653,#1654);
#1653 = CARTESIAN_POINT('',(-17.19076924229,-0.889898518474));
#1654 = DIRECTION('',(-1.,0.));
#1655 = ( GEOMETRIC_REPRESENTATION_CONTEXT(2) 
PARAMETRIC_REPRESENTATION_CONTEXT() REPRESENTATION_CONTEXT('2D SPACE',''
  ) );
#1656 = ADVANCED_FACE('',(#1657),#1623,.T.);
#1657 = FACE_BOUND('',#1658,.T.);
#1658 = EDGE_LOOP('',(#1659,#1660,#1683,#1711));
#1659 = ORIENTED_EDGE('',*,*,#1607,.T.);
#1660 = ORIENTED_EDGE('',*,*,#1661,.F.);
#1661 = EDGE_CURVE('',#1662,#1579,#1664,.T.);
#1662 = VERTEX_POINT('',#1663);
#1663 = CARTESIAN_POINT('',(-22.2720643355,-42.96949733937,
    -37.69741940073));
#1664 = SURFACE_CURVE('',#1665,(#1669,#1676),.PCURVE_S1.);
#1665 = LINE('',#1666,#1667);
#1666 = CARTESIAN_POINT('',(-21.00186916337,-44.2522079225,
    -38.98012998386));
#1667 = VECTOR('',#1668,1.);
#1668 = DIRECTION('',(0.573576436351,-0.57922796534,-0.57922796534));
#1669 = PCURVE('',#1623,#1670);
#1670 = DEFINITIONAL_REPRESENTATION('',(#1671),#1675);
#1671 = LINE('',#1672,#1673);
#1672 = CARTESIAN_POINT('',(0.,18.));
#1673 = VECTOR('',#1674,1.);
#1674 = DIRECTION('',(1.,0.));
#1675 = ( GEOMETRIC_REPRESENTATION_CONTEXT(2) 
PARAMETRIC_REPRESENTATION_CONTEXT() REPRESENTATION_CONTEXT('2D SPACE',''
  ) );
#1676 = PCURVE('',#1595,#1677);
#1677 = DEFINITIONAL_REPRESENTATION('',(#1678),#1682);
#1678 = LINE('',#1679,#1680);
#1679 = CARTESIAN_POINT('',(-18.1789589168,-4.386149734648));
#1680 = VECTOR('',#1681,1.);
#1681 = DIRECTION('',(0.573576436351,0.819152044289));
#1682 = ( GEOMETRIC_REPRESENTATION_CONTEXT(2) 
PARAMETRIC_REPRESENTATION_CONTEXT() REPRESENTATION_CONTEXT('2D SPACE',''
  ) );
#1683 = ORIENTED_EDGE('',*,*,#1684,.F.);
#1684 = EDGE_CURVE('',#1685,#1662,#1687,.T.);
#1685 = VERTEX_POINT('',#1686);
#1686 = CARTESIAN_POINT('',(-22.2720643355,-57.1116329631,-23.555283777)
  );
#1687 = SURFACE_CURVE('',#1688,(#1692,#1699),.PCURVE_S1.);
#1688 = LINE('',#1689,#1690);
#1689 = CARTESIAN_POINT('',(-22.2720643355,-55.69741940073,
    -24.96949733937));
#1690 = VECTOR('',#1691,1.);
#1691 = DIRECTION('',(0.,0.707106781187,-0.707106781187));
#1692 = PCURVE('',#1623,#1693);
#1693 = DEFINITIONAL_REPRESENTATION('',(#1694),#1698);
#1694 = LINE('',#1695,#1696);
#1695 = CARTESIAN_POINT('',(-2.214517702678,0.));
#1696 = VECTOR('',#1697,1.);
#1697 = DIRECTION('',(0.,1.));
#1698 = ( GEOMETRIC_REPRESENTATION_CONTEXT(2) 
PARAMETRIC_REPRESENTATION_CONTEXT() REPRESENTATION_CONTEXT('2D SPACE',''
  ) );
#1699 = PCURVE('',#1700,#1705);
#1700 = CYLINDRICAL_SURFACE('',#1701,2.);
#1701 = AXIS2_PLACEMENT_3D('',#1702,#1703,#1704);
#1702 = CARTESIAN_POINT('',(-20.63376024693,-54.88625982538,
    -24.15833776402));
#1703 = DIRECTION('',(0.,0.707106781187,-0.707106781187));
#1704 = DIRECTION('',(1.,0.,0.));
#1705 = DEFINITIONAL_REPRESENTATION('',(#1706),#1710);
#1706 = LINE('',#1707,#1708);
#1707 = CARTESIAN_POINT('',(2.530727415392,0.));
#1708 = VECTOR('',#1709,1.);
#1709 = DIRECTION('',(0.,1.));
#1710 = ( GEOMETRIC_REPRESENTATION_CONTEXT(2) 
PARAMETRIC_REPRESENTATION_CONTEXT() REPRESENTATION_CONTEXT('2D SPACE',''
  ) );
#1711 = ORIENTED_EDGE('',*,*,#1712,.F.);
#1712 = EDGE_CURVE('',#1608,#1685,#1713,.T.);
#1713 = SURFACE_CURVE('',#1714,(#1718,#1725),.PCURVE_S1.);
#1714 = LINE('',#1715,#1716);
#1715 = CARTESIAN_POINT('',(-13.95705303901,-65.50857323088,
    -31.95222404477));
#1716 = VECTOR('',#1717,1.);
#1717 = DIRECTION('',(-0.573576436351,0.57922796534,0.57922796534));
#1718 = PCURVE('',#1623,#1719);
#1719 = DEFINITIONAL_REPRESENTATION('',(#1720),#1724);
#1720 = LINE('',#1721,#1722);
#1721 = CARTESIAN_POINT('',(12.282262097751,-2.));
#1722 = VECTOR('',#1723,1.);
#1723 = DIRECTION('',(-1.,0.));
#1724 = ( GEOMETRIC_REPRESENTATION_CONTEXT(2) 
PARAMETRIC_REPRESENTATION_CONTEXT() REPRESENTATION_CONTEXT('2D SPACE',''
  ) );
#1725 = PCURVE('',#554,#1726);
#1726 = DEFINITIONAL_REPRESENTATION('',(#1727),#1731);
#1727 = LINE('',#1728,#1729);
#1728 = CARTESIAN_POINT('',(-11.13414279245,-7.796210714778));
#1729 = VECTOR('',#1730,1.);
#1730 = DIRECTION('',(-0.573576436351,0.819152044289));
#1731 = ( GEOMETRIC_REPRESENTATION_CONTEXT(2) 
PARAMETRIC_REPRESENTATION_CONTEXT() REPRESENTATION_CONTEXT('2D SPACE',''
  ) );
#1732 = ADVANCED_FACE('',(#1733),#1700,.F.);
#1733 = FACE_BOUND('',#1734,.F.);
#1734 = EDGE_LOOP('',(#1735,#1736,#1760,#1788));
#1735 = ORIENTED_EDGE('',*,*,#1684,.F.);
#1736 = ORIENTED_EDGE('',*,*,#1737,.F.);
#1737 = EDGE_CURVE('',#1738,#1685,#1740,.T.);
#1738 = VERTEX_POINT('',#1739);
#1739 = CARTESIAN_POINT('',(-22.23750959146,-55.45549171934,
    -21.89914253323));
#1740 = SURFACE_CURVE('',#1741,(#1746,#1753),.PCURVE_S1.);
#1741 = CIRCLE('',#1742,2.);
#1742 = AXIS2_PLACEMENT_3D('',#1743,#1744,#1745);
#1743 = CARTESIAN_POINT('',(-20.63376024693,-56.30047338775,
    -22.74412420165));
#1744 = DIRECTION('',(-0.,-0.707106781187,0.707106781187));
#1745 = DIRECTION('',(-1.,0.,-0.));
#1746 = PCURVE('',#1700,#1747);
#1747 = DEFINITIONAL_REPRESENTATION('',(#1748),#1752);
#1748 = LINE('',#1749,#1750);
#1749 = CARTESIAN_POINT('',(9.424777960769,-2.));
#1750 = VECTOR('',#1751,1.);
#1751 = DIRECTION('',(-1.,0.));
#1752 = ( GEOMETRIC_REPRESENTATION_CONTEXT(2) 
PARAMETRIC_REPRESENTATION_CONTEXT() REPRESENTATION_CONTEXT('2D SPACE',''
  ) );
#1753 = PCURVE('',#554,#1754);
#1754 = DEFINITIONAL_REPRESENTATION('',(#1755),#1759);
#1755 = CIRCLE('',#1756,2.);
#1756 = AXIS2_PLACEMENT_2D('',#1757,#1758);
#1757 = CARTESIAN_POINT('',(-17.81085000037,5.226008967053));
#1758 = DIRECTION('',(-1.,0.));
#1759 = ( GEOMETRIC_REPRESENTATION_CONTEXT(2) 
PARAMETRIC_REPRESENTATION_CONTEXT() REPRESENTATION_CONTEXT('2D SPACE',''
  ) );
#1760 = ORIENTED_EDGE('',*,*,#1761,.T.);
#1761 = EDGE_CURVE('',#1738,#1762,#1764,.T.);
#1762 = VERTEX_POINT('',#1763);
#1763 = CARTESIAN_POINT('',(-22.23750959146,-41.31335609561,
    -36.04127815696));
#1764 = SURFACE_CURVE('',#1765,(#1769,#1776),.PCURVE_S1.);
#1765 = LINE('',#1766,#1767);
#1766 = CARTESIAN_POINT('',(-22.23750959146,-54.04127815696,
    -23.31335609561));
#1767 = VECTOR('',#1768,1.);
#1768 = DIRECTION('',(0.,0.707106781187,-0.707106781187));
#1769 = PCURVE('',#1700,#1770);
#1770 = DEFINITIONAL_REPRESENTATION('',(#1771),#1775);
#1771 = LINE('',#1772,#1773);
#1772 = CARTESIAN_POINT('',(3.781962768081,0.));
#1773 = VECTOR('',#1774,1.);
#1774 = DIRECTION('',(0.,1.));
#1775 = ( GEOMETRIC_REPRESENTATION_CONTEXT(2) 
PARAMETRIC_REPRESENTATION_CONTEXT() REPRESENTATION_CONTEXT('2D SPACE',''
  ) );
#1776 = PCURVE('',#1777,#1782);
#1777 = PLANE('',#1778);
#1778 = AXIS2_PLACEMENT_3D('',#1779,#1780,#1781);
#1779 = CARTESIAN_POINT('',(-16.86270317598,-48.9406691213,
    -18.21274705994));
#1780 = DIRECTION('',(-0.801874672265,0.422490834208,0.422490834208));
#1781 = DIRECTION('',(0.597492267716,0.56701101842,0.56701101842));
#1782 = DEFINITIONAL_REPRESENTATION('',(#1783),#1787);
#1783 = LINE('',#1784,#1785);
#1784 = CARTESIAN_POINT('',(-8.995608321464,0.));
#1785 = VECTOR('',#1786,1.);
#1786 = DIRECTION('',(0.,1.));
#1787 = ( GEOMETRIC_REPRESENTATION_CONTEXT(2) 
PARAMETRIC_REPRESENTATION_CONTEXT() REPRESENTATION_CONTEXT('2D SPACE',''
  ) );
#1788 = ORIENTED_EDGE('',*,*,#1789,.F.);
#1789 = EDGE_CURVE('',#1662,#1762,#1790,.T.);
#1790 = SURFACE_CURVE('',#1791,(#1796,#1803),.PCURVE_S1.);
#1791 = CIRCLE('',#1792,2.);
#1792 = AXIS2_PLACEMENT_3D('',#1793,#1794,#1795);
#1793 = CARTESIAN_POINT('',(-20.63376024693,-42.15833776402,
    -36.88625982538));
#1794 = DIRECTION('',(0.,0.707106781187,-0.707106781187));
#1795 = DIRECTION('',(1.,0.,0.));
#1796 = PCURVE('',#1700,#1797);
#1797 = DEFINITIONAL_REPRESENTATION('',(#1798),#1802);
#1798 = LINE('',#1799,#1800);
#1799 = CARTESIAN_POINT('',(0.,18.));
#1800 = VECTOR('',#1801,1.);
#1801 = DIRECTION('',(1.,0.));
#1802 = ( GEOMETRIC_REPRESENTATION_CONTEXT(2) 
PARAMETRIC_REPRESENTATION_CONTEXT() REPRESENTATION_CONTEXT('2D SPACE',''
  ) );
#1803 = PCURVE('',#1595,#1804);
#1804 = DEFINITIONAL_REPRESENTATION('',(#1805),#1809);
#1805 = CIRCLE('',#1806,2.);
#1806 = AXIS2_PLACEMENT_2D('',#1807,#1808);
#1807 = CARTESIAN_POINT('',(-17.81085000037,-7.347329310613));
#1808 = DIRECTION('',(1.,0.));
#1809 = ( GEOMETRIC_REPRESENTATION_CONTEXT(2) 
PARAMETRIC_REPRESENTATION_CONTEXT() REPRESENTATION_CONTEXT('2D SPACE',''
  ) );
#1810 = ADVANCED_FACE('',(#1811),#1777,.F.);
#1811 = FACE_BOUND('',#1812,.T.);
#1812 = EDGE_LOOP('',(#1813,#1814,#1837,#1865));
#1813 = ORIENTED_EDGE('',*,*,#1761,.T.);
#1814 = ORIENTED_EDGE('',*,*,#1815,.T.);
#1815 = EDGE_CURVE('',#1762,#1816,#1818,.T.);
#1816 = VERTEX_POINT('',#1817);
#1817 = CARTESIAN_POINT('',(-11.22444371179,-30.86212511277,
    -25.59004717412));
#1818 = SURFACE_CURVE('',#1819,(#1823,#1830),.PCURVE_S1.);
#1819 = LINE('',#1820,#1821);
#1820 = CARTESIAN_POINT('',(-16.86270317598,-36.21274705994,
    -30.9406691213));
#1821 = VECTOR('',#1822,1.);
#1822 = DIRECTION('',(0.597492267716,0.56701101842,0.56701101842));
#1823 = PCURVE('',#1777,#1824);
#1824 = DEFINITIONAL_REPRESENTATION('',(#1825),#1829);
#1825 = LINE('',#1826,#1827);
#1826 = CARTESIAN_POINT('',(0.,18.));
#1827 = VECTOR('',#1828,1.);
#1828 = DIRECTION('',(1.,0.));
#1829 = ( GEOMETRIC_REPRESENTATION_CONTEXT(2) 
PARAMETRIC_REPRESENTATION_CONTEXT() REPRESENTATION_CONTEXT('2D SPACE',''
  ) );
#1830 = PCURVE('',#1595,#1831);
#1831 = DEFINITIONAL_REPRESENTATION('',(#1832),#1836);
#1832 = LINE('',#1833,#1834);
#1833 = CARTESIAN_POINT('',(-14.03979292942,-15.75566432064));
#1834 = VECTOR('',#1835,1.);
#1835 = DIRECTION('',(0.597492267716,-0.801874672265));
#1836 = ( GEOMETRIC_REPRESENTATION_CONTEXT(2) 
PARAMETRIC_REPRESENTATION_CONTEXT() REPRESENTATION_CONTEXT('2D SPACE',''
  ) );
#1837 = ORIENTED_EDGE('',*,*,#1838,.F.);
#1838 = EDGE_CURVE('',#1839,#1816,#1841,.T.);
#1839 = VERTEX_POINT('',#1840);
#1840 = CARTESIAN_POINT('',(-11.22444371179,-45.0042607365,
    -11.44791155039));
#1841 = SURFACE_CURVE('',#1842,(#1846,#1853),.PCURVE_S1.);
#1842 = LINE('',#1843,#1844);
#1843 = CARTESIAN_POINT('',(-11.22444371179,-43.59004717412,
    -12.86212511277));
#1844 = VECTOR('',#1845,1.);
#1845 = DIRECTION('',(0.,0.707106781187,-0.707106781187));
#1846 = PCURVE('',#1777,#1847);
#1847 = DEFINITIONAL_REPRESENTATION('',(#1848),#1852);
#1848 = LINE('',#1849,#1850);
#1849 = CARTESIAN_POINT('',(9.43653963213,0.));
#1850 = VECTOR('',#1851,1.);
#1851 = DIRECTION('',(0.,1.));
#1852 = ( GEOMETRIC_REPRESENTATION_CONTEXT(2) 
PARAMETRIC_REPRESENTATION_CONTEXT() REPRESENTATION_CONTEXT('2D SPACE',''
  ) );
#1853 = PCURVE('',#1854,#1859);
#1854 = CYLINDRICAL_SURFACE('',#1855,2.);
#1855 = AXIS2_PLACEMENT_3D('',#1856,#1857,#1858);
#1856 = CARTESIAN_POINT('',(-9.620694367268,-44.43502884254,
    -13.70710678118));
#1857 = DIRECTION('',(0.,-0.707106781187,0.707106781187));
#1858 = DIRECTION('',(-1.,0.,-0.));
#1859 = DEFINITIONAL_REPRESENTATION('',(#1860),#1864);
#1860 = LINE('',#1861,#1862);
#1861 = CARTESIAN_POINT('',(5.642815192688,0.));
#1862 = VECTOR('',#1863,1.);
#1863 = DIRECTION('',(0.,-1.));
#1864 = ( GEOMETRIC_REPRESENTATION_CONTEXT(2) 
PARAMETRIC_REPRESENTATION_CONTEXT() REPRESENTATION_CONTEXT('2D SPACE',''
  ) );
#1865 = ORIENTED_EDGE('',*,*,#1866,.T.);
#1866 = EDGE_CURVE('',#1839,#1738,#1867,.T.);
#1867 = SURFACE_CURVE('',#1868,(#1872,#1879),.PCURVE_S1.);
#1868 = LINE('',#1869,#1870);
#1869 = CARTESIAN_POINT('',(-18.38294301924,-51.79756703014,
    -18.24121784403));
#1870 = VECTOR('',#1871,1.);
#1871 = DIRECTION('',(-0.597492267716,-0.56701101842,-0.56701101842));
#1872 = PCURVE('',#1777,#1873);
#1873 = DEFINITIONAL_REPRESENTATION('',(#1874),#1878);
#1874 = LINE('',#1875,#1876);
#1875 = CARTESIAN_POINT('',(-2.54436739251,-2.));
#1876 = VECTOR('',#1877,1.);
#1877 = DIRECTION('',(-1.,0.));
#1878 = ( GEOMETRIC_REPRESENTATION_CONTEXT(2) 
PARAMETRIC_REPRESENTATION_CONTEXT() REPRESENTATION_CONTEXT('2D SPACE',''
  ) );
#1879 = PCURVE('',#554,#1880);
#1880 = DEFINITIONAL_REPRESENTATION('',(#1881),#1885);
#1881 = LINE('',#1882,#1883);
#1882 = CARTESIAN_POINT('',(-15.56003277267,11.594080208092));
#1883 = VECTOR('',#1884,1.);
#1884 = DIRECTION('',(-0.597492267716,-0.801874672265));
#1885 = ( GEOMETRIC_REPRESENTATION_CONTEXT(2) 
PARAMETRIC_REPRESENTATION_CONTEXT() REPRESENTATION_CONTEXT('2D SPACE',''
  ) );
#1886 = ADVANCED_FACE('',(#1887),#1854,.F.);
#1887 = FACE_BOUND('',#1888,.F.);
#1888 = EDGE_LOOP('',(#1889,#1890,#1914,#1942,#1992));
#1889 = ORIENTED_EDGE('',*,*,#1838,.F.);
#1890 = ORIENTED_EDGE('',*,*,#1891,.F.);
#1891 = EDGE_CURVE('',#1892,#1839,#1894,.T.);
#1892 = VERTEX_POINT('',#1893);
#1893 = CARTESIAN_POINT('',(-9.620694367268,-44.43502884254,
    -10.87867965644));
#1894 = SURFACE_CURVE('',#1895,(#1900,#1907),.PCURVE_S1.);
#1895 = CIRCLE('',#1896,2.);
#1896 = AXIS2_PLACEMENT_3D('',#1897,#1898,#1899);
#1897 = CARTESIAN_POINT('',(-9.620694367268,-45.84924240491,
    -12.29289321881));
#1898 = DIRECTION('',(-0.,-0.707106781187,0.707106781187));
#1899 = DIRECTION('',(-1.,0.,-0.));
#1900 = PCURVE('',#1854,#1901);
#1901 = DEFINITIONAL_REPRESENTATION('',(#1902),#1906);
#1902 = LINE('',#1903,#1904);
#1903 = CARTESIAN_POINT('',(0.,2.));
#1904 = VECTOR('',#1905,1.);
#1905 = DIRECTION('',(1.,0.));
#1906 = ( GEOMETRIC_REPRESENTATION_CONTEXT(2) 
PARAMETRIC_REPRESENTATION_CONTEXT() REPRESENTATION_CONTEXT('2D SPACE',''
  ) );
#1907 = PCURVE('',#554,#1908);
#1908 = DEFINITIONAL_REPRESENTATION('',(#1909),#1913);
#1909 = CIRCLE('',#1910,2.);
#1910 = AXIS2_PLACEMENT_2D('',#1911,#1912);
#1911 = CARTESIAN_POINT('',(-6.797784120707,20.006281566481));
#1912 = DIRECTION('',(-1.,0.));
#1913 = ( GEOMETRIC_REPRESENTATION_CONTEXT(2) 
PARAMETRIC_REPRESENTATION_CONTEXT() REPRESENTATION_CONTEXT('2D SPACE',''
  ) );
#1914 = ORIENTED_EDGE('',*,*,#1915,.T.);
#1915 = EDGE_CURVE('',#1892,#1916,#1918,.T.);
#1916 = VERTEX_POINT('',#1917);
#1917 = CARTESIAN_POINT('',(-9.620694367268,-30.87460428022,
    -24.43910421875));
#1918 = SURFACE_CURVE('',#1919,(#1923,#1930),.PCURVE_S1.);
#1919 = LINE('',#1920,#1921);
#1920 = CARTESIAN_POINT('',(-9.620694367268,-28.87867965644,
    -26.43502884254));
#1921 = VECTOR('',#1922,1.);
#1922 = DIRECTION('',(0.,0.707106781187,-0.707106781187));
#1923 = PCURVE('',#1854,#1924);
#1924 = DEFINITIONAL_REPRESENTATION('',(#1925),#1929);
#1925 = LINE('',#1926,#1927);
#1926 = CARTESIAN_POINT('',(4.712388980385,-20.));
#1927 = VECTOR('',#1928,1.);
#1928 = DIRECTION('',(0.,-1.));
#1929 = ( GEOMETRIC_REPRESENTATION_CONTEXT(2) 
PARAMETRIC_REPRESENTATION_CONTEXT() REPRESENTATION_CONTEXT('2D SPACE',''
  ) );
#1930 = PCURVE('',#1931,#1936);
#1931 = PLANE('',#1932);
#1932 = AXIS2_PLACEMENT_3D('',#1933,#1934,#1935);
#1933 = CARTESIAN_POINT('',(-9.143531641261,-43.02081528017,
    -12.29289321881));
#1934 = DIRECTION('',(0.,0.707106781187,0.707106781187));
#1935 = DIRECTION('',(0.,-0.707106781187,0.707106781187));
#1936 = DEFINITIONAL_REPRESENTATION('',(#1937),#1941);
#1937 = LINE('',#1938,#1939);
#1938 = CARTESIAN_POINT('',(-20.,-0.477162726007));
#1939 = VECTOR('',#1940,1.);
#1940 = DIRECTION('',(-1.,0.));
#1941 = ( GEOMETRIC_REPRESENTATION_CONTEXT(2) 
PARAMETRIC_REPRESENTATION_CONTEXT() REPRESENTATION_CONTEXT('2D SPACE',''
  ) );
#1942 = ORIENTED_EDGE('',*,*,#1943,.F.);
#1943 = EDGE_CURVE('',#1944,#1916,#1946,.T.);
#1944 = VERTEX_POINT('',#1945);
#1945 = CARTESIAN_POINT('',(-10.29137827845,-30.37478116571,
    -25.10270322707));
#1946 = SURFACE_CURVE('',#1947,(#1960,#1976),.PCURVE_S1.);
#1947 = B_SPLINE_CURVE_WITH_KNOTS('',6,(#1948,#1949,#1950,#1951,#1952,
    #1953,#1954,#1955,#1956,#1957,#1958,#1959),.UNSPECIFIED.,.F.,.F.,(7,
    5,7),(0.,0.832679750296,1.),.UNSPECIFIED.);
#1948 = CARTESIAN_POINT('',(-10.29137862718,-30.37478082922,
    -25.10270373911));
#1949 = CARTESIAN_POINT('',(-10.22070758747,-30.44296990502,
    -24.99893930805));
#1950 = CARTESIAN_POINT('',(-10.14575640662,-30.51041654984,
    -24.89883069567));
#1951 = CARTESIAN_POINT('',(-10.06439235902,-30.5786941098,
    -24.80058005002));
#1952 = CARTESIAN_POINT('',(-9.97459895502,-30.64836853976,
    -24.70449865075));
#1953 = CARTESIAN_POINT('',(-9.874642055476,-30.71901735612,
    -24.6131497186));
#1954 = CARTESIAN_POINT('',(-9.740977103638,-30.80351543621,
    -24.51513482099));
#1955 = CARTESIAN_POINT('',(-9.718093515177,-30.81768049258,
    -24.49908340821));
#1956 = CARTESIAN_POINT('',(-9.694655381084,-30.83187547736,
    -24.48340922105));
#1957 = CARTESIAN_POINT('',(-9.670629475413,-30.84609904638,
    -24.46815212693));
#1958 = CARTESIAN_POINT('',(-9.645985156562,-30.86034539943,
    -24.45336309954));
#1959 = CARTESIAN_POINT('',(-9.620694367268,-30.87460428022,
    -24.43910421875));
#1960 = PCURVE('',#1854,#1961);
#1961 = DEFINITIONAL_REPRESENTATION('',(#1962),#1975);
#1962 = B_SPLINE_CURVE_WITH_KNOTS('',6,(#1963,#1964,#1965,#1966,#1967,
    #1968,#1969,#1970,#1971,#1972,#1973,#1974),.UNSPECIFIED.,.F.,.F.,(7,
    5,7),(0.,0.832679750296,1.),.UNSPECIFIED.);
#1963 = CARTESIAN_POINT('',(5.054357345142,-18.0000006));
#1964 = CARTESIAN_POINT('',(5.016850016507,-17.87841110925));
#1965 = CARTESIAN_POINT('',(4.977671641599,-17.75993165066));
#1966 = CARTESIAN_POINT('',(4.935698121583,-17.64217842721));
#1967 = CARTESIAN_POINT('',(4.889939035992,-17.52497135635));
#1968 = CARTESIAN_POINT('',(4.839565525606,-17.41042164983));
#1969 = CARTESIAN_POINT('',(4.772562407156,-17.28136548565));
#1970 = CARTESIAN_POINT('',(4.761102132867,-17.25999921541));
#1971 = CARTESIAN_POINT('',(4.749373124465,-17.23887852138));
#1972 = CARTESIAN_POINT('',(4.737356588224,-17.21803254456));
#1973 = CARTESIAN_POINT('',(4.725034375032,-17.19750143016));
#1974 = CARTESIAN_POINT('',(4.712388980385,-17.17733632756));
#1975 = ( GEOMETRIC_REPRESENTATION_CONTEXT(2) 
PARAMETRIC_REPRESENTATION_CONTEXT() REPRESENTATION_CONTEXT('2D SPACE',''
  ) );
#1976 = PCURVE('',#905,#1977);
#1977 = DEFINITIONAL_REPRESENTATION('',(#1978),#1991);
#1978 = B_SPLINE_CURVE_WITH_KNOTS('',6,(#1979,#1980,#1981,#1982,#1983,
    #1984,#1985,#1986,#1987,#1988,#1989,#1990),.UNSPECIFIED.,.F.,.F.,(7,
    5,7),(0.,0.832679750296,1.),.UNSPECIFIED.);
#1979 = CARTESIAN_POINT('',(3.944862757049,14.897296260887));
#1980 = CARTESIAN_POINT('',(3.974621730527,15.001060691941));
#1981 = CARTESIAN_POINT('',(4.005157829912,15.101169304329));
#1982 = CARTESIAN_POINT('',(4.037314783109,15.199419949976));
#1983 = CARTESIAN_POINT('',(4.071710942445,15.295501349242));
#1984 = CARTESIAN_POINT('',(4.108753671939,15.386850281393));
#1985 = CARTESIAN_POINT('',(4.15667295371,15.484865179007));
#1986 = CARTESIAN_POINT('',(4.16482804309,15.500916591781));
#1987 = CARTESIAN_POINT('',(4.173130925258,15.51659077895));
#1988 = CARTESIAN_POINT('',(4.181591002724,15.531847873062));
#1989 = CARTESIAN_POINT('',(4.190216510912,15.546636900453));
#1990 = CARTESIAN_POINT('',(4.19901451816,15.560895781243));
#1991 = ( GEOMETRIC_REPRESENTATION_CONTEXT(2) 
PARAMETRIC_REPRESENTATION_CONTEXT() REPRESENTATION_CONTEXT('2D SPACE',''
  ) );
#1992 = ORIENTED_EDGE('',*,*,#1993,.F.);
#1993 = EDGE_CURVE('',#1816,#1944,#1994,.T.);
#1994 = SURFACE_CURVE('',#1995,(#2000,#2007),.PCURVE_S1.);
#1995 = CIRCLE('',#1996,2.);
#1996 = AXIS2_PLACEMENT_3D('',#1997,#1998,#1999);
#1997 = CARTESIAN_POINT('',(-9.620694367268,-31.70710678118,
    -26.43502884254));
#1998 = DIRECTION('',(0.,0.707106781187,-0.707106781187));
#1999 = DIRECTION('',(1.,0.,0.));
#2000 = PCURVE('',#1854,#2001);
#2001 = DEFINITIONAL_REPRESENTATION('',(#2002),#2006);
#2002 = LINE('',#2003,#2004);
#2003 = CARTESIAN_POINT('',(9.424777960769,-18.));
#2004 = VECTOR('',#2005,1.);
#2005 = DIRECTION('',(-1.,0.));
#2006 = ( GEOMETRIC_REPRESENTATION_CONTEXT(2) 
PARAMETRIC_REPRESENTATION_CONTEXT() REPRESENTATION_CONTEXT('2D SPACE',''
  ) );
#2007 = PCURVE('',#1595,#2008);
#2008 = DEFINITIONAL_REPRESENTATION('',(#2009),#2013);
#2009 = CIRCLE('',#2010,2.);
#2010 = AXIS2_PLACEMENT_2D('',#2011,#2012);
#2011 = CARTESIAN_POINT('',(-6.797784120707,-22.12760191004));
#2012 = DIRECTION('',(1.,0.));
#2013 = ( GEOMETRIC_REPRESENTATION_CONTEXT(2) 
PARAMETRIC_REPRESENTATION_CONTEXT() REPRESENTATION_CONTEXT('2D SPACE',''
  ) );
#2014 = ADVANCED_FACE('',(#2015),#1931,.F.);
#2015 = FACE_BOUND('',#2016,.F.);
#2016 = EDGE_LOOP('',(#2017,#2018,#2041,#2069,#2092));
#2017 = ORIENTED_EDGE('',*,*,#1915,.F.);
#2018 = ORIENTED_EDGE('',*,*,#2019,.T.);
#2019 = EDGE_CURVE('',#1892,#2020,#2022,.T.);
#2020 = VERTEX_POINT('',#2021);
#2021 = CARTESIAN_POINT('',(-4.800823356817,-44.43502884254,
    -10.87867965644));
#2022 = SURFACE_CURVE('',#2023,(#2027,#2034),.PCURVE_S1.);
#2023 = LINE('',#2024,#2025);
#2024 = CARTESIAN_POINT('',(-2.822910246561,-44.43502884254,
    -10.87867965644));
#2025 = VECTOR('',#2026,1.);
#2026 = DIRECTION('',(1.,0.,0.));
#2027 = PCURVE('',#1931,#2028);
#2028 = DEFINITIONAL_REPRESENTATION('',(#2029),#2033);
#2029 = LINE('',#2030,#2031);
#2030 = CARTESIAN_POINT('',(2.,6.3206213947));
#2031 = VECTOR('',#2032,1.);
#2032 = DIRECTION('',(0.,1.));
#2033 = ( GEOMETRIC_REPRESENTATION_CONTEXT(2) 
PARAMETRIC_REPRESENTATION_CONTEXT() REPRESENTATION_CONTEXT('2D SPACE',''
  ) );
#2034 = PCURVE('',#99,#2035);
#2035 = DEFINITIONAL_REPRESENTATION('',(#2036),#2040);
#2036 = LINE('',#2037,#2038);
#2037 = CARTESIAN_POINT('',(6.28318530718,0.));
#2038 = VECTOR('',#2039,1.);
#2039 = DIRECTION('',(0.,1.));
#2040 = ( GEOMETRIC_REPRESENTATION_CONTEXT(2) 
PARAMETRIC_REPRESENTATION_CONTEXT() REPRESENTATION_CONTEXT('2D SPACE',''
  ) );
#2041 = ORIENTED_EDGE('',*,*,#2042,.T.);
#2042 = EDGE_CURVE('',#2020,#2043,#2045,.T.);
#2043 = VERTEX_POINT('',#2044);
#2044 = CARTESIAN_POINT('',(-4.800823356817,-30.29289321881,
    -25.02081528017));
#2045 = SURFACE_CURVE('',#2046,(#2050,#2057),.PCURVE_S1.);
#2046 = LINE('',#2047,#2048);
#2047 = CARTESIAN_POINT('',(-4.800823356817,-43.02081528017,
    -12.29289321881));
#2048 = VECTOR('',#2049,1.);
#2049 = DIRECTION('',(0.,0.707106781187,-0.707106781187));
#2050 = PCURVE('',#1931,#2051);
#2051 = DEFINITIONAL_REPRESENTATION('',(#2052),#2056);
#2052 = LINE('',#2053,#2054);
#2053 = CARTESIAN_POINT('',(0.,4.342708284444));
#2054 = VECTOR('',#2055,1.);
#2055 = DIRECTION('',(-1.,0.));
#2056 = ( GEOMETRIC_REPRESENTATION_CONTEXT(2) 
PARAMETRIC_REPRESENTATION_CONTEXT() REPRESENTATION_CONTEXT('2D SPACE',''
  ) );
#2057 = PCURVE('',#2058,#2063);
#2058 = CYLINDRICAL_SURFACE('',#2059,1.);
#2059 = AXIS2_PLACEMENT_3D('',#2060,#2061,#2062);
#2060 = CARTESIAN_POINT('',(-4.800823356817,-43.72792206135,-13.));
#2061 = DIRECTION('',(0.,0.707106781187,-0.707106781187));
#2062 = DIRECTION('',(1.,0.,0.));
#2063 = DEFINITIONAL_REPRESENTATION('',(#2064),#2068);
#2064 = LINE('',#2065,#2066);
#2065 = CARTESIAN_POINT('',(4.712388980385,0.));
#2066 = VECTOR('',#2067,1.);
#2067 = DIRECTION('',(0.,1.));
#2068 = ( GEOMETRIC_REPRESENTATION_CONTEXT(2) 
PARAMETRIC_REPRESENTATION_CONTEXT() REPRESENTATION_CONTEXT('2D SPACE',''
  ) );
#2069 = ORIENTED_EDGE('',*,*,#2070,.F.);
#2070 = EDGE_CURVE('',#2071,#2043,#2073,.T.);
#2071 = VERTEX_POINT('',#2072);
#2072 = CARTESIAN_POINT('',(-5.626681503228,-30.29289321881,
    -25.02081528017));
#2073 = SURFACE_CURVE('',#2074,(#2078,#2085),.PCURVE_S1.);
#2074 = LINE('',#2075,#2076);
#2075 = CARTESIAN_POINT('',(-7.210758862043,-30.29289321881,
    -25.02081528017));
#2076 = VECTOR('',#2077,1.);
#2077 = DIRECTION('',(1.,0.,0.));
#2078 = PCURVE('',#1931,#2079);
#2079 = DEFINITIONAL_REPRESENTATION('',(#2080),#2084);
#2080 = LINE('',#2081,#2082);
#2081 = CARTESIAN_POINT('',(-18.,1.932772779218));
#2082 = VECTOR('',#2083,1.);
#2083 = DIRECTION('',(0.,1.));
#2084 = ( GEOMETRIC_REPRESENTATION_CONTEXT(2) 
PARAMETRIC_REPRESENTATION_CONTEXT() REPRESENTATION_CONTEXT('2D SPACE',''
  ) );
#2085 = PCURVE('',#1595,#2086);
#2086 = DEFINITIONAL_REPRESENTATION('',(#2087),#2091);
#2087 = LINE('',#2088,#2089);
#2088 = CARTESIAN_POINT('',(-4.387848615482,-24.12760191004));
#2089 = VECTOR('',#2090,1.);
#2090 = DIRECTION('',(1.,0.));
#2091 = ( GEOMETRIC_REPRESENTATION_CONTEXT(2) 
PARAMETRIC_REPRESENTATION_CONTEXT() REPRESENTATION_CONTEXT('2D SPACE',''
  ) );
#2092 = ORIENTED_EDGE('',*,*,#2093,.F.);
#2093 = EDGE_CURVE('',#1916,#2071,#2094,.T.);
#2094 = SURFACE_CURVE('',#2095,(#2100,#2107),.PCURVE_S1.);
#2095 = ELLIPSE('',#2096,4.666904755831,3.3);
#2096 = AXIS2_PLACEMENT_3D('',#2097,#2098,#2099);
#2097 = CARTESIAN_POINT('',(-8.,-28.,-27.31370849898));
#2098 = DIRECTION('',(0.,0.707106781187,0.707106781187));
#2099 = DIRECTION('',(0.,-0.707106781187,0.707106781187));
#2100 = PCURVE('',#1931,#2101);
#2101 = DEFINITIONAL_REPRESENTATION('',(#2102),#2106);
#2102 = ELLIPSE('',#2103,4.666904755831,3.3);
#2103 = AXIS2_PLACEMENT_2D('',#2104,#2105);
#2104 = CARTESIAN_POINT('',(-21.24264068711,1.143531641261));
#2105 = DIRECTION('',(1.,0.));
#2106 = ( GEOMETRIC_REPRESENTATION_CONTEXT(2) 
PARAMETRIC_REPRESENTATION_CONTEXT() REPRESENTATION_CONTEXT('2D SPACE',''
  ) );
#2107 = PCURVE('',#905,#2108);
#2108 = DEFINITIONAL_REPRESENTATION('',(#2109),#2119);
#2109 = B_SPLINE_CURVE_WITH_KNOTS('',8,(#2110,#2111,#2112,#2113,#2114,
    #2115,#2116,#2117,#2118),.UNSPECIFIED.,.F.,.F.,(9,9),(5.592356467872
    ,7.584463951013),.PIECEWISE_BEZIER_KNOTS.);
#2110 = CARTESIAN_POINT('',(4.021560141077,15.229661439269));
#2111 = CARTESIAN_POINT('',(4.27057357647,15.75325737523));
#2112 = CARTESIAN_POINT('',(4.519587011855,16.09661461562));
#2113 = CARTESIAN_POINT('',(4.768600447269,16.210263114068));
#2114 = CARTESIAN_POINT('',(5.01761388262,16.068559147173));
#2115 = CARTESIAN_POINT('',(5.266627318054,15.67955652432));
#2116 = CARTESIAN_POINT('',(5.515640753425,15.086861134709));
#2117 = CARTESIAN_POINT('',(5.764654188825,14.357050058073));
#2118 = CARTESIAN_POINT('',(6.013667624218,13.564971157456));
#2119 = ( GEOMETRIC_REPRESENTATION_CONTEXT(2) 
PARAMETRIC_REPRESENTATION_CONTEXT() REPRESENTATION_CONTEXT('2D SPACE',''
  ) );
#2120 = ADVANCED_FACE('',(#2121),#2058,.F.);
#2121 = FACE_BOUND('',#2122,.F.);
#2122 = EDGE_LOOP('',(#2123,#2124,#2148,#2176));
#2123 = ORIENTED_EDGE('',*,*,#2042,.F.);
#2124 = ORIENTED_EDGE('',*,*,#2125,.F.);
#2125 = EDGE_CURVE('',#2126,#2020,#2128,.T.);
#2126 = VERTEX_POINT('',#2127);
#2127 = CARTESIAN_POINT('',(-3.800823356817,-45.14213562373,
    -11.58578643762));
#2128 = SURFACE_CURVE('',#2129,(#2134,#2141),.PCURVE_S1.);
#2129 = CIRCLE('',#2130,1.);
#2130 = AXIS2_PLACEMENT_3D('',#2131,#2132,#2133);
#2131 = CARTESIAN_POINT('',(-4.800823356817,-45.14213562373,
    -11.58578643762));
#2132 = DIRECTION('',(-0.,-0.707106781187,0.707106781187));
#2133 = DIRECTION('',(-1.,0.,-0.));
#2134 = PCURVE('',#2058,#2135);
#2135 = DEFINITIONAL_REPRESENTATION('',(#2136),#2140);
#2136 = LINE('',#2137,#2138);
#2137 = CARTESIAN_POINT('',(9.424777960769,-2.));
#2138 = VECTOR('',#2139,1.);
#2139 = DIRECTION('',(-1.,0.));
#2140 = ( GEOMETRIC_REPRESENTATION_CONTEXT(2) 
PARAMETRIC_REPRESENTATION_CONTEXT() REPRESENTATION_CONTEXT('2D SPACE',''
  ) );
#2141 = PCURVE('',#554,#2142);
#2142 = DEFINITIONAL_REPRESENTATION('',(#2143),#2147);
#2143 = CIRCLE('',#2144,1.);
#2144 = AXIS2_PLACEMENT_2D('',#2145,#2146);
#2145 = CARTESIAN_POINT('',(-1.977913110256,21.006281566481));
#2146 = DIRECTION('',(-1.,0.));
#2147 = ( GEOMETRIC_REPRESENTATION_CONTEXT(2) 
PARAMETRIC_REPRESENTATION_CONTEXT() REPRESENTATION_CONTEXT('2D SPACE',''
  ) );
#2148 = ORIENTED_EDGE('',*,*,#2149,.T.);
#2149 = EDGE_CURVE('',#2126,#2150,#2152,.T.);
#2150 = VERTEX_POINT('',#2151);
#2151 = CARTESIAN_POINT('',(-3.800823356817,-31.,-25.72792206135));
#2152 = SURFACE_CURVE('',#2153,(#2157,#2164),.PCURVE_S1.);
#2153 = LINE('',#2154,#2155);
#2154 = CARTESIAN_POINT('',(-3.800823356817,-43.72792206135,-13.));
#2155 = VECTOR('',#2156,1.);
#2156 = DIRECTION('',(0.,0.707106781187,-0.707106781187));
#2157 = PCURVE('',#2058,#2158);
#2158 = DEFINITIONAL_REPRESENTATION('',(#2159),#2163);
#2159 = LINE('',#2160,#2161);
#2160 = CARTESIAN_POINT('',(6.28318530718,0.));
#2161 = VECTOR('',#2162,1.);
#2162 = DIRECTION('',(0.,1.));
#2163 = ( GEOMETRIC_REPRESENTATION_CONTEXT(2) 
PARAMETRIC_REPRESENTATION_CONTEXT() REPRESENTATION_CONTEXT('2D SPACE',''
  ) );
#2164 = PCURVE('',#2165,#2170);
#2165 = PLANE('',#2166);
#2166 = AXIS2_PLACEMENT_3D('',#2167,#2168,#2169);
#2167 = CARTESIAN_POINT('',(-3.800823356817,-44.52259213026,
    -13.7946700689));
#2168 = DIRECTION('',(-1.,0.,-0.));
#2169 = DIRECTION('',(0.,0.707106781187,-0.707106781187));
#2170 = DEFINITIONAL_REPRESENTATION('',(#2171),#2175);
#2171 = LINE('',#2172,#2173);
#2172 = CARTESIAN_POINT('',(0.,-1.123833189059));
#2173 = VECTOR('',#2174,1.);
#2174 = DIRECTION('',(1.,0.));
#2175 = ( GEOMETRIC_REPRESENTATION_CONTEXT(2) 
PARAMETRIC_REPRESENTATION_CONTEXT() REPRESENTATION_CONTEXT('2D SPACE',''
  ) );
#2176 = ORIENTED_EDGE('',*,*,#2177,.F.);
#2177 = EDGE_CURVE('',#2043,#2150,#2178,.T.);
#2178 = SURFACE_CURVE('',#2179,(#2184,#2191),.PCURVE_S1.);
#2179 = CIRCLE('',#2180,1.);
#2180 = AXIS2_PLACEMENT_3D('',#2181,#2182,#2183);
#2181 = CARTESIAN_POINT('',(-4.800823356817,-31.,-25.72792206135));
#2182 = DIRECTION('',(0.,0.707106781187,-0.707106781187));
#2183 = DIRECTION('',(1.,0.,0.));
#2184 = PCURVE('',#2058,#2185);
#2185 = DEFINITIONAL_REPRESENTATION('',(#2186),#2190);
#2186 = LINE('',#2187,#2188);
#2187 = CARTESIAN_POINT('',(0.,18.));
#2188 = VECTOR('',#2189,1.);
#2189 = DIRECTION('',(1.,0.));
#2190 = ( GEOMETRIC_REPRESENTATION_CONTEXT(2) 
PARAMETRIC_REPRESENTATION_CONTEXT() REPRESENTATION_CONTEXT('2D SPACE',''
  ) );
#2191 = PCURVE('',#1595,#2192);
#2192 = DEFINITIONAL_REPRESENTATION('',(#2193),#2197);
#2193 = CIRCLE('',#2194,1.);
#2194 = AXIS2_PLACEMENT_2D('',#2195,#2196);
#2195 = CARTESIAN_POINT('',(-1.977913110256,-23.12760191004));
#2196 = DIRECTION('',(1.,0.));
#2197 = ( GEOMETRIC_REPRESENTATION_CONTEXT(2) 
PARAMETRIC_REPRESENTATION_CONTEXT() REPRESENTATION_CONTEXT('2D SPACE',''
  ) );
#2198 = ADVANCED_FACE('',(#2199),#2165,.T.);
#2199 = FACE_BOUND('',#2200,.T.);
#2200 = EDGE_LOOP('',(#2201,#2202,#2225,#2253));
#2201 = ORIENTED_EDGE('',*,*,#2149,.T.);
#2202 = ORIENTED_EDGE('',*,*,#2203,.F.);
#2203 = EDGE_CURVE('',#2204,#2150,#2206,.T.);
#2204 = VERTEX_POINT('',#2205);
#2205 = CARTESIAN_POINT('',(-3.800823356817,-32.21620344107,
    -26.94412550243));
#2206 = SURFACE_CURVE('',#2207,(#2211,#2218),.PCURVE_S1.);
#2207 = LINE('',#2208,#2209);
#2208 = CARTESIAN_POINT('',(-3.800823356817,-31.7946700689,
    -26.52259213026));
#2209 = VECTOR('',#2210,1.);
#2210 = DIRECTION('',(0.,0.707106781187,0.707106781187));
#2211 = PCURVE('',#2165,#2212);
#2212 = DEFINITIONAL_REPRESENTATION('',(#2213),#2217);
#2213 = LINE('',#2214,#2215);
#2214 = CARTESIAN_POINT('',(18.,0.));
#2215 = VECTOR('',#2216,1.);
#2216 = DIRECTION('',(0.,-1.));
#2217 = ( GEOMETRIC_REPRESENTATION_CONTEXT(2) 
PARAMETRIC_REPRESENTATION_CONTEXT() REPRESENTATION_CONTEXT('2D SPACE',''
  ) );
#2218 = PCURVE('',#1595,#2219);
#2219 = DEFINITIONAL_REPRESENTATION('',(#2220),#2224);
#2220 = LINE('',#2221,#2222);
#2221 = CARTESIAN_POINT('',(-0.977913110256,-22.00376872098));
#2222 = VECTOR('',#2223,1.);
#2223 = DIRECTION('',(0.,-1.));
#2224 = ( GEOMETRIC_REPRESENTATION_CONTEXT(2) 
PARAMETRIC_REPRESENTATION_CONTEXT() REPRESENTATION_CONTEXT('2D SPACE',''
  ) );
#2225 = ORIENTED_EDGE('',*,*,#2226,.F.);
#2226 = EDGE_CURVE('',#2227,#2204,#2229,.T.);
#2227 = VERTEX_POINT('',#2228);
#2228 = CARTESIAN_POINT('',(-3.800823356817,-46.35833906481,
    -12.8019898787));
#2229 = SURFACE_CURVE('',#2230,(#2234,#2241),.PCURVE_S1.);
#2230 = LINE('',#2231,#2232);
#2231 = CARTESIAN_POINT('',(-3.800823356817,-44.94412550243,
    -14.21620344107));
#2232 = VECTOR('',#2233,1.);
#2233 = DIRECTION('',(0.,0.707106781187,-0.707106781187));
#2234 = PCURVE('',#2165,#2235);
#2235 = DEFINITIONAL_REPRESENTATION('',(#2236),#2240);
#2236 = LINE('',#2237,#2238);
#2237 = CARTESIAN_POINT('',(0.,0.596138211919));
#2238 = VECTOR('',#2239,1.);
#2239 = DIRECTION('',(1.,0.));
#2240 = ( GEOMETRIC_REPRESENTATION_CONTEXT(2) 
PARAMETRIC_REPRESENTATION_CONTEXT() REPRESENTATION_CONTEXT('2D SPACE',''
  ) );
#2241 = PCURVE('',#2242,#2247);
#2242 = CYLINDRICAL_SURFACE('',#2243,1.);
#2243 = AXIS2_PLACEMENT_3D('',#2244,#2245,#2246);
#2244 = CARTESIAN_POINT('',(-2.800823356817,-66.15732893803,
    6.996999994518));
#2245 = DIRECTION('',(0.,0.707106781187,-0.707106781187));
#2246 = DIRECTION('',(1.,0.,0.));
#2247 = DEFINITIONAL_REPRESENTATION('',(#2248),#2252);
#2248 = LINE('',#2249,#2250);
#2249 = CARTESIAN_POINT('',(3.14159265359,30.));
#2250 = VECTOR('',#2251,1.);
#2251 = DIRECTION('',(0.,1.));
#2252 = ( GEOMETRIC_REPRESENTATION_CONTEXT(2) 
PARAMETRIC_REPRESENTATION_CONTEXT() REPRESENTATION_CONTEXT('2D SPACE',''
  ) );
#2253 = ORIENTED_EDGE('',*,*,#2254,.F.);
#2254 = EDGE_CURVE('',#2126,#2227,#2255,.T.);
#2255 = SURFACE_CURVE('',#2256,(#2260,#2267),.PCURVE_S1.);
#2256 = LINE('',#2257,#2258);
#2257 = CARTESIAN_POINT('',(-3.800823356817,-59.9958197669,
    -26.43947058079));
#2258 = VECTOR('',#2259,1.);
#2259 = DIRECTION('',(0.,-0.707106781187,-0.707106781187));
#2260 = PCURVE('',#2165,#2261);
#2261 = DEFINITIONAL_REPRESENTATION('',(#2262),#2266);
#2262 = LINE('',#2263,#2264);
#2263 = CARTESIAN_POINT('',(-2.,19.882448377422));
#2264 = VECTOR('',#2265,1.);
#2265 = DIRECTION('',(0.,1.));
#2266 = ( GEOMETRIC_REPRESENTATION_CONTEXT(2) 
PARAMETRIC_REPRESENTATION_CONTEXT() REPRESENTATION_CONTEXT('2D SPACE',''
  ) );
#2267 = PCURVE('',#554,#2268);
#2268 = DEFINITIONAL_REPRESENTATION('',(#2269),#2273);
#2269 = LINE('',#2270,#2271);
#2270 = CARTESIAN_POINT('',(-0.977913110256,0.));
#2271 = VECTOR('',#2272,1.);
#2272 = DIRECTION('',(0.,-1.));
#2273 = ( GEOMETRIC_REPRESENTATION_CONTEXT(2) 
PARAMETRIC_REPRESENTATION_CONTEXT() REPRESENTATION_CONTEXT('2D SPACE',''
  ) );
#2274 = ADVANCED_FACE('',(#2275),#2242,.T.);
#2275 = FACE_BOUND('',#2276,.T.);
#2276 = EDGE_LOOP('',(#2277,#2278,#2302,#2325));
#2277 = ORIENTED_EDGE('',*,*,#2226,.T.);
#2278 = ORIENTED_EDGE('',*,*,#2279,.F.);
#2279 = EDGE_CURVE('',#2280,#2204,#2282,.T.);
#2280 = VERTEX_POINT('',#2281);
#2281 = CARTESIAN_POINT('',(-2.448742425544,-32.87803386416,
    -27.60595592551));
#2282 = SURFACE_CURVE('',#2283,(#2288,#2295),.PCURVE_S1.);
#2283 = CIRCLE('',#2284,1.);
#2284 = AXIS2_PLACEMENT_3D('',#2285,#2286,#2287);
#2285 = CARTESIAN_POINT('',(-2.800823356817,-32.21620344107,
    -26.94412550243));
#2286 = DIRECTION('',(0.,0.707106781187,-0.707106781187));
#2287 = DIRECTION('',(1.,0.,0.));
#2288 = PCURVE('',#2242,#2289);
#2289 = DEFINITIONAL_REPRESENTATION('',(#2290),#2294);
#2290 = LINE('',#2291,#2292);
#2291 = CARTESIAN_POINT('',(-1.110223024625E-15,48.));
#2292 = VECTOR('',#2293,1.);
#2293 = DIRECTION('',(1.,0.));
#2294 = ( GEOMETRIC_REPRESENTATION_CONTEXT(2) 
PARAMETRIC_REPRESENTATION_CONTEXT() REPRESENTATION_CONTEXT('2D SPACE',''
  ) );
#2295 = PCURVE('',#1595,#2296);
#2296 = DEFINITIONAL_REPRESENTATION('',(#2297),#2301);
#2297 = CIRCLE('',#2298,1.);
#2298 = AXIS2_PLACEMENT_2D('',#2299,#2300);
#2299 = CARTESIAN_POINT('',(2.20868897437E-02,-21.40763050906));
#2300 = DIRECTION('',(1.,0.));
#2301 = ( GEOMETRIC_REPRESENTATION_CONTEXT(2) 
PARAMETRIC_REPRESENTATION_CONTEXT() REPRESENTATION_CONTEXT('2D SPACE',''
  ) );
#2302 = ORIENTED_EDGE('',*,*,#2303,.F.);
#2303 = EDGE_CURVE('',#2304,#2280,#2306,.T.);
#2304 = VERTEX_POINT('',#2305);
#2305 = CARTESIAN_POINT('',(-2.448742425544,-47.02016948789,
    -13.46382030178));
#2306 = SURFACE_CURVE('',#2307,(#2311,#2318),.PCURVE_S1.);
#2307 = LINE('',#2308,#2309);
#2308 = CARTESIAN_POINT('',(-2.448742425544,-66.81915936111,
    6.335169571436));
#2309 = VECTOR('',#2310,1.);
#2310 = DIRECTION('',(0.,0.707106781187,-0.707106781187));
#2311 = PCURVE('',#2242,#2312);
#2312 = DEFINITIONAL_REPRESENTATION('',(#2313),#2317);
#2313 = LINE('',#2314,#2315);
#2314 = CARTESIAN_POINT('',(1.211002860768,0.));
#2315 = VECTOR('',#2316,1.);
#2316 = DIRECTION('',(0.,1.));
#2317 = ( GEOMETRIC_REPRESENTATION_CONTEXT(2) 
PARAMETRIC_REPRESENTATION_CONTEXT() REPRESENTATION_CONTEXT('2D SPACE',''
  ) );
#2318 = PCURVE('',#1037,#2319);
#2319 = DEFINITIONAL_REPRESENTATION('',(#2320),#2324);
#2320 = LINE('',#2321,#2322);
#2321 = CARTESIAN_POINT('',(4.352595514358,0.));
#2322 = VECTOR('',#2323,1.);
#2323 = DIRECTION('',(0.,1.));
#2324 = ( GEOMETRIC_REPRESENTATION_CONTEXT(2) 
PARAMETRIC_REPRESENTATION_CONTEXT() REPRESENTATION_CONTEXT('2D SPACE',''
  ) );
#2325 = ORIENTED_EDGE('',*,*,#2326,.F.);
#2326 = EDGE_CURVE('',#2227,#2304,#2327,.T.);
#2327 = SURFACE_CURVE('',#2328,(#2333,#2340),.PCURVE_S1.);
#2328 = CIRCLE('',#2329,1.);
#2329 = AXIS2_PLACEMENT_3D('',#2330,#2331,#2332);
#2330 = CARTESIAN_POINT('',(-2.800823356817,-46.35833906481,
    -12.8019898787));
#2331 = DIRECTION('',(-0.,-0.707106781187,0.707106781187));
#2332 = DIRECTION('',(-1.,0.,-0.));
#2333 = PCURVE('',#2242,#2334);
#2334 = DEFINITIONAL_REPRESENTATION('',(#2335),#2339);
#2335 = LINE('',#2336,#2337);
#2336 = CARTESIAN_POINT('',(3.14159265359,28.));
#2337 = VECTOR('',#2338,1.);
#2338 = DIRECTION('',(-1.,0.));
#2339 = ( GEOMETRIC_REPRESENTATION_CONTEXT(2) 
PARAMETRIC_REPRESENTATION_CONTEXT() REPRESENTATION_CONTEXT('2D SPACE',''
  ) );
#2340 = PCURVE('',#554,#2341);
#2341 = DEFINITIONAL_REPRESENTATION('',(#2342),#2346);
#2342 = CIRCLE('',#2343,1.);
#2343 = AXIS2_PLACEMENT_2D('',#2344,#2345);
#2344 = CARTESIAN_POINT('',(2.20868897437E-02,19.286310165502));
#2345 = DIRECTION('',(-1.,0.));
#2346 = ( GEOMETRIC_REPRESENTATION_CONTEXT(2) 
PARAMETRIC_REPRESENTATION_CONTEXT() REPRESENTATION_CONTEXT('2D SPACE',''
  ) );
#2347 = ADVANCED_FACE('',(#2348),#1595,.F.);
#2348 = FACE_BOUND('',#2349,.F.);
#2349 = EDGE_LOOP('',(#2350,#2351,#2352,#2385,#2386,#2387,#2388,#2389,
    #2413,#2436,#2461,#2462,#2463));
#2350 = ORIENTED_EDGE('',*,*,#1815,.T.);
#2351 = ORIENTED_EDGE('',*,*,#1993,.T.);
#2352 = ORIENTED_EDGE('',*,*,#2353,.F.);
#2353 = EDGE_CURVE('',#2071,#1944,#2354,.T.);
#2354 = SURFACE_CURVE('',#2355,(#2360,#2367),.PCURVE_S1.);
#2355 = ELLIPSE('',#2356,4.666904755831,3.3);
#2356 = AXIS2_PLACEMENT_3D('',#2357,#2358,#2359);
#2357 = CARTESIAN_POINT('',(-8.,-28.,-22.72792206135));
#2358 = DIRECTION('',(0.,0.707106781187,-0.707106781187));
#2359 = DIRECTION('',(0.,0.707106781187,0.707106781187));
#2360 = PCURVE('',#1595,#2361);
#2361 = DEFINITIONAL_REPRESENTATION('',(#2362),#2366);
#2362 = ELLIPSE('',#2363,4.666904755831,3.3);
#2363 = AXIS2_PLACEMENT_2D('',#2364,#2365);
#2364 = CARTESIAN_POINT('',(-5.177089753439,-27.37024259716));
#2365 = DIRECTION('',(0.,-1.));
#2366 = ( GEOMETRIC_REPRESENTATION_CONTEXT(2) 
PARAMETRIC_REPRESENTATION_CONTEXT() REPRESENTATION_CONTEXT('2D SPACE',''
  ) );
#2367 = PCURVE('',#905,#2368);
#2368 = DEFINITIONAL_REPRESENTATION('',(#2369),#2384);
#2369 = B_SPLINE_CURVE_WITH_KNOTS('',7,(#2370,#2371,#2372,#2373,#2374,
    #2375,#2376,#2377,#2378,#2379,#2380,#2381,#2382,#2383),
  .UNSPECIFIED.,.F.,.F.,(8,6,8),(1.76955439233,3.14159265359,
    4.51363091485),.UNSPECIFIED.);
#2370 = CARTESIAN_POINT('',(6.084427241645,16.620486340514));
#2371 = CARTESIAN_POINT('',(5.888421775751,15.986402496799));
#2372 = CARTESIAN_POINT('',(5.692416309857,15.381524890083));
#2373 = CARTESIAN_POINT('',(5.49641084396,14.845632899227));
#2374 = CARTESIAN_POINT('',(5.30040537807,14.415800949204));
#2375 = CARTESIAN_POINT('',(5.104399912173,14.11998903155));
#2376 = CARTESIAN_POINT('',(4.908394446279,13.972077938642));
#2377 = CARTESIAN_POINT('',(4.51638351449,13.972077938642));
#2378 = CARTESIAN_POINT('',(4.320378048596,14.119989031547));
#2379 = CARTESIAN_POINT('',(4.124372582702,14.415800949215));
#2380 = CARTESIAN_POINT('',(3.928367116808,14.845632899216));
#2381 = CARTESIAN_POINT('',(3.732361650913,15.381524890087));
#2382 = CARTESIAN_POINT('',(3.536356185019,15.986402496799));
#2383 = CARTESIAN_POINT('',(3.340350719124,16.620486340514));
#2384 = ( GEOMETRIC_REPRESENTATION_CONTEXT(2) 
PARAMETRIC_REPRESENTATION_CONTEXT() REPRESENTATION_CONTEXT('2D SPACE',''
  ) );
#2385 = ORIENTED_EDGE('',*,*,#2070,.T.);
#2386 = ORIENTED_EDGE('',*,*,#2177,.T.);
#2387 = ORIENTED_EDGE('',*,*,#2203,.F.);
#2388 = ORIENTED_EDGE('',*,*,#2279,.F.);
#2389 = ORIENTED_EDGE('',*,*,#2390,.F.);
#2390 = EDGE_CURVE('',#2391,#2280,#2393,.T.);
#2391 = VERTEX_POINT('',#2392);
#2392 = CARTESIAN_POINT('',(-7.419104324297,-35.14365978732,
    -29.87158184868));
#2393 = SURFACE_CURVE('',#2394,(#2399,#2406),.PCURVE_S1.);
#2394 = CIRCLE('',#2395,14.);
#2395 = AXIS2_PLACEMENT_3D('',#2396,#2397,#2398);
#2396 = CARTESIAN_POINT('',(2.480390612289,-42.1436597873,
    -36.87158184866));
#2397 = DIRECTION('',(0.,0.707106781187,-0.707106781187));
#2398 = DIRECTION('',(1.,0.,0.));
#2399 = PCURVE('',#1595,#2400);
#2400 = DEFINITIONAL_REPRESENTATION('',(#2401),#2405);
#2401 = CIRCLE('',#2402,14.);
#2402 = AXIS2_PLACEMENT_2D('',#2403,#2404);
#2403 = CARTESIAN_POINT('',(5.30330085885,-7.36808710436));
#2404 = DIRECTION('',(1.,0.));
#2405 = ( GEOMETRIC_REPRESENTATION_CONTEXT(2) 
PARAMETRIC_REPRESENTATION_CONTEXT() REPRESENTATION_CONTEXT('2D SPACE',''
  ) );
#2406 = PCURVE('',#1037,#2407);
#2407 = DEFINITIONAL_REPRESENTATION('',(#2408),#2412);
#2408 = LINE('',#2409,#2410);
#2409 = CARTESIAN_POINT('',(4.884981308351E-15,48.));
#2410 = VECTOR('',#2411,1.);
#2411 = DIRECTION('',(1.,0.));
#2412 = ( GEOMETRIC_REPRESENTATION_CONTEXT(2) 
PARAMETRIC_REPRESENTATION_CONTEXT() REPRESENTATION_CONTEXT('2D SPACE',''
  ) );
#2413 = ORIENTED_EDGE('',*,*,#2414,.T.);
#2414 = EDGE_CURVE('',#2391,#2415,#2417,.T.);
#2415 = VERTEX_POINT('',#2416);
#2416 = CARTESIAN_POINT('',(-10.95258894131,-37.64221072123,
    -32.37013278259));
#2417 = SURFACE_CURVE('',#2418,(#2422,#2429),.PCURVE_S1.);
#2418 = LINE('',#2419,#2420);
#2419 = CARTESIAN_POINT('',(-9.185846632806,-36.39293525428,
    -31.12085731563));
#2420 = VECTOR('',#2421,1.);
#2421 = DIRECTION('',(-0.707106781187,-0.5,-0.5));
#2422 = PCURVE('',#1595,#2423);
#2423 = DEFINITIONAL_REPRESENTATION('',(#2424),#2428);
#2424 = LINE('',#2425,#2426);
#2425 = CARTESIAN_POINT('',(-6.362936386245,-15.50083973243));
#2426 = VECTOR('',#2427,1.);
#2427 = DIRECTION('',(-0.707106781187,0.707106781187));
#2428 = ( GEOMETRIC_REPRESENTATION_CONTEXT(2) 
PARAMETRIC_REPRESENTATION_CONTEXT() REPRESENTATION_CONTEXT('2D SPACE',''
  ) );
#2429 = PCURVE('',#1065,#2430);
#2430 = DEFINITIONAL_REPRESENTATION('',(#2431),#2435);
#2431 = LINE('',#2432,#2433);
#2432 = CARTESIAN_POINT('',(0.,0.));
#2433 = VECTOR('',#2434,1.);
#2434 = DIRECTION('',(1.,0.));
#2435 = ( GEOMETRIC_REPRESENTATION_CONTEXT(2) 
PARAMETRIC_REPRESENTATION_CONTEXT() REPRESENTATION_CONTEXT('2D SPACE',''
  ) );
#2436 = ORIENTED_EDGE('',*,*,#2437,.T.);
#2437 = EDGE_CURVE('',#2415,#1494,#2438,.T.);
#2438 = SURFACE_CURVE('',#2439,(#2445,#2454),.PCURVE_S1.);
#2439 = B_SPLINE_CURVE_WITH_KNOTS('',3,(#2440,#2441,#2442,#2443,#2444),
  .UNSPECIFIED.,.F.,.F.,(4,1,4),(4.712270738013,5.104775018609,
    5.338114607876),.UNSPECIFIED.);
#2440 = CARTESIAN_POINT('',(-10.95258226058,-37.64221544522,
    -32.37013750658));
#2441 = CARTESIAN_POINT('',(-13.28407340837,-39.29082778062,
    -34.01874984198));
#2442 = CARTESIAN_POINT('',(-16.48748288467,-42.27904585601,
    -37.00696791737));
#2443 = CARTESIAN_POINT('',(-18.49908995611,-45.50227998462,
    -40.23020204598));
#2444 = CARTESIAN_POINT('',(-19.06469741868,-46.70590942566,
    -41.43383148702));
#2445 = PCURVE('',#1595,#2446);
#2446 = DEFINITIONAL_REPRESENTATION('',(#2447),#2453);
#2447 = B_SPLINE_CURVE_WITH_KNOTS('',3,(#2448,#2449,#2450,#2451,#2452),
  .UNSPECIFIED.,.F.,.F.,(4,1,4),(4.712270738013,5.104775018609,
    5.338114607876),.UNSPECIFIED.);
#2448 = CARTESIAN_POINT('',(-8.129672014025,-13.73409074319));
#2449 = CARTESIAN_POINT('',(-10.46116316181,-11.40260081938));
#2450 = CARTESIAN_POINT('',(-13.66457263811,-7.176622289833));
#2451 = CARTESIAN_POINT('',(-15.67617970954,-2.618280870456));
#2452 = CARTESIAN_POINT('',(-16.24178717212,-0.916091790855));
#2453 = ( GEOMETRIC_REPRESENTATION_CONTEXT(2) 
PARAMETRIC_REPRESENTATION_CONTEXT() REPRESENTATION_CONTEXT('2D SPACE',''
  ) );
#2454 = PCURVE('',#1097,#2455);
#2455 = DEFINITIONAL_REPRESENTATION('',(#2456),#2460);
#2456 = LINE('',#2457,#2458);
#2457 = CARTESIAN_POINT('',(0.,-2.447925815028E-17));
#2458 = VECTOR('',#2459,1.);
#2459 = DIRECTION('',(1.,0.));
#2460 = ( GEOMETRIC_REPRESENTATION_CONTEXT(2) 
PARAMETRIC_REPRESENTATION_CONTEXT() REPRESENTATION_CONTEXT('2D SPACE',''
  ) );
#2461 = ORIENTED_EDGE('',*,*,#1578,.F.);
#2462 = ORIENTED_EDGE('',*,*,#1661,.F.);
#2463 = ORIENTED_EDGE('',*,*,#1789,.T.);
#2464 = ADVANCED_FACE('',(#2465),#1275,.F.);
#2465 = FACE_BOUND('',#2466,.F.);
#2466 = EDGE_LOOP('',(#2467,#2491,#2492,#2493));
#2467 = ORIENTED_EDGE('',*,*,#2468,.F.);
#2468 = EDGE_CURVE('',#1420,#2469,#2471,.T.);
#2469 = VERTEX_POINT('',#2470);
#2470 = CARTESIAN_POINT('',(3.541050784076,-73.53579541107,
    -39.97944622496));
#2471 = SURFACE_CURVE('',#2472,(#2477,#2484),.PCURVE_S1.);
#2472 = CIRCLE('',#2473,14.);
#2473 = AXIS2_PLACEMENT_3D('',#2474,#2475,#2476);
#2474 = CARTESIAN_POINT('',(-6.358444152511,-66.53579541109,
    -32.97944622498));
#2475 = DIRECTION('',(-0.,-0.707106781187,0.707106781187));
#2476 = DIRECTION('',(-1.,0.,-0.));
#2477 = PCURVE('',#1275,#2478);
#2478 = DEFINITIONAL_REPRESENTATION('',(#2479),#2483);
#2479 = LINE('',#2480,#2481);
#2480 = CARTESIAN_POINT('',(3.14159265359,28.));
#2481 = VECTOR('',#2482,1.);
#2482 = DIRECTION('',(-1.,0.));
#2483 = ( GEOMETRIC_REPRESENTATION_CONTEXT(2) 
PARAMETRIC_REPRESENTATION_CONTEXT() REPRESENTATION_CONTEXT('2D SPACE',''
  ) );
#2484 = PCURVE('',#554,#2485);
#2485 = DEFINITIONAL_REPRESENTATION('',(#2486),#2490);
#2486 = CIRCLE('',#2487,14.);
#2487 = AXIS2_PLACEMENT_2D('',#2488,#2489);
#2488 = CARTESIAN_POINT('',(-3.53553390595,-9.2489222536));
#2489 = DIRECTION('',(-1.,0.));
#2490 = ( GEOMETRIC_REPRESENTATION_CONTEXT(2) 
PARAMETRIC_REPRESENTATION_CONTEXT() REPRESENTATION_CONTEXT('2D SPACE',''
  ) );
#2491 = ORIENTED_EDGE('',*,*,#1419,.T.);
#2492 = ORIENTED_EDGE('',*,*,#1254,.T.);
#2493 = ORIENTED_EDGE('',*,*,#2494,.F.);
#2494 = EDGE_CURVE('',#2469,#1255,#2495,.T.);
#2495 = SURFACE_CURVE('',#2496,(#2500,#2507),.PCURVE_S1.);
#2496 = LINE('',#2497,#2498);
#2497 = CARTESIAN_POINT('',(3.541050784076,-93.33478528429,
    -20.18045635174));
#2498 = VECTOR('',#2499,1.);
#2499 = DIRECTION('',(0.,0.707106781187,-0.707106781187));
#2500 = PCURVE('',#1275,#2501);
#2501 = DEFINITIONAL_REPRESENTATION('',(#2502),#2506);
#2502 = LINE('',#2503,#2504);
#2503 = CARTESIAN_POINT('',(0.785398163397,0.));
#2504 = VECTOR('',#2505,1.);
#2505 = DIRECTION('',(0.,1.));
#2506 = ( GEOMETRIC_REPRESENTATION_CONTEXT(2) 
PARAMETRIC_REPRESENTATION_CONTEXT() REPRESENTATION_CONTEXT('2D SPACE',''
  ) );
#2507 = PCURVE('',#1303,#2508);
#2508 = DEFINITIONAL_REPRESENTATION('',(#2509),#2513);
#2509 = LINE('',#2510,#2511);
#2510 = CARTESIAN_POINT('',(-6.250000000013,0.));
#2511 = VECTOR('',#2512,1.);
#2512 = DIRECTION('',(0.,1.));
#2513 = ( GEOMETRIC_REPRESENTATION_CONTEXT(2) 
PARAMETRIC_REPRESENTATION_CONTEXT() REPRESENTATION_CONTEXT('2D SPACE',''
  ) );
#2514 = ADVANCED_FACE('',(#2515),#1097,.T.);
#2515 = FACE_BOUND('',#2516,.T.);
#2516 = EDGE_LOOP('',(#2517,#2518,#2538,#2539));
#2517 = ORIENTED_EDGE('',*,*,#1077,.F.);
#2518 = ORIENTED_EDGE('',*,*,#2519,.F.);
#2519 = EDGE_CURVE('',#2415,#1050,#2520,.T.);
#2520 = SURFACE_CURVE('',#2521,(#2525,#2531),.PCURVE_S1.);
#2521 = LINE('',#2522,#2523);
#2522 = CARTESIAN_POINT('',(-10.95258894131,-37.64221072123,
    -32.37013278259));
#2523 = VECTOR('',#2524,1.);
#2524 = DIRECTION('',(0.,0.707106781187,-0.707106781187));
#2525 = PCURVE('',#1097,#2526);
#2526 = DEFINITIONAL_REPRESENTATION('',(#2527),#2530);
#2527 = B_SPLINE_CURVE_WITH_KNOTS('',1,(#2528,#2529),.UNSPECIFIED.,.F.,
  .F.,(2,2),(0.,2.),.PIECEWISE_BEZIER_KNOTS.);
#2528 = CARTESIAN_POINT('',(4.712270738013,-2.447925815028E-17));
#2529 = CARTESIAN_POINT('',(4.712270738013,1.));
#2530 = ( GEOMETRIC_REPRESENTATION_CONTEXT(2) 
PARAMETRIC_REPRESENTATION_CONTEXT() REPRESENTATION_CONTEXT('2D SPACE',''
  ) );
#2531 = PCURVE('',#1065,#2532);
#2532 = DEFINITIONAL_REPRESENTATION('',(#2533),#2537);
#2533 = LINE('',#2534,#2535);
#2534 = CARTESIAN_POINT('',(2.498550933911,0.));
#2535 = VECTOR('',#2536,1.);
#2536 = DIRECTION('',(0.,1.));
#2537 = ( GEOMETRIC_REPRESENTATION_CONTEXT(2) 
PARAMETRIC_REPRESENTATION_CONTEXT() REPRESENTATION_CONTEXT('2D SPACE',''
  ) );
#2538 = ORIENTED_EDGE('',*,*,#2437,.T.);
#2539 = ORIENTED_EDGE('',*,*,#1555,.T.);
#2540 = ADVANCED_FACE('',(#2541),#1303,.T.);
#2541 = FACE_BOUND('',#2542,.T.);
#2542 = EDGE_LOOP('',(#2543,#2566,#2567,#2568));
#2543 = ORIENTED_EDGE('',*,*,#2544,.T.);
#2544 = EDGE_CURVE('',#2545,#1288,#2547,.T.);
#2545 = VERTEX_POINT('',#2546);
#2546 = CARTESIAN_POINT('',(12.379885548947,-67.28579541107,
    -33.72944622497));
#2547 = SURFACE_CURVE('',#2548,(#2552,#2559),.PCURVE_S1.);
#2548 = LINE('',#2549,#2550);
#2549 = CARTESIAN_POINT('',(12.379885548947,-87.08478528429,
    -13.93045635174));
#2550 = VECTOR('',#2551,1.);
#2551 = DIRECTION('',(0.,0.707106781187,-0.707106781187));
#2552 = PCURVE('',#1303,#2553);
#2553 = DEFINITIONAL_REPRESENTATION('',(#2554),#2558);
#2554 = LINE('',#2555,#2556);
#2555 = CARTESIAN_POINT('',(6.250000000013,0.));
#2556 = VECTOR('',#2557,1.);
#2557 = DIRECTION('',(0.,1.));
#2558 = ( GEOMETRIC_REPRESENTATION_CONTEXT(2) 
PARAMETRIC_REPRESENTATION_CONTEXT() REPRESENTATION_CONTEXT('2D SPACE',''
  ) );
#2559 = PCURVE('',#1334,#2560);
#2560 = DEFINITIONAL_REPRESENTATION('',(#2561),#2565);
#2561 = LINE('',#2562,#2563);
#2562 = CARTESIAN_POINT('',(7.068583470577,0.));
#2563 = VECTOR('',#2564,1.);
#2564 = DIRECTION('',(0.,1.));
#2565 = ( GEOMETRIC_REPRESENTATION_CONTEXT(2) 
PARAMETRIC_REPRESENTATION_CONTEXT() REPRESENTATION_CONTEXT('2D SPACE',''
  ) );
#2566 = ORIENTED_EDGE('',*,*,#1287,.F.);
#2567 = ORIENTED_EDGE('',*,*,#2494,.F.);
#2568 = ORIENTED_EDGE('',*,*,#2569,.F.);
#2569 = EDGE_CURVE('',#2545,#2469,#2570,.T.);
#2570 = SURFACE_CURVE('',#2571,(#2575,#2582),.PCURVE_S1.);
#2571 = LINE('',#2572,#2573);
#2572 = CARTESIAN_POINT('',(9.93327886385,-69.01580758897,
    -35.45945840286));
#2573 = VECTOR('',#2574,1.);
#2574 = DIRECTION('',(-0.707106781187,-0.5,-0.5));
#2575 = PCURVE('',#1303,#2576);
#2576 = DEFINITIONAL_REPRESENTATION('',(#2577),#2581);
#2577 = LINE('',#2578,#2579);
#2578 = CARTESIAN_POINT('',(2.789975644187,28.));
#2579 = VECTOR('',#2580,1.);
#2580 = DIRECTION('',(-1.,0.));
#2581 = ( GEOMETRIC_REPRESENTATION_CONTEXT(2) 
PARAMETRIC_REPRESENTATION_CONTEXT() REPRESENTATION_CONTEXT('2D SPACE',''
  ) );
#2582 = PCURVE('',#554,#2583);
#2583 = DEFINITIONAL_REPRESENTATION('',(#2584),#2588);
#2584 = LINE('',#2585,#2586);
#2585 = CARTESIAN_POINT('',(12.756189110411,-12.75618911041));
#2586 = VECTOR('',#2587,1.);
#2587 = DIRECTION('',(-0.707106781187,-0.707106781187));
#2588 = ( GEOMETRIC_REPRESENTATION_CONTEXT(2) 
PARAMETRIC_REPRESENTATION_CONTEXT() REPRESENTATION_CONTEXT('2D SPACE',''
  ) );
#2589 = ADVANCED_FACE('',(#2590),#1065,.T.);
#2590 = FACE_BOUND('',#2591,.T.);
#2591 = EDGE_LOOP('',(#2592,#2593,#2614,#2615));
#2592 = ORIENTED_EDGE('',*,*,#1049,.F.);
#2593 = ORIENTED_EDGE('',*,*,#2594,.F.);
#2594 = EDGE_CURVE('',#2391,#1017,#2595,.T.);
#2595 = SURFACE_CURVE('',#2596,(#2600,#2607),.PCURVE_S1.);
#2596 = LINE('',#2597,#2598);
#2597 = CARTESIAN_POINT('',(-7.419104324297,-35.14365978732,
    -29.87158184868));
#2598 = VECTOR('',#2599,1.);
#2599 = DIRECTION('',(0.,0.707106781187,-0.707106781187));
#2600 = PCURVE('',#1065,#2601);
#2601 = DEFINITIONAL_REPRESENTATION('',(#2602),#2606);
#2602 = LINE('',#2603,#2604);
#2603 = CARTESIAN_POINT('',(-2.498550933912,0.));
#2604 = VECTOR('',#2605,1.);
#2605 = DIRECTION('',(0.,1.));
#2606 = ( GEOMETRIC_REPRESENTATION_CONTEXT(2) 
PARAMETRIC_REPRESENTATION_CONTEXT() REPRESENTATION_CONTEXT('2D SPACE',''
  ) );
#2607 = PCURVE('',#1037,#2608);
#2608 = DEFINITIONAL_REPRESENTATION('',(#2609),#2613);
#2609 = LINE('',#2610,#2611);
#2610 = CARTESIAN_POINT('',(3.926990816987,48.));
#2611 = VECTOR('',#2612,1.);
#2612 = DIRECTION('',(0.,1.));
#2613 = ( GEOMETRIC_REPRESENTATION_CONTEXT(2) 
PARAMETRIC_REPRESENTATION_CONTEXT() REPRESENTATION_CONTEXT('2D SPACE',''
  ) );
#2614 = ORIENTED_EDGE('',*,*,#2414,.T.);
#2615 = ORIENTED_EDGE('',*,*,#2519,.T.);
#2616 = ADVANCED_FACE('',(#2617),#1334,.F.);
#2617 = FACE_BOUND('',#2618,.F.);
#2618 = EDGE_LOOP('',(#2619,#2643,#2644,#2645));
#2619 = ORIENTED_EDGE('',*,*,#2620,.F.);
#2620 = EDGE_CURVE('',#2545,#2621,#2623,.T.);
#2621 = VERTEX_POINT('',#2622);
#2622 = CARTESIAN_POINT('',(12.379885548726,-49.28579541091,
    -15.72944622481));
#2623 = SURFACE_CURVE('',#2624,(#2629,#2636),.PCURVE_S1.);
#2624 = CIRCLE('',#2625,18.);
#2625 = AXIS2_PLACEMENT_3D('',#2626,#2627,#2628);
#2626 = CARTESIAN_POINT('',(-0.348036512411,-58.28579541107,
    -24.72944622497));
#2627 = DIRECTION('',(-0.,-0.707106781187,0.707106781187));
#2628 = DIRECTION('',(-1.,0.,-0.));
#2629 = PCURVE('',#1334,#2630);
#2630 = DEFINITIONAL_REPRESENTATION('',(#2631),#2635);
#2631 = LINE('',#2632,#2633);
#2632 = CARTESIAN_POINT('',(9.424777960769,28.));
#2633 = VECTOR('',#2634,1.);
#2634 = DIRECTION('',(-1.,0.));
#2635 = ( GEOMETRIC_REPRESENTATION_CONTEXT(2) 
PARAMETRIC_REPRESENTATION_CONTEXT() REPRESENTATION_CONTEXT('2D SPACE',''
  ) );
#2636 = PCURVE('',#554,#2637);
#2637 = DEFINITIONAL_REPRESENTATION('',(#2638),#2642);
#2638 = CIRCLE('',#2639,18.);
#2639 = AXIS2_PLACEMENT_2D('',#2640,#2641);
#2640 = CARTESIAN_POINT('',(2.47487373415,2.418339636));
#2641 = DIRECTION('',(-1.,0.));
#2642 = ( GEOMETRIC_REPRESENTATION_CONTEXT(2) 
PARAMETRIC_REPRESENTATION_CONTEXT() REPRESENTATION_CONTEXT('2D SPACE',''
  ) );
#2643 = ORIENTED_EDGE('',*,*,#2544,.T.);
#2644 = ORIENTED_EDGE('',*,*,#1315,.T.);
#2645 = ORIENTED_EDGE('',*,*,#2646,.F.);
#2646 = EDGE_CURVE('',#2621,#1015,#2647,.T.);
#2647 = SURFACE_CURVE('',#2648,(#2652,#2659),.PCURVE_S1.);
#2648 = LINE('',#2649,#2650);
#2649 = CARTESIAN_POINT('',(12.379885548726,-69.08478528413,
    4.069543648414));
#2650 = VECTOR('',#2651,1.);
#2651 = DIRECTION('',(0.,0.707106781187,-0.707106781187));
#2652 = PCURVE('',#1334,#2653);
#2653 = DEFINITIONAL_REPRESENTATION('',(#2654),#2658);
#2654 = LINE('',#2655,#2656);
#2655 = CARTESIAN_POINT('',(5.497787143764,0.));
#2656 = VECTOR('',#2657,1.);
#2657 = DIRECTION('',(0.,1.));
#2658 = ( GEOMETRIC_REPRESENTATION_CONTEXT(2) 
PARAMETRIC_REPRESENTATION_CONTEXT() REPRESENTATION_CONTEXT('2D SPACE',''
  ) );
#2659 = PCURVE('',#1037,#2660);
#2660 = DEFINITIONAL_REPRESENTATION('',(#2661),#2665);
#2661 = LINE('',#2662,#2663);
#2662 = CARTESIAN_POINT('',(5.497787143764,0.));
#2663 = VECTOR('',#2664,1.);
#2664 = DIRECTION('',(0.,1.));
#2665 = ( GEOMETRIC_REPRESENTATION_CONTEXT(2) 
PARAMETRIC_REPRESENTATION_CONTEXT() REPRESENTATION_CONTEXT('2D SPACE',''
  ) );
#2666 = ADVANCED_FACE('',(#2667),#1037,.F.);
#2667 = FACE_BOUND('',#2668,.F.);
#2668 = EDGE_LOOP('',(#2669,#2670,#2671,#2672,#2673,#2674));
#2669 = ORIENTED_EDGE('',*,*,#2646,.T.);
#2670 = ORIENTED_EDGE('',*,*,#1014,.T.);
#2671 = ORIENTED_EDGE('',*,*,#2594,.F.);
#2672 = ORIENTED_EDGE('',*,*,#2390,.T.);
#2673 = ORIENTED_EDGE('',*,*,#2303,.F.);
#2674 = ORIENTED_EDGE('',*,*,#2675,.F.);
#2675 = EDGE_CURVE('',#2621,#2304,#2676,.T.);
#2676 = SURFACE_CURVE('',#2677,(#2682,#2689),.PCURVE_S1.);
#2677 = CIRCLE('',#2678,14.);
#2678 = AXIS2_PLACEMENT_3D('',#2679,#2680,#2681);
#2679 = CARTESIAN_POINT('',(2.480390612289,-56.28579541103,
    -22.72944622493));
#2680 = DIRECTION('',(-0.,-0.707106781187,0.707106781187));
#2681 = DIRECTION('',(-1.,0.,-0.));
#2682 = PCURVE('',#1037,#2683);
#2683 = DEFINITIONAL_REPRESENTATION('',(#2684),#2688);
#2684 = LINE('',#2685,#2686);
#2685 = CARTESIAN_POINT('',(9.424777960769,28.));
#2686 = VECTOR('',#2687,1.);
#2687 = DIRECTION('',(-1.,0.));
#2688 = ( GEOMETRIC_REPRESENTATION_CONTEXT(2) 
PARAMETRIC_REPRESENTATION_CONTEXT() REPRESENTATION_CONTEXT('2D SPACE',''
  ) );
#2689 = PCURVE('',#554,#2690);
#2690 = DEFINITIONAL_REPRESENTATION('',(#2691),#2695);
#2691 = CIRCLE('',#2692,14.);
#2692 = AXIS2_PLACEMENT_2D('',#2693,#2694);
#2693 = CARTESIAN_POINT('',(5.30330085885,5.2467667608));
#2694 = DIRECTION('',(-1.,0.));
#2695 = ( GEOMETRIC_REPRESENTATION_CONTEXT(2) 
PARAMETRIC_REPRESENTATION_CONTEXT() REPRESENTATION_CONTEXT('2D SPACE',''
  ) );
#2696 = ADVANCED_FACE('',(#2697),#687,.T.);
#2697 = FACE_BOUND('',#2698,.T.);
#2698 = EDGE_LOOP('',(#2699,#2724,#2745,#2746));
#2699 = ORIENTED_EDGE('',*,*,#2700,.F.);
#2700 = EDGE_CURVE('',#2701,#2703,#2705,.T.);
#2701 = VERTEX_POINT('',#2702);
#2702 = CARTESIAN_POINT('',(20.651963487589,-61.50762081799,
    -27.95127163189));
#2703 = VERTEX_POINT('',#2704);
#2704 = CARTESIAN_POINT('',(20.651963487589,-54.28228915279,
    -20.72593996668));
#2705 = SURFACE_CURVE('',#2706,(#2710,#2717),.PCURVE_S1.);
#2706 = LINE('',#2707,#2708);
#2707 = CARTESIAN_POINT('',(20.651963487589,-62.97670721719,
    -29.42035803109));
#2708 = VECTOR('',#2709,1.);
#2709 = DIRECTION('',(0.,0.707106781187,0.707106781187));
#2710 = PCURVE('',#687,#2711);
#2711 = DEFINITIONAL_REPRESENTATION('',(#2712),#2716);
#2712 = LINE('',#2713,#2714);
#2713 = CARTESIAN_POINT('',(9.535466286287,20.));
#2714 = VECTOR('',#2715,1.);
#2715 = DIRECTION('',(1.,0.));
#2716 = ( GEOMETRIC_REPRESENTATION_CONTEXT(2) 
PARAMETRIC_REPRESENTATION_CONTEXT() REPRESENTATION_CONTEXT('2D SPACE',''
  ) );
#2717 = PCURVE('',#554,#2718);
#2718 = DEFINITIONAL_REPRESENTATION('',(#2719),#2723);
#2719 = LINE('',#2720,#2721);
#2720 = CARTESIAN_POINT('',(23.47487373415,-4.215611460113));
#2721 = VECTOR('',#2722,1.);
#2722 = DIRECTION('',(0.,1.));
#2723 = ( GEOMETRIC_REPRESENTATION_CONTEXT(2) 
PARAMETRIC_REPRESENTATION_CONTEXT() REPRESENTATION_CONTEXT('2D SPACE',''
  ) );
#2724 = ORIENTED_EDGE('',*,*,#2725,.T.);
#2725 = EDGE_CURVE('',#2701,#672,#2726,.T.);
#2726 = SURFACE_CURVE('',#2727,(#2731,#2738),.PCURVE_S1.);
#2727 = LINE('',#2728,#2729);
#2728 = CARTESIAN_POINT('',(20.651963487589,-47.36548519426,
    -42.09340725562));
#2729 = VECTOR('',#2730,1.);
#2730 = DIRECTION('',(0.,0.707106781187,-0.707106781187));
#2731 = PCURVE('',#687,#2732);
#2732 = DEFINITIONAL_REPRESENTATION('',(#2733),#2737);
#2733 = LINE('',#2734,#2735);
#2734 = CARTESIAN_POINT('',(11.613068196331,0.));
#2735 = VECTOR('',#2736,1.);
#2736 = DIRECTION('',(0.,-1.));
#2737 = ( GEOMETRIC_REPRESENTATION_CONTEXT(2) 
PARAMETRIC_REPRESENTATION_CONTEXT() REPRESENTATION_CONTEXT('2D SPACE',''
  ) );
#2738 = PCURVE('',#716,#2739);
#2739 = DEFINITIONAL_REPRESENTATION('',(#2740),#2744);
#2740 = LINE('',#2741,#2742);
#2741 = CARTESIAN_POINT('',(0.,0.));
#2742 = VECTOR('',#2743,1.);
#2743 = DIRECTION('',(0.,1.));
#2744 = ( GEOMETRIC_REPRESENTATION_CONTEXT(2) 
PARAMETRIC_REPRESENTATION_CONTEXT() REPRESENTATION_CONTEXT('2D SPACE',''
  ) );
#2745 = ORIENTED_EDGE('',*,*,#671,.T.);
#2746 = ORIENTED_EDGE('',*,*,#2747,.F.);
#2747 = EDGE_CURVE('',#2703,#648,#2748,.T.);
#2748 = SURFACE_CURVE('',#2749,(#2753,#2760),.PCURVE_S1.);
#2749 = LINE('',#2750,#2751);
#2750 = CARTESIAN_POINT('',(20.651963487589,-54.28228915279,
    -20.72593996668));
#2751 = VECTOR('',#2752,1.);
#2752 = DIRECTION('',(0.,0.707106781187,-0.707106781187));
#2753 = PCURVE('',#687,#2754);
#2754 = DEFINITIONAL_REPRESENTATION('',(#2755),#2759);
#2755 = LINE('',#2756,#2757);
#2756 = CARTESIAN_POINT('',(21.831230229911,20.));
#2757 = VECTOR('',#2758,1.);
#2758 = DIRECTION('',(0.,-1.));
#2759 = ( GEOMETRIC_REPRESENTATION_CONTEXT(2) 
PARAMETRIC_REPRESENTATION_CONTEXT() REPRESENTATION_CONTEXT('2D SPACE',''
  ) );
#2760 = PCURVE('',#582,#2761);
#2761 = DEFINITIONAL_REPRESENTATION('',(#2762),#2766);
#2762 = LINE('',#2763,#2764);
#2763 = CARTESIAN_POINT('',(3.14159265359,-3.));
#2764 = VECTOR('',#2765,1.);
#2765 = DIRECTION('',(0.,-1.));
#2766 = ( GEOMETRIC_REPRESENTATION_CONTEXT(2) 
PARAMETRIC_REPRESENTATION_CONTEXT() REPRESENTATION_CONTEXT('2D SPACE',''
  ) );
#2767 = ADVANCED_FACE('',(#2768),#716,.T.);
#2768 = FACE_BOUND('',#2769,.T.);
#2769 = EDGE_LOOP('',(#2770,#2794,#2815,#2816));
#2770 = ORIENTED_EDGE('',*,*,#2771,.F.);
#2771 = EDGE_CURVE('',#2772,#2701,#2774,.T.);
#2772 = VERTEX_POINT('',#2773);
#2773 = CARTESIAN_POINT('',(17.723031299468,-66.507620818,-32.9512716319
    ));
#2774 = SURFACE_CURVE('',#2775,(#2780,#2787),.PCURVE_S1.);
#2775 = CIRCLE('',#2776,10.);
#2776 = AXIS2_PLACEMENT_3D('',#2777,#2778,#2779);
#2777 = CARTESIAN_POINT('',(10.651963487589,-61.50762081799,
    -27.95127163189));
#2778 = DIRECTION('',(-0.,-0.707106781187,0.707106781187));
#2779 = DIRECTION('',(-1.,0.,-0.));
#2780 = PCURVE('',#716,#2781);
#2781 = DEFINITIONAL_REPRESENTATION('',(#2782),#2786);
#2782 = LINE('',#2783,#2784);
#2783 = CARTESIAN_POINT('',(3.14159265359,-20.));
#2784 = VECTOR('',#2785,1.);
#2785 = DIRECTION('',(-1.,0.));
#2786 = ( GEOMETRIC_REPRESENTATION_CONTEXT(2) 
PARAMETRIC_REPRESENTATION_CONTEXT() REPRESENTATION_CONTEXT('2D SPACE',''
  ) );
#2787 = PCURVE('',#554,#2788);
#2788 = DEFINITIONAL_REPRESENTATION('',(#2789),#2793);
#2789 = CIRCLE('',#2790,10.);
#2790 = AXIS2_PLACEMENT_2D('',#2791,#2792);
#2791 = CARTESIAN_POINT('',(13.47487373415,-2.138009550069));
#2792 = DIRECTION('',(-1.,0.));
#2793 = ( GEOMETRIC_REPRESENTATION_CONTEXT(2) 
PARAMETRIC_REPRESENTATION_CONTEXT() REPRESENTATION_CONTEXT('2D SPACE',''
  ) );
#2794 = ORIENTED_EDGE('',*,*,#2795,.T.);
#2795 = EDGE_CURVE('',#2772,#700,#2796,.T.);
#2796 = SURFACE_CURVE('',#2797,(#2801,#2808),.PCURVE_S1.);
#2797 = LINE('',#2798,#2799);
#2798 = CARTESIAN_POINT('',(17.723031299455,-52.36548519426,
    -47.09340725562));
#2799 = VECTOR('',#2800,1.);
#2800 = DIRECTION('',(0.,0.707106781187,-0.707106781187));
#2801 = PCURVE('',#716,#2802);
#2802 = DEFINITIONAL_REPRESENTATION('',(#2803),#2807);
#2803 = LINE('',#2804,#2805);
#2804 = CARTESIAN_POINT('',(0.785398163397,0.));
#2805 = VECTOR('',#2806,1.);
#2806 = DIRECTION('',(0.,1.));
#2807 = ( GEOMETRIC_REPRESENTATION_CONTEXT(2) 
PARAMETRIC_REPRESENTATION_CONTEXT() REPRESENTATION_CONTEXT('2D SPACE',''
  ) );
#2808 = PCURVE('',#744,#2809);
#2809 = DEFINITIONAL_REPRESENTATION('',(#2810),#2814);
#2810 = LINE('',#2811,#2812);
#2811 = CARTESIAN_POINT('',(17.056349186084,5.986127757237E-15));
#2812 = VECTOR('',#2813,1.);
#2813 = DIRECTION('',(3.509618437058E-16,-1.));
#2814 = ( GEOMETRIC_REPRESENTATION_CONTEXT(2) 
PARAMETRIC_REPRESENTATION_CONTEXT() REPRESENTATION_CONTEXT('2D SPACE',''
  ) );
#2815 = ORIENTED_EDGE('',*,*,#699,.F.);
#2816 = ORIENTED_EDGE('',*,*,#2725,.F.);
#2817 = ADVANCED_FACE('',(#2818),#744,.T.);
#2818 = FACE_BOUND('',#2819,.T.);
#2819 = EDGE_LOOP('',(#2820,#2821,#2822,#2845));
#2820 = ORIENTED_EDGE('',*,*,#728,.T.);
#2821 = ORIENTED_EDGE('',*,*,#2795,.F.);
#2822 = ORIENTED_EDGE('',*,*,#2823,.T.);
#2823 = EDGE_CURVE('',#2772,#2824,#2826,.T.);
#2824 = VERTEX_POINT('',#2825);
#2825 = CARTESIAN_POINT('',(5.662371127689,-75.03579541104,
    -41.47944622493));
#2826 = SURFACE_CURVE('',#2827,(#2831,#2838),.PCURVE_S1.);
#2827 = LINE('',#2828,#2829);
#2828 = CARTESIAN_POINT('',(30.057555078603,-57.78579541107,
    -24.22944622497));
#2829 = VECTOR('',#2830,1.);
#2830 = DIRECTION('',(-0.707106781187,-0.5,-0.5));
#2831 = PCURVE('',#744,#2832);
#2832 = DEFINITIONAL_REPRESENTATION('',(#2833),#2837);
#2833 = LINE('',#2834,#2835);
#2834 = CARTESIAN_POINT('',(34.499999999949,20.));
#2835 = VECTOR('',#2836,1.);
#2836 = DIRECTION('',(-1.,-3.509618437058E-16));
#2837 = ( GEOMETRIC_REPRESENTATION_CONTEXT(2) 
PARAMETRIC_REPRESENTATION_CONTEXT() REPRESENTATION_CONTEXT('2D SPACE',''
  ) );
#2838 = PCURVE('',#554,#2839);
#2839 = DEFINITIONAL_REPRESENTATION('',(#2840),#2844);
#2840 = LINE('',#2841,#2842);
#2841 = CARTESIAN_POINT('',(32.880465325164,3.125446417187));
#2842 = VECTOR('',#2843,1.);
#2843 = DIRECTION('',(-0.707106781187,-0.707106781187));
#2844 = ( GEOMETRIC_REPRESENTATION_CONTEXT(2) 
PARAMETRIC_REPRESENTATION_CONTEXT() REPRESENTATION_CONTEXT('2D SPACE',''
  ) );
#2845 = ORIENTED_EDGE('',*,*,#2846,.F.);
#2846 = EDGE_CURVE('',#729,#2824,#2847,.T.);
#2847 = SURFACE_CURVE('',#2848,(#2852,#2859),.PCURVE_S1.);
#2848 = LINE('',#2849,#2850);
#2849 = CARTESIAN_POINT('',(5.662371127689,-68.67183438036,
    -47.84340725561));
#2850 = VECTOR('',#2851,1.);
#2851 = DIRECTION('',(6.459479416E-16,-0.707106781187,0.707106781187));
#2852 = PCURVE('',#744,#2853);
#2853 = DEFINITIONAL_REPRESENTATION('',(#2854),#2858);
#2854 = LINE('',#2855,#2856);
#2855 = CARTESIAN_POINT('',(-3.860580280764E-15,11.));
#2856 = VECTOR('',#2857,1.);
#2857 = DIRECTION('',(1.057923260931E-16,1.));
#2858 = ( GEOMETRIC_REPRESENTATION_CONTEXT(2) 
PARAMETRIC_REPRESENTATION_CONTEXT() REPRESENTATION_CONTEXT('2D SPACE',''
  ) );
#2859 = PCURVE('',#773,#2860);
#2860 = DEFINITIONAL_REPRESENTATION('',(#2861),#2865);
#2861 = LINE('',#2862,#2863);
#2862 = CARTESIAN_POINT('',(1.570796326799,0.));
#2863 = VECTOR('',#2864,1.);
#2864 = DIRECTION('',(4.037174635001E-17,1.));
#2865 = ( GEOMETRIC_REPRESENTATION_CONTEXT(2) 
PARAMETRIC_REPRESENTATION_CONTEXT() REPRESENTATION_CONTEXT('2D SPACE',''
  ) );
#2866 = ADVANCED_FACE('',(#2867),#773,.T.);
#2867 = FACE_BOUND('',#2868,.T.);
#2868 = EDGE_LOOP('',(#2869,#2893,#2914,#2915));
#2869 = ORIENTED_EDGE('',*,*,#2870,.F.);
#2870 = EDGE_CURVE('',#2871,#2824,#2873,.T.);
#2871 = VERTEX_POINT('',#2872);
#2872 = CARTESIAN_POINT('',(-18.37925943273,-75.03579541105,
    -41.47944622495));
#2873 = SURFACE_CURVE('',#2874,(#2879,#2886),.PCURVE_S1.);
#2874 = CIRCLE('',#2875,17.);
#2875 = AXIS2_PLACEMENT_3D('',#2876,#2877,#2878);
#2876 = CARTESIAN_POINT('',(-6.358444152511,-66.53579541109,
    -32.97944622498));
#2877 = DIRECTION('',(-0.,-0.707106781187,0.707106781187));
#2878 = DIRECTION('',(-1.,0.,-0.));
#2879 = PCURVE('',#773,#2880);
#2880 = DEFINITIONAL_REPRESENTATION('',(#2881),#2885);
#2881 = LINE('',#2882,#2883);
#2882 = CARTESIAN_POINT('',(-0.785398163393,9.));
#2883 = VECTOR('',#2884,1.);
#2884 = DIRECTION('',(1.,0.));
#2885 = ( GEOMETRIC_REPRESENTATION_CONTEXT(2) 
PARAMETRIC_REPRESENTATION_CONTEXT() REPRESENTATION_CONTEXT('2D SPACE',''
  ) );
#2886 = PCURVE('',#554,#2887);
#2887 = DEFINITIONAL_REPRESENTATION('',(#2888),#2892);
#2888 = CIRCLE('',#2889,17.);
#2889 = AXIS2_PLACEMENT_2D('',#2890,#2891);
#2890 = CARTESIAN_POINT('',(-3.53553390595,-9.2489222536));
#2891 = DIRECTION('',(-1.,0.));
#2892 = ( GEOMETRIC_REPRESENTATION_CONTEXT(2) 
PARAMETRIC_REPRESENTATION_CONTEXT() REPRESENTATION_CONTEXT('2D SPACE',''
  ) );
#2893 = ORIENTED_EDGE('',*,*,#2894,.F.);
#2894 = EDGE_CURVE('',#757,#2871,#2895,.T.);
#2895 = SURFACE_CURVE('',#2896,(#2900,#2907),.PCURVE_S1.);
#2896 = LINE('',#2897,#2898);
#2897 = CARTESIAN_POINT('',(-18.3792594327,-68.67183438036,
    -47.84340725561));
#2898 = VECTOR('',#2899,1.);
#2899 = DIRECTION('',(4.88498130835E-16,-0.707106781187,0.707106781187)
  );
#2900 = PCURVE('',#773,#2901);
#2901 = DEFINITIONAL_REPRESENTATION('',(#2902),#2906);
#2902 = LINE('',#2903,#2904);
#2903 = CARTESIAN_POINT('',(0.,0.));
#2904 = VECTOR('',#2905,1.);
#2905 = DIRECTION('',(0.,1.));
#2906 = ( GEOMETRIC_REPRESENTATION_CONTEXT(2) 
PARAMETRIC_REPRESENTATION_CONTEXT() REPRESENTATION_CONTEXT('2D SPACE',''
  ) );
#2907 = PCURVE('',#801,#2908);
#2908 = DEFINITIONAL_REPRESENTATION('',(#2909),#2913);
#2909 = LINE('',#2910,#2911);
#2910 = CARTESIAN_POINT('',(2.499999999949,11.));
#2911 = VECTOR('',#2912,1.);
#2912 = DIRECTION('',(-5.541502795394E-18,1.));
#2913 = ( GEOMETRIC_REPRESENTATION_CONTEXT(2) 
PARAMETRIC_REPRESENTATION_CONTEXT() REPRESENTATION_CONTEXT('2D SPACE',''
  ) );
#2914 = ORIENTED_EDGE('',*,*,#756,.F.);
#2915 = ORIENTED_EDGE('',*,*,#2846,.T.);
#2916 = ADVANCED_FACE('',(#2917),#801,.T.);
#2917 = FACE_BOUND('',#2918,.T.);
#2918 = EDGE_LOOP('',(#2919,#2942,#2963,#2964));
#2919 = ORIENTED_EDGE('',*,*,#2920,.F.);
#2920 = EDGE_CURVE('',#2921,#2871,#2923,.T.);
#2921 = VERTEX_POINT('',#2922);
#2922 = CARTESIAN_POINT('',(-20.14702638567,-73.78579541109,
    -40.22944622498));
#2923 = SURFACE_CURVE('',#2924,(#2928,#2935),.PCURVE_S1.);
#2924 = LINE('',#2925,#2926);
#2925 = CARTESIAN_POINT('',(-19.26314290921,-74.41079541107,
    -40.85444622497));
#2926 = VECTOR('',#2927,1.);
#2927 = DIRECTION('',(0.707106781187,-0.5,-0.5));
#2928 = PCURVE('',#801,#2929);
#2929 = DEFINITIONAL_REPRESENTATION('',(#2930),#2934);
#2930 = LINE('',#2931,#2932);
#2931 = CARTESIAN_POINT('',(1.249999999967,20.));
#2932 = VECTOR('',#2933,1.);
#2933 = DIRECTION('',(1.,3.509618437058E-16));
#2934 = ( GEOMETRIC_REPRESENTATION_CONTEXT(2) 
PARAMETRIC_REPRESENTATION_CONTEXT() REPRESENTATION_CONTEXT('2D SPACE',''
  ) );
#2935 = PCURVE('',#554,#2936);
#2936 = DEFINITIONAL_REPRESENTATION('',(#2937),#2941);
#2937 = LINE('',#2938,#2939);
#2938 = CARTESIAN_POINT('',(-16.44023266265,-20.38585405727));
#2939 = VECTOR('',#2940,1.);
#2940 = DIRECTION('',(0.707106781187,-0.707106781187));
#2941 = ( GEOMETRIC_REPRESENTATION_CONTEXT(2) 
PARAMETRIC_REPRESENTATION_CONTEXT() REPRESENTATION_CONTEXT('2D SPACE',''
  ) );
#2942 = ORIENTED_EDGE('',*,*,#2943,.F.);
#2943 = EDGE_CURVE('',#786,#2921,#2944,.T.);
#2944 = SURFACE_CURVE('',#2945,(#2949,#2956),.PCURVE_S1.);
#2945 = LINE('',#2946,#2947);
#2946 = CARTESIAN_POINT('',(-20.14702638566,-67.4218343804,
    -46.59340725566));
#2947 = VECTOR('',#2948,1.);
#2948 = DIRECTION('',(6.459479416E-16,-0.707106781187,0.707106781187));
#2949 = PCURVE('',#801,#2950);
#2950 = DEFINITIONAL_REPRESENTATION('',(#2951),#2955);
#2951 = LINE('',#2952,#2953);
#2952 = CARTESIAN_POINT('',(-3.860580280764E-15,11.));
#2953 = VECTOR('',#2954,1.);
#2954 = DIRECTION('',(1.057923260931E-16,1.));
#2955 = ( GEOMETRIC_REPRESENTATION_CONTEXT(2) 
PARAMETRIC_REPRESENTATION_CONTEXT() REPRESENTATION_CONTEXT('2D SPACE',''
  ) );
#2956 = PCURVE('',#830,#2957);
#2957 = DEFINITIONAL_REPRESENTATION('',(#2958),#2962);
#2958 = LINE('',#2959,#2960);
#2959 = CARTESIAN_POINT('',(1.570796326797,0.));
#2960 = VECTOR('',#2961,1.);
#2961 = DIRECTION('',(3.02788097625E-17,1.));
#2962 = ( GEOMETRIC_REPRESENTATION_CONTEXT(2) 
PARAMETRIC_REPRESENTATION_CONTEXT() REPRESENTATION_CONTEXT('2D SPACE',''
  ) );
#2963 = ORIENTED_EDGE('',*,*,#785,.T.);
#2964 = ORIENTED_EDGE('',*,*,#2894,.T.);
#2965 = ADVANCED_FACE('',(#2966),#830,.T.);
#2966 = FACE_BOUND('',#2967,.T.);
#2967 = EDGE_LOOP('',(#2968,#2992,#3013,#3014));
#2968 = ORIENTED_EDGE('',*,*,#2969,.F.);
#2969 = EDGE_CURVE('',#2970,#2921,#2972,.T.);
#2970 = VERTEX_POINT('',#2971);
#2971 = CARTESIAN_POINT('',(-22.13715209772,-54.41348789213,
    -20.85713870602));
#2972 = SURFACE_CURVE('',#2973,(#2978,#2985),.PCURVE_S1.);
#2973 = CIRCLE('',#2974,21.);
#2974 = AXIS2_PLACEMENT_3D('',#2975,#2976,#2977);
#2975 = CARTESIAN_POINT('',(-5.297783980711,-63.28579541102,
    -29.72944622492));
#2976 = DIRECTION('',(-0.,-0.707106781187,0.707106781187));
#2977 = DIRECTION('',(-1.,0.,-0.));
#2978 = PCURVE('',#830,#2979);
#2979 = DEFINITIONAL_REPRESENTATION('',(#2980),#2984);
#2980 = LINE('',#2981,#2982);
#2981 = CARTESIAN_POINT('',(-5.497787143782,9.));
#2982 = VECTOR('',#2983,1.);
#2983 = DIRECTION('',(1.,0.));
#2984 = ( GEOMETRIC_REPRESENTATION_CONTEXT(2) 
PARAMETRIC_REPRESENTATION_CONTEXT() REPRESENTATION_CONTEXT('2D SPACE',''
  ) );
#2985 = PCURVE('',#554,#2986);
#2986 = DEFINITIONAL_REPRESENTATION('',(#2987),#2991);
#2987 = CIRCLE('',#2988,21.);
#2988 = AXIS2_PLACEMENT_2D('',#2989,#2990);
#2989 = CARTESIAN_POINT('',(-2.47487373415,-4.6527281758));
#2990 = DIRECTION('',(-1.,0.));
#2991 = ( GEOMETRIC_REPRESENTATION_CONTEXT(2) 
PARAMETRIC_REPRESENTATION_CONTEXT() REPRESENTATION_CONTEXT('2D SPACE',''
  ) );
#2992 = ORIENTED_EDGE('',*,*,#2993,.F.);
#2993 = EDGE_CURVE('',#814,#2970,#2994,.T.);
#2994 = SURFACE_CURVE('',#2995,(#2999,#3006),.PCURVE_S1.);
#2995 = LINE('',#2996,#2997);
#2996 = CARTESIAN_POINT('',(-22.13715209786,-48.04952686157,
    -27.22109973682));
#2997 = VECTOR('',#2998,1.);
#2998 = DIRECTION('',(6.459479416E-16,-0.707106781187,0.707106781187));
#2999 = PCURVE('',#830,#3000);
#3000 = DEFINITIONAL_REPRESENTATION('',(#3001),#3005);
#3001 = LINE('',#3002,#3003);
#3002 = CARTESIAN_POINT('',(0.145028048873,0.));
#3003 = VECTOR('',#3004,1.);
#3004 = DIRECTION('',(-1.892425610157E-17,1.));
#3005 = ( GEOMETRIC_REPRESENTATION_CONTEXT(2) 
PARAMETRIC_REPRESENTATION_CONTEXT() REPRESENTATION_CONTEXT('2D SPACE',''
  ) );
#3006 = PCURVE('',#149,#3007);
#3007 = DEFINITIONAL_REPRESENTATION('',(#3008),#3012);
#3008 = LINE('',#3009,#3010);
#3009 = CARTESIAN_POINT('',(-11.44462684859,12.));
#3010 = VECTOR('',#3011,1.);
#3011 = DIRECTION('',(3.859489004528E-16,-1.));
#3012 = ( GEOMETRIC_REPRESENTATION_CONTEXT(2) 
PARAMETRIC_REPRESENTATION_CONTEXT() REPRESENTATION_CONTEXT('2D SPACE',''
  ) );
#3013 = ORIENTED_EDGE('',*,*,#813,.F.);
#3014 = ORIENTED_EDGE('',*,*,#2943,.T.);
#3015 = ADVANCED_FACE('',(#3016,#3215),#905,.F.);
#3016 = FACE_BOUND('',#3017,.F.);
#3017 = EDGE_LOOP('',(#3018,#3048,#3085,#3106,#3160,#3161));
#3018 = ORIENTED_EDGE('',*,*,#3019,.T.);
#3019 = EDGE_CURVE('',#3020,#3022,#3024,.T.);
#3020 = VERTEX_POINT('',#3021);
#3021 = CARTESIAN_POINT('',(-4.7,-28.,-24.31370849898));
#3022 = VERTEX_POINT('',#3023);
#3023 = CARTESIAN_POINT('',(-4.7,-28.,-22.72792206135));
#3024 = SURFACE_CURVE('',#3025,(#3029,#3036),.PCURVE_S1.);
#3025 = LINE('',#3026,#3027);
#3026 = CARTESIAN_POINT('',(-4.7,-28.,-40.));
#3027 = VECTOR('',#3028,1.);
#3028 = DIRECTION('',(0.,0.,1.));
#3029 = PCURVE('',#905,#3030);
#3030 = DEFINITIONAL_REPRESENTATION('',(#3031),#3035);
#3031 = LINE('',#3032,#3033);
#3032 = CARTESIAN_POINT('',(6.28318530718,-0.));
#3033 = VECTOR('',#3034,1.);
#3034 = DIRECTION('',(0.,1.));
#3035 = ( GEOMETRIC_REPRESENTATION_CONTEXT(2) 
PARAMETRIC_REPRESENTATION_CONTEXT() REPRESENTATION_CONTEXT('2D SPACE',''
  ) );
#3036 = PCURVE('',#3037,#3042);
#3037 = PLANE('',#3038);
#3038 = AXIS2_PLACEMENT_3D('',#3039,#3040,#3041);
#3039 = CARTESIAN_POINT('',(20.651963487589,-28.,-21.31370849898));
#3040 = DIRECTION('',(0.,-1.,-6.572319354819E-16));
#3041 = DIRECTION('',(-1.,0.,-0.));
#3042 = DEFINITIONAL_REPRESENTATION('',(#3043),#3047);
#3043 = LINE('',#3044,#3045);
#3044 = CARTESIAN_POINT('',(25.351963487589,18.686291501015));
#3045 = VECTOR('',#3046,1.);
#3046 = DIRECTION('',(-0.,-1.));
#3047 = ( GEOMETRIC_REPRESENTATION_CONTEXT(2) 
PARAMETRIC_REPRESENTATION_CONTEXT() REPRESENTATION_CONTEXT('2D SPACE',''
  ) );
#3048 = ORIENTED_EDGE('',*,*,#3049,.T.);
#3049 = EDGE_CURVE('',#3022,#3050,#3052,.T.);
#3050 = VERTEX_POINT('',#3051);
#3051 = CARTESIAN_POINT('',(-11.3,-28.,-22.72792206135));
#3052 = SURFACE_CURVE('',#3053,(#3058,#3078),.PCURVE_S1.);
#3053 = ELLIPSE('',#3054,4.666904755831,3.3);
#3054 = AXIS2_PLACEMENT_3D('',#3055,#3056,#3057);
#3055 = CARTESIAN_POINT('',(-8.,-28.,-22.72792206135));
#3056 = DIRECTION('',(0.,-0.707106781187,-0.707106781187));
#3057 = DIRECTION('',(0.,-0.707106781187,0.707106781187));
#3058 = PCURVE('',#905,#3059);
#3059 = DEFINITIONAL_REPRESENTATION('',(#3060),#3077);
#3060 = B_SPLINE_CURVE_WITH_KNOTS('',8,(#3061,#3062,#3063,#3064,#3065,
    #3066,#3067,#3068,#3069,#3070,#3071,#3072,#3073,#3074,#3075,#3076),
  .UNSPECIFIED.,.F.,.F.,(9,7,9),(4.712388980385,6.481165588911,
    8.249942197437),.UNSPECIFIED.);
#3061 = CARTESIAN_POINT('',(6.28318530718,17.272077938642));
#3062 = CARTESIAN_POINT('',(6.062088231114,18.001698289659));
#3063 = CARTESIAN_POINT('',(5.840991155049,18.731319047127));
#3064 = CARTESIAN_POINT('',(5.619894078978,19.406587203504));
#3065 = CARTESIAN_POINT('',(5.398797002922,19.973170122964));
#3066 = CARTESIAN_POINT('',(5.177699926848,20.385170723403));
#3067 = CARTESIAN_POINT('',(4.956602850786,20.613871278818));
#3068 = CARTESIAN_POINT('',(4.735505774719,20.651123832149));
#3069 = CARTESIAN_POINT('',(4.293311622588,20.364106553969));
#3070 = CARTESIAN_POINT('',(4.072214546522,20.039836562559));
#3071 = CARTESIAN_POINT('',(3.851117470466,19.545499737514));
#3072 = CARTESIAN_POINT('',(3.630020394394,18.910617350446));
#3073 = CARTESIAN_POINT('',(3.408923318332,18.181962072702));
#3074 = CARTESIAN_POINT('',(3.187826242258,17.416727934904));
#3075 = CARTESIAN_POINT('',(2.966729166193,16.672452807612));
#3076 = CARTESIAN_POINT('',(2.745632090127,15.999285732506));
#3077 = ( GEOMETRIC_REPRESENTATION_CONTEXT(2) 
PARAMETRIC_REPRESENTATION_CONTEXT() REPRESENTATION_CONTEXT('2D SPACE',''
  ) );
#3078 = PCURVE('',#43,#3079);
#3079 = DEFINITIONAL_REPRESENTATION('',(#3080),#3084);
#3080 = ELLIPSE('',#3081,4.666904755831,3.3);
#3081 = AXIS2_PLACEMENT_2D('',#3082,#3083);
#3082 = CARTESIAN_POINT('',(84.,67.));
#3083 = DIRECTION('',(-1.,0.));
#3084 = ( GEOMETRIC_REPRESENTATION_CONTEXT(2) 
PARAMETRIC_REPRESENTATION_CONTEXT() REPRESENTATION_CONTEXT('2D SPACE',''
  ) );
#3085 = ORIENTED_EDGE('',*,*,#3086,.F.);
#3086 = EDGE_CURVE('',#3087,#3050,#3089,.T.);
#3087 = VERTEX_POINT('',#3088);
#3088 = CARTESIAN_POINT('',(-11.3,-28.,-24.31370849898));
#3089 = SURFACE_CURVE('',#3090,(#3094,#3100),.PCURVE_S1.);
#3090 = LINE('',#3091,#3092);
#3091 = CARTESIAN_POINT('',(-11.3,-28.,-40.));
#3092 = VECTOR('',#3093,1.);
#3093 = DIRECTION('',(0.,0.,1.));
#3094 = PCURVE('',#905,#3095);
#3095 = DEFINITIONAL_REPRESENTATION('',(#3096),#3099);
#3096 = B_SPLINE_CURVE_WITH_KNOTS('',1,(#3097,#3098),.UNSPECIFIED.,.F.,
  .F.,(2,2),(15.527712857253,17.430656582405),.PIECEWISE_BEZIER_KNOTS.);
#3097 = CARTESIAN_POINT('',(3.14159265359,15.527712857253));
#3098 = CARTESIAN_POINT('',(3.14159265359,17.430656582405));
#3099 = ( GEOMETRIC_REPRESENTATION_CONTEXT(2) 
PARAMETRIC_REPRESENTATION_CONTEXT() REPRESENTATION_CONTEXT('2D SPACE',''
  ) );
#3100 = PCURVE('',#226,#3101);
#3101 = DEFINITIONAL_REPRESENTATION('',(#3102),#3105);
#3102 = B_SPLINE_CURVE_WITH_KNOTS('',1,(#3103,#3104),.UNSPECIFIED.,.F.,
  .F.,(2,2),(15.527712857253,17.430656582405),.PIECEWISE_BEZIER_KNOTS.);
#3103 = CARTESIAN_POINT('',(31.951963487589,3.158578643763));
#3104 = CARTESIAN_POINT('',(31.951963487589,1.25563491861));
#3105 = ( GEOMETRIC_REPRESENTATION_CONTEXT(2) 
PARAMETRIC_REPRESENTATION_CONTEXT() REPRESENTATION_CONTEXT('2D SPACE',''
  ) );
#3106 = ORIENTED_EDGE('',*,*,#3107,.T.);
#3107 = EDGE_CURVE('',#3087,#866,#3108,.T.);
#3108 = SURFACE_CURVE('',#3109,(#3124,#3142),.PCURVE_S1.);
#3109 = B_SPLINE_CURVE_WITH_KNOTS('',7,(#3110,#3111,#3112,#3113,#3114,
    #3115,#3116,#3117,#3118,#3119,#3120,#3121,#3122,#3123),
  .UNSPECIFIED.,.F.,.F.,(8,6,8),(0.,0.770155455232,1.),.UNSPECIFIED.);
#3110 = CARTESIAN_POINT('',(-11.3,-28.,-24.31370849898));
#3111 = CARTESIAN_POINT('',(-11.3,-28.,-24.56308606431));
#3112 = CARTESIAN_POINT('',(-11.30000052429,-28.02418490345,
    -24.81254246548));
#3113 = CARTESIAN_POINT('',(-11.2999979752,-28.07258078346,
    -25.06049947645));
#3114 = CARTESIAN_POINT('',(-11.29888789933,-28.14552940573,
    -25.30528264076));
#3115 = CARTESIAN_POINT('',(-11.29440052667,-28.24358382403,
    -25.54493460628));
#3116 = CARTESIAN_POINT('',(-11.28299814835,-28.36745292239,
    -25.77697836644));
#3117 = CARTESIAN_POINT('',(-11.25204853985,-28.5623500539,
    -26.06420204165));
#3118 = CARTESIAN_POINT('',(-11.24382808817,-28.60947890258,
    -26.1292483559));
#3119 = CARTESIAN_POINT('',(-11.23436069371,-28.65891002551,
    -26.19317860288));
#3120 = CARTESIAN_POINT('',(-11.22349610414,-28.71060235992,
    -26.25585293899));
#3121 = CARTESIAN_POINT('',(-11.21107409157,-28.7645043891,
    -26.31713729467));
#3122 = CARTESIAN_POINT('',(-11.19692463958,-28.82055421927,
    -26.37690340538));
#3123 = CARTESIAN_POINT('',(-11.18086813014,-28.87867965644,
    -26.43502884254));
#3124 = PCURVE('',#905,#3125);
#3125 = DEFINITIONAL_REPRESENTATION('',(#3126),#3141);
#3126 = B_SPLINE_CURVE_WITH_KNOTS('',7,(#3127,#3128,#3129,#3130,#3131,
    #3132,#3133,#3134,#3135,#3136,#3137,#3138,#3139,#3140),
  .UNSPECIFIED.,.F.,.F.,(8,6,8),(0.,0.770155455232,1.),.UNSPECIFIED.);
#3127 = CARTESIAN_POINT('',(3.14159265359,15.686291501015));
#3128 = CARTESIAN_POINT('',(3.14159265359,15.436913935687));
#3129 = CARTESIAN_POINT('',(3.148921218985,15.187457534511));
#3130 = CARTESIAN_POINT('',(3.16358755138,14.939500523547));
#3131 = CARTESIAN_POINT('',(3.185690969827,14.694717359233));
#3132 = CARTESIAN_POINT('',(3.215408619598,14.455065393713));
#3133 = CARTESIAN_POINT('',(3.253022254653,14.223021633553));
#3134 = CARTESIAN_POINT('',(3.312822020122,13.93579795835));
#3135 = CARTESIAN_POINT('',(3.327317428495,13.870751644097));
#3136 = CARTESIAN_POINT('',(3.342565387803,13.806821397119));
#3137 = CARTESIAN_POINT('',(3.358567039731,13.744147061009));
#3138 = CARTESIAN_POINT('',(3.375323567106,13.682862705327));
#3139 = CARTESIAN_POINT('',(3.392836885787,13.62309659462));
#3140 = CARTESIAN_POINT('',(3.411110336551,13.564971157456));
#3141 = ( GEOMETRIC_REPRESENTATION_CONTEXT(2) 
PARAMETRIC_REPRESENTATION_CONTEXT() REPRESENTATION_CONTEXT('2D SPACE',''
  ) );
#3142 = PCURVE('',#178,#3143);
#3143 = DEFINITIONAL_REPRESENTATION('',(#3144),#3159);
#3144 = B_SPLINE_CURVE_WITH_KNOTS('',7,(#3145,#3146,#3147,#3148,#3149,
    #3150,#3151,#3152,#3153,#3154,#3155,#3156,#3157,#3158),
  .UNSPECIFIED.,.F.,.F.,(8,6,8),(0.,0.770155455232,1.),.UNSPECIFIED.);
#3145 = CARTESIAN_POINT('',(5.497787143782,2.156468358739));
#3146 = CARTESIAN_POINT('',(5.580912998892,2.156468358739));
#3147 = CARTESIAN_POINT('',(5.664065246905,2.156468883034));
#3148 = CARTESIAN_POINT('',(5.747655214084,2.156466333945));
#3149 = CARTESIAN_POINT('',(5.832068137161,2.155356258076));
#3150 = CARTESIAN_POINT('',(5.917678967044,2.150868885417));
#3151 = CARTESIAN_POINT('',(6.00486676801,2.139466507097));
#3152 = CARTESIAN_POINT('',(6.120568650962,2.108516898596));
#3153 = CARTESIAN_POINT('',(6.147331029959,2.100296446918));
#3154 = CARTESIAN_POINT('',(6.174247189585,2.090829052456));
#3155 = CARTESIAN_POINT('',(6.201303341933,2.079964462881));
#3156 = CARTESIAN_POINT('',(6.228486633097,2.067542450317));
#3157 = CARTESIAN_POINT('',(6.255784713327,2.053392998322));
#3158 = CARTESIAN_POINT('',(6.28318530718,2.037336488882));
#3159 = ( GEOMETRIC_REPRESENTATION_CONTEXT(2) 
PARAMETRIC_REPRESENTATION_CONTEXT() REPRESENTATION_CONTEXT('2D SPACE',''
  ) );
#3160 = ORIENTED_EDGE('',*,*,#888,.F.);
#3161 = ORIENTED_EDGE('',*,*,#3162,.T.);
#3162 = EDGE_CURVE('',#889,#3020,#3163,.T.);
#3163 = SURFACE_CURVE('',#3164,(#3179,#3197),.PCURVE_S1.);
#3164 = B_SPLINE_CURVE_WITH_KNOTS('',7,(#3165,#3166,#3167,#3168,#3169,
    #3170,#3171,#3172,#3173,#3174,#3175,#3176,#3177,#3178),
  .UNSPECIFIED.,.F.,.F.,(8,6,8),(0.,0.231999983806,1.),.UNSPECIFIED.);
#3165 = CARTESIAN_POINT('',(-4.819131869857,-28.87867965644,
    -26.43502884254));
#3166 = CARTESIAN_POINT('',(-4.802924588363,-28.82000841624,
    -26.37635760234));
#3167 = CARTESIAN_POINT('',(-4.788660655849,-28.7634530692,
    -26.31601585244));
#3168 = CARTESIAN_POINT('',(-4.776155099384,-28.70908728814,
    -26.25412919586));
#3169 = CARTESIAN_POINT('',(-4.765233009095,-28.65697408312,
    -26.19082913987));
#3170 = CARTESIAN_POINT('',(-4.755729715897,-28.60716574307,
    -26.1262530632));
#3171 = CARTESIAN_POINT('',(-4.747490969229,-28.5597037775,
    -26.06054418312));
#3172 = CARTESIAN_POINT('',(-4.716810560009,-28.36537221512,
    -25.77307579882));
#3173 = CARTESIAN_POINT('',(-4.705537286884,-28.24221343061,
    -25.54157785304));
#3174 = CARTESIAN_POINT('',(-4.701099502929,-28.14471361625,
    -25.30254150006));
#3175 = CARTESIAN_POINT('',(-4.700002148982,-28.07217534282,
    -25.05841772806));
#3176 = CARTESIAN_POINT('',(-4.699999430529,-28.02405014209,
    -24.81114757288));
#3177 = CARTESIAN_POINT('',(-4.7,-28.,-24.56239044725));
#3178 = CARTESIAN_POINT('',(-4.7,-28.,-24.31370849898));
#3179 = PCURVE('',#905,#3180);
#3180 = DEFINITIONAL_REPRESENTATION('',(#3181),#3196);
#3181 = B_SPLINE_CURVE_WITH_KNOTS('',7,(#3182,#3183,#3184,#3185,#3186,
    #3187,#3188,#3189,#3190,#3191,#3192,#3193,#3194,#3195),
  .UNSPECIFIED.,.F.,.F.,(8,6,8),(0.,0.231999983806,1.),.UNSPECIFIED.);
#3182 = CARTESIAN_POINT('',(6.013667624218,13.564971157456));
#3183 = CARTESIAN_POINT('',(6.032112664314,13.623642397656));
#3184 = CARTESIAN_POINT('',(6.049782877489,13.683984147552));
#3185 = CARTESIAN_POINT('',(6.066681885629,13.745870804139));
#3186 = CARTESIAN_POINT('',(6.082811815975,13.809170860126));
#3187 = CARTESIAN_POINT('',(6.098174021051,13.873746936796));
#3188 = CARTESIAN_POINT('',(6.112769798592,13.939455816872));
#3189 = CARTESIAN_POINT('',(6.172387530691,14.22692420118));
#3190 = CARTESIAN_POINT('',(6.209784659997,14.458422146952));
#3191 = CARTESIAN_POINT('',(6.239334183049,14.697458499932));
#3192 = CARTESIAN_POINT('',(6.261313269032,14.941582271934));
#3193 = CARTESIAN_POINT('',(6.275897582761,15.188852427114));
#3194 = CARTESIAN_POINT('',(6.28318530718,15.43760955275));
#3195 = CARTESIAN_POINT('',(6.28318530718,15.686291501015));
#3196 = ( GEOMETRIC_REPRESENTATION_CONTEXT(2) 
PARAMETRIC_REPRESENTATION_CONTEXT() REPRESENTATION_CONTEXT('2D SPACE',''
  ) );
#3197 = PCURVE('',#953,#3198);
#3198 = DEFINITIONAL_REPRESENTATION('',(#3199),#3214);
#3199 = B_SPLINE_CURVE_WITH_KNOTS('',7,(#3200,#3201,#3202,#3203,#3204,
    #3205,#3206,#3207,#3208,#3209,#3210,#3211,#3212,#3213),
  .UNSPECIFIED.,.F.,.F.,(8,6,8),(0.,0.231999983806,1.),.UNSPECIFIED.);
#3200 = CARTESIAN_POINT('',(6.28318530718,-4.324399771404));
#3201 = CARTESIAN_POINT('',(6.255527419309,-4.340607052898));
#3202 = CARTESIAN_POINT('',(6.227974508174,-4.354870985412));
#3203 = CARTESIAN_POINT('',(6.20053899038,-4.367376541877));
#3204 = CARTESIAN_POINT('',(6.17323333711,-4.378298632166));
#3205 = CARTESIAN_POINT('',(6.14607052144,-4.387801925364));
#3206 = CARTESIAN_POINT('',(6.119064465666,-4.396040672032));
#3207 = CARTESIAN_POINT('',(6.003400763439,-4.426721081252));
#3208 = CARTESIAN_POINT('',(5.916480257319,-4.437994354377));
#3209 = CARTESIAN_POINT('',(5.831122876204,-4.442432138332));
#3210 = CARTESIAN_POINT('',(5.746953511337,-4.443529492279));
#3211 = CARTESIAN_POINT('',(5.663600273027,-4.443532210732));
#3212 = CARTESIAN_POINT('',(5.580681126537,-4.443531641261));
#3213 = CARTESIAN_POINT('',(5.497787143782,-4.443531641261));
#3214 = ( GEOMETRIC_REPRESENTATION_CONTEXT(2) 
PARAMETRIC_REPRESENTATION_CONTEXT() REPRESENTATION_CONTEXT('2D SPACE',''
  ) );
#3215 = FACE_BOUND('',#3216,.F.);
#3216 = EDGE_LOOP('',(#3217,#3218,#3219));
#3217 = ORIENTED_EDGE('',*,*,#1943,.T.);
#3218 = ORIENTED_EDGE('',*,*,#2093,.T.);
#3219 = ORIENTED_EDGE('',*,*,#2353,.T.);
#3220 = ADVANCED_FACE('',(#3221),#3037,.F.);
#3221 = FACE_BOUND('',#3222,.F.);
#3222 = EDGE_LOOP('',(#3223,#3246,#3265,#3266));
#3223 = ORIENTED_EDGE('',*,*,#3224,.T.);
#3224 = EDGE_CURVE('',#3225,#3227,#3229,.T.);
#3225 = VERTEX_POINT('',#3226);
#3226 = CARTESIAN_POINT('',(4.7,-28.,-24.31370849898));
#3227 = VERTEX_POINT('',#3228);
#3228 = CARTESIAN_POINT('',(4.7,-28.,-22.72792206135));
#3229 = SURFACE_CURVE('',#3230,(#3234,#3240),.PCURVE_S1.);
#3230 = LINE('',#3231,#3232);
#3231 = CARTESIAN_POINT('',(4.7,-28.,-40.));
#3232 = VECTOR('',#3233,1.);
#3233 = DIRECTION('',(0.,0.,1.));
#3234 = PCURVE('',#3037,#3235);
#3235 = DEFINITIONAL_REPRESENTATION('',(#3236),#3239);
#3236 = B_SPLINE_CURVE_WITH_KNOTS('',1,(#3237,#3238),.UNSPECIFIED.,.F.,
  .F.,(2,2),(15.527712857253,17.430656582405),.PIECEWISE_BEZIER_KNOTS.);
#3237 = CARTESIAN_POINT('',(15.951963487589,3.158578643763));
#3238 = CARTESIAN_POINT('',(15.951963487589,1.25563491861));
#3239 = ( GEOMETRIC_REPRESENTATION_CONTEXT(2) 
PARAMETRIC_REPRESENTATION_CONTEXT() REPRESENTATION_CONTEXT('2D SPACE',''
  ) );
#3240 = PCURVE('',#980,#3241);
#3241 = DEFINITIONAL_REPRESENTATION('',(#3242),#3245);
#3242 = B_SPLINE_CURVE_WITH_KNOTS('',1,(#3243,#3244),.UNSPECIFIED.,.F.,
  .F.,(2,2),(15.527712857253,17.430656582405),.PIECEWISE_BEZIER_KNOTS.);
#3243 = CARTESIAN_POINT('',(3.14159265359,15.527712857253));
#3244 = CARTESIAN_POINT('',(3.14159265359,17.430656582405));
#3245 = ( GEOMETRIC_REPRESENTATION_CONTEXT(2) 
PARAMETRIC_REPRESENTATION_CONTEXT() REPRESENTATION_CONTEXT('2D SPACE',''
  ) );
#3246 = ORIENTED_EDGE('',*,*,#3247,.F.);
#3247 = EDGE_CURVE('',#3022,#3227,#3248,.T.);
#3248 = SURFACE_CURVE('',#3249,(#3253,#3259),.PCURVE_S1.);
#3249 = LINE('',#3250,#3251);
#3250 = CARTESIAN_POINT('',(-27.1740182562,-28.,-22.72792206135));
#3251 = VECTOR('',#3252,1.);
#3252 = DIRECTION('',(1.,0.,0.));
#3253 = PCURVE('',#3037,#3254);
#3254 = DEFINITIONAL_REPRESENTATION('',(#3255),#3258);
#3255 = B_SPLINE_CURVE_WITH_KNOTS('',1,(#3256,#3257),.UNSPECIFIED.,.F.,
  .F.,(2,2),(14.154078895918,40.224911571228),.PIECEWISE_BEZIER_KNOTS.);
#3256 = CARTESIAN_POINT('',(33.671902847877,1.414213562373));
#3257 = CARTESIAN_POINT('',(7.601070172567,1.414213562373));
#3258 = ( GEOMETRIC_REPRESENTATION_CONTEXT(2) 
PARAMETRIC_REPRESENTATION_CONTEXT() REPRESENTATION_CONTEXT('2D SPACE',''
  ) );
#3259 = PCURVE('',#43,#3260);
#3260 = DEFINITIONAL_REPRESENTATION('',(#3261),#3264);
#3261 = B_SPLINE_CURVE_WITH_KNOTS('',1,(#3262,#3263),.UNSPECIFIED.,.F.,
  .F.,(2,2),(14.154078895918,40.224911571228),.PIECEWISE_BEZIER_KNOTS.);
#3262 = CARTESIAN_POINT('',(84.,61.980060639712));
#3263 = CARTESIAN_POINT('',(84.,88.050893315022));
#3264 = ( GEOMETRIC_REPRESENTATION_CONTEXT(2) 
PARAMETRIC_REPRESENTATION_CONTEXT() REPRESENTATION_CONTEXT('2D SPACE',''
  ) );
#3265 = ORIENTED_EDGE('',*,*,#3019,.F.);
#3266 = ORIENTED_EDGE('',*,*,#3267,.T.);
#3267 = EDGE_CURVE('',#3020,#3225,#3268,.T.);
#3268 = SURFACE_CURVE('',#3269,(#3273,#3280),.PCURVE_S1.);
#3269 = LINE('',#3270,#3271);
#3270 = CARTESIAN_POINT('',(20.651963487589,-28.,-24.31370849898));
#3271 = VECTOR('',#3272,1.);
#3272 = DIRECTION('',(1.,0.,0.));
#3273 = PCURVE('',#3037,#3274);
#3274 = DEFINITIONAL_REPRESENTATION('',(#3275),#3279);
#3275 = LINE('',#3276,#3277);
#3276 = CARTESIAN_POINT('',(0.,3.));
#3277 = VECTOR('',#3278,1.);
#3278 = DIRECTION('',(-1.,0.));
#3279 = ( GEOMETRIC_REPRESENTATION_CONTEXT(2) 
PARAMETRIC_REPRESENTATION_CONTEXT() REPRESENTATION_CONTEXT('2D SPACE',''
  ) );
#3280 = PCURVE('',#953,#3281);
#3281 = DEFINITIONAL_REPRESENTATION('',(#3282),#3286);
#3282 = LINE('',#3283,#3284);
#3283 = CARTESIAN_POINT('',(5.497787143782,-29.79549512885));
#3284 = VECTOR('',#3285,1.);
#3285 = DIRECTION('',(0.,-1.));
#3286 = ( GEOMETRIC_REPRESENTATION_CONTEXT(2) 
PARAMETRIC_REPRESENTATION_CONTEXT() REPRESENTATION_CONTEXT('2D SPACE',''
  ) );
#3287 = ADVANCED_FACE('',(#3288),#953,.T.);
#3288 = FACE_BOUND('',#3289,.T.);
#3289 = EDGE_LOOP('',(#3290,#3344,#3345,#3346));
#3290 = ORIENTED_EDGE('',*,*,#3291,.T.);
#3291 = EDGE_CURVE('',#3225,#938,#3292,.T.);
#3292 = SURFACE_CURVE('',#3293,(#3308,#3326),.PCURVE_S1.);
#3293 = B_SPLINE_CURVE_WITH_KNOTS('',7,(#3294,#3295,#3296,#3297,#3298,
    #3299,#3300,#3301,#3302,#3303,#3304,#3305,#3306,#3307),
  .UNSPECIFIED.,.F.,.F.,(8,6,8),(0.,0.77015545525,1.),.UNSPECIFIED.);
#3294 = CARTESIAN_POINT('',(4.7,-28.,-24.31370849898));
#3295 = CARTESIAN_POINT('',(4.7,-28.,-24.56308606433));
#3296 = CARTESIAN_POINT('',(4.699999475704,-28.02418490346,
    -24.81254246547));
#3297 = CARTESIAN_POINT('',(4.700002024796,-28.07258078345,
    -25.06049947643));
#3298 = CARTESIAN_POINT('',(4.701112100658,-28.14552940572,
    -25.30528264077));
#3299 = CARTESIAN_POINT('',(4.705599473327,-28.24358382406,
    -25.54493460631));
#3300 = CARTESIAN_POINT('',(4.71700185164,-28.36745292237,
    -25.77697836642));
#3301 = CARTESIAN_POINT('',(4.747951460143,-28.5623500539,
    -26.06420204165));
#3302 = CARTESIAN_POINT('',(4.756171911821,-28.60947890258,
    -26.1292483559));
#3303 = CARTESIAN_POINT('',(4.765639306283,-28.65891002551,
    -26.19317860288));
#3304 = CARTESIAN_POINT('',(4.776503895858,-28.71060235992,
    -26.25585293899));
#3305 = CARTESIAN_POINT('',(4.788925908422,-28.7645043891,
    -26.31713729467));
#3306 = CARTESIAN_POINT('',(4.803075360417,-28.82055421927,
    -26.37690340538));
#3307 = CARTESIAN_POINT('',(4.819131869857,-28.87867965644,
    -26.43502884254));
#3308 = PCURVE('',#953,#3309);
#3309 = DEFINITIONAL_REPRESENTATION('',(#3310),#3325);
#3310 = B_SPLINE_CURVE_WITH_KNOTS('',7,(#3311,#3312,#3313,#3314,#3315,
    #3316,#3317,#3318,#3319,#3320,#3321,#3322,#3323,#3324),
  .UNSPECIFIED.,.F.,.F.,(8,6,8),(0.,0.77015545525,1.),.UNSPECIFIED.);
#3311 = CARTESIAN_POINT('',(5.497787143782,-13.84353164126));
#3312 = CARTESIAN_POINT('',(5.580912998899,-13.84353164126));
#3313 = CARTESIAN_POINT('',(5.6640652469,-13.84353111696));
#3314 = CARTESIAN_POINT('',(5.747655214078,-13.84353366605));
#3315 = CARTESIAN_POINT('',(5.832068137162,-13.84464374191));
#3316 = CARTESIAN_POINT('',(5.917678967056,-13.84913111458));
#3317 = CARTESIAN_POINT('',(6.004866768001,-13.8605334929));
#3318 = CARTESIAN_POINT('',(6.120568650962,-13.8914831014));
#3319 = CARTESIAN_POINT('',(6.147331029959,-13.89970355308));
#3320 = CARTESIAN_POINT('',(6.174247189585,-13.90917094754));
#3321 = CARTESIAN_POINT('',(6.201303341933,-13.92003553711));
#3322 = CARTESIAN_POINT('',(6.228486633097,-13.93245754968));
#3323 = CARTESIAN_POINT('',(6.255784713327,-13.94660700167));
#3324 = CARTESIAN_POINT('',(6.28318530718,-13.96266351111));
#3325 = ( GEOMETRIC_REPRESENTATION_CONTEXT(2) 
PARAMETRIC_REPRESENTATION_CONTEXT() REPRESENTATION_CONTEXT('2D SPACE',''
  ) );
#3326 = PCURVE('',#980,#3327);
#3327 = DEFINITIONAL_REPRESENTATION('',(#3328),#3343);
#3328 = B_SPLINE_CURVE_WITH_KNOTS('',7,(#3329,#3330,#3331,#3332,#3333,
    #3334,#3335,#3336,#3337,#3338,#3339,#3340,#3341,#3342),
  .UNSPECIFIED.,.F.,.F.,(8,6,8),(0.,0.77015545525,1.),.UNSPECIFIED.);
#3329 = CARTESIAN_POINT('',(3.14159265359,15.686291501015));
#3330 = CARTESIAN_POINT('',(3.14159265359,15.436913935664));
#3331 = CARTESIAN_POINT('',(3.148921218986,15.187457534527));
#3332 = CARTESIAN_POINT('',(3.163587551379,14.939500523568));
#3333 = CARTESIAN_POINT('',(3.185690969824,14.694717359222));
#3334 = CARTESIAN_POINT('',(3.215408619605,14.455065393688));
#3335 = CARTESIAN_POINT('',(3.253022254648,14.223021633576));
#3336 = CARTESIAN_POINT('',(3.312822020122,13.93579795835));
#3337 = CARTESIAN_POINT('',(3.327317428495,13.870751644097));
#3338 = CARTESIAN_POINT('',(3.342565387803,13.806821397119));
#3339 = CARTESIAN_POINT('',(3.358567039731,13.744147061009));
#3340 = CARTESIAN_POINT('',(3.375323567106,13.682862705327));
#3341 = CARTESIAN_POINT('',(3.392836885787,13.62309659462));
#3342 = CARTESIAN_POINT('',(3.411110336551,13.564971157456));
#3343 = ( GEOMETRIC_REPRESENTATION_CONTEXT(2) 
PARAMETRIC_REPRESENTATION_CONTEXT() REPRESENTATION_CONTEXT('2D SPACE',''
  ) );
#3344 = ORIENTED_EDGE('',*,*,#937,.T.);
#3345 = ORIENTED_EDGE('',*,*,#3162,.T.);
#3346 = ORIENTED_EDGE('',*,*,#3267,.T.);
#3347 = ADVANCED_FACE('',(#3348),#980,.F.);
#3348 = FACE_BOUND('',#3349,.F.);
#3349 = EDGE_LOOP('',(#3350,#3375,#3410,#3411,#3412,#3413));
#3350 = ORIENTED_EDGE('',*,*,#3351,.T.);
#3351 = EDGE_CURVE('',#3352,#3354,#3356,.T.);
#3352 = VERTEX_POINT('',#3353);
#3353 = CARTESIAN_POINT('',(11.3,-28.,-24.31370849898));
#3354 = VERTEX_POINT('',#3355);
#3355 = CARTESIAN_POINT('',(11.3,-28.,-22.72792206135));
#3356 = SURFACE_CURVE('',#3357,(#3361,#3368),.PCURVE_S1.);
#3357 = LINE('',#3358,#3359);
#3358 = CARTESIAN_POINT('',(11.3,-28.,-40.));
#3359 = VECTOR('',#3360,1.);
#3360 = DIRECTION('',(0.,0.,1.));
#3361 = PCURVE('',#980,#3362);
#3362 = DEFINITIONAL_REPRESENTATION('',(#3363),#3367);
#3363 = LINE('',#3364,#3365);
#3364 = CARTESIAN_POINT('',(6.28318530718,-0.));
#3365 = VECTOR('',#3366,1.);
#3366 = DIRECTION('',(0.,1.));
#3367 = ( GEOMETRIC_REPRESENTATION_CONTEXT(2) 
PARAMETRIC_REPRESENTATION_CONTEXT() REPRESENTATION_CONTEXT('2D SPACE',''
  ) );
#3368 = PCURVE('',#457,#3369);
#3369 = DEFINITIONAL_REPRESENTATION('',(#3370),#3374);
#3370 = LINE('',#3371,#3372);
#3371 = CARTESIAN_POINT('',(9.351963487589,18.686291501015));
#3372 = VECTOR('',#3373,1.);
#3373 = DIRECTION('',(-0.,-1.));
#3374 = ( GEOMETRIC_REPRESENTATION_CONTEXT(2) 
PARAMETRIC_REPRESENTATION_CONTEXT() REPRESENTATION_CONTEXT('2D SPACE',''
  ) );
#3375 = ORIENTED_EDGE('',*,*,#3376,.T.);
#3376 = EDGE_CURVE('',#3354,#3227,#3377,.T.);
#3377 = SURFACE_CURVE('',#3378,(#3383,#3403),.PCURVE_S1.);
#3378 = ELLIPSE('',#3379,4.666904755831,3.3);
#3379 = AXIS2_PLACEMENT_3D('',#3380,#3381,#3382);
#3380 = CARTESIAN_POINT('',(8.,-28.,-22.72792206135));
#3381 = DIRECTION('',(0.,-0.707106781187,-0.707106781187));
#3382 = DIRECTION('',(0.,-0.707106781187,0.707106781187));
#3383 = PCURVE('',#980,#3384);
#3384 = DEFINITIONAL_REPRESENTATION('',(#3385),#3402);
#3385 = B_SPLINE_CURVE_WITH_KNOTS('',8,(#3386,#3387,#3388,#3389,#3390,
    #3391,#3392,#3393,#3394,#3395,#3396,#3397,#3398,#3399,#3400,#3401),
  .UNSPECIFIED.,.F.,.F.,(9,7,9),(4.712388980385,6.481165588911,
    8.249942197437),.UNSPECIFIED.);
#3386 = CARTESIAN_POINT('',(6.28318530718,17.272077938642));
#3387 = CARTESIAN_POINT('',(6.062088231114,18.001698289659));
#3388 = CARTESIAN_POINT('',(5.840991155049,18.731319047127));
#3389 = CARTESIAN_POINT('',(5.619894078979,19.406587203504));
#3390 = CARTESIAN_POINT('',(5.398797002923,19.973170122964));
#3391 = CARTESIAN_POINT('',(5.177699926849,20.385170723403));
#3392 = CARTESIAN_POINT('',(4.956602850786,20.613871278818));
#3393 = CARTESIAN_POINT('',(4.735505774719,20.651123832149));
#3394 = CARTESIAN_POINT('',(4.293311622588,20.364106553969));
#3395 = CARTESIAN_POINT('',(4.072214546522,20.039836562559));
#3396 = CARTESIAN_POINT('',(3.851117470466,19.545499737514));
#3397 = CARTESIAN_POINT('',(3.630020394394,18.910617350446));
#3398 = CARTESIAN_POINT('',(3.408923318332,18.181962072702));
#3399 = CARTESIAN_POINT('',(3.187826242258,17.416727934904));
#3400 = CARTESIAN_POINT('',(2.966729166193,16.672452807612));
#3401 = CARTESIAN_POINT('',(2.745632090127,15.999285732506));
#3402 = ( GEOMETRIC_REPRESENTATION_CONTEXT(2) 
PARAMETRIC_REPRESENTATION_CONTEXT() REPRESENTATION_CONTEXT('2D SPACE',''
  ) );
#3403 = PCURVE('',#43,#3404);
#3404 = DEFINITIONAL_REPRESENTATION('',(#3405),#3409);
#3405 = ELLIPSE('',#3406,4.666904755831,3.3);
#3406 = AXIS2_PLACEMENT_2D('',#3407,#3408);
#3407 = CARTESIAN_POINT('',(84.,83.));
#3408 = DIRECTION('',(-1.,0.));
#3409 = ( GEOMETRIC_REPRESENTATION_CONTEXT(2) 
PARAMETRIC_REPRESENTATION_CONTEXT() REPRESENTATION_CONTEXT('2D SPACE',''
  ) );
#3410 = ORIENTED_EDGE('',*,*,#3224,.F.);
#3411 = ORIENTED_EDGE('',*,*,#3291,.T.);
#3412 = ORIENTED_EDGE('',*,*,#965,.F.);
#3413 = ORIENTED_EDGE('',*,*,#3414,.T.);
#3414 = EDGE_CURVE('',#624,#3352,#3415,.T.);
#3415 = SURFACE_CURVE('',#3416,(#3431,#3449),.PCURVE_S1.);
#3416 = B_SPLINE_CURVE_WITH_KNOTS('',7,(#3417,#3418,#3419,#3420,#3421,
    #3422,#3423,#3424,#3425,#3426,#3427,#3428,#3429,#3430),
  .UNSPECIFIED.,.F.,.F.,(8,6,8),(0.,0.231999983779,1.),.UNSPECIFIED.);
#3417 = CARTESIAN_POINT('',(11.180868130143,-28.87867965644,
    -26.43502884254));
#3418 = CARTESIAN_POINT('',(11.197075411638,-28.82000841623,
    -26.37635760234));
#3419 = CARTESIAN_POINT('',(11.211339344151,-28.7634530692,
    -26.31601585244));
#3420 = CARTESIAN_POINT('',(11.223844900615,-28.70908728815,
    -26.25412919586));
#3421 = CARTESIAN_POINT('',(11.234766990904,-28.65697408312,
    -26.19082913987));
#3422 = CARTESIAN_POINT('',(11.244270284103,-28.60716574307,
    -26.1262530632));
#3423 = CARTESIAN_POINT('',(11.252509030772,-28.5597037775,
    -26.06054418312));
#3424 = CARTESIAN_POINT('',(11.283189439993,-28.3653722151,
    -25.7730757988));
#3425 = CARTESIAN_POINT('',(11.294462713112,-28.24221343064,
    -25.54157785307));
#3426 = CARTESIAN_POINT('',(11.298900497075,-28.14471361624,
    -25.30254150007));
#3427 = CARTESIAN_POINT('',(11.299997851016,-28.07217534282,
    -25.05841772804));
#3428 = CARTESIAN_POINT('',(11.300000569471,-28.0240501421,
    -24.81114757287));
#3429 = CARTESIAN_POINT('',(11.3,-28.,-24.56239044726));
#3430 = CARTESIAN_POINT('',(11.3,-28.,-24.31370849898));
#3431 = PCURVE('',#980,#3432);
#3432 = DEFINITIONAL_REPRESENTATION('',(#3433),#3448);
#3433 = B_SPLINE_CURVE_WITH_KNOTS('',7,(#3434,#3435,#3436,#3437,#3438,
    #3439,#3440,#3441,#3442,#3443,#3444,#3445,#3446,#3447),
  .UNSPECIFIED.,.F.,.F.,(8,6,8),(0.,0.231999983779,1.),.UNSPECIFIED.);
#3434 = CARTESIAN_POINT('',(6.013667624218,13.564971157456));
#3435 = CARTESIAN_POINT('',(6.032112664315,13.623642397659));
#3436 = CARTESIAN_POINT('',(6.049782877489,13.683984147553));
#3437 = CARTESIAN_POINT('',(6.066681885628,13.745870804136));
#3438 = CARTESIAN_POINT('',(6.082811815974,13.809170860123));
#3439 = CARTESIAN_POINT('',(6.098174021051,13.873746936796));
#3440 = CARTESIAN_POINT('',(6.112769798593,13.939455816876));
#3441 = CARTESIAN_POINT('',(6.172387530695,14.226924201199));
#3442 = CARTESIAN_POINT('',(6.20978465999,14.458422146928));
#3443 = CARTESIAN_POINT('',(6.239334183052,14.697458499924));
#3444 = CARTESIAN_POINT('',(6.261313269033,14.941582271956));
#3445 = CARTESIAN_POINT('',(6.27589758276,15.188852427124));
#3446 = CARTESIAN_POINT('',(6.28318530718,15.437609552731));
#3447 = CARTESIAN_POINT('',(6.28318530718,15.686291501015));
#3448 = ( GEOMETRIC_REPRESENTATION_CONTEXT(2) 
PARAMETRIC_REPRESENTATION_CONTEXT() REPRESENTATION_CONTEXT('2D SPACE',''
  ) );
#3449 = PCURVE('',#407,#3450);
#3450 = DEFINITIONAL_REPRESENTATION('',(#3451),#3466);
#3451 = B_SPLINE_CURVE_WITH_KNOTS('',7,(#3452,#3453,#3454,#3455,#3456,
    #3457,#3458,#3459,#3460,#3461,#3462,#3463,#3464,#3465),
  .UNSPECIFIED.,.F.,.F.,(8,6,8),(0.,0.231999983779,1.),.UNSPECIFIED.);
#3452 = CARTESIAN_POINT('',(6.28318530718,-20.3243997714));
#3453 = CARTESIAN_POINT('',(6.255527419307,-20.34060705289));
#3454 = CARTESIAN_POINT('',(6.227974508174,-20.35487098541));
#3455 = CARTESIAN_POINT('',(6.200538990382,-20.36737654187));
#3456 = CARTESIAN_POINT('',(6.173233337111,-20.37829863216));
#3457 = CARTESIAN_POINT('',(6.14607052144,-20.38780192536));
#3458 = CARTESIAN_POINT('',(6.119064465664,-20.39604067203));
#3459 = CARTESIAN_POINT('',(6.003400763431,-20.42672108125));
#3460 = CARTESIAN_POINT('',(5.916480257329,-20.43799435437));
#3461 = CARTESIAN_POINT('',(5.831122876205,-20.44243213833));
#3462 = CARTESIAN_POINT('',(5.74695351133,-20.44352949227));
#3463 = CARTESIAN_POINT('',(5.663600273024,-20.44353221073));
#3464 = CARTESIAN_POINT('',(5.580681126544,-20.44353164126));
#3465 = CARTESIAN_POINT('',(5.497787143782,-20.44353164126));
#3466 = ( GEOMETRIC_REPRESENTATION_CONTEXT(2) 
PARAMETRIC_REPRESENTATION_CONTEXT() REPRESENTATION_CONTEXT('2D SPACE',''
  ) );
#3467 = ADVANCED_FACE('',(#3468),#582,.T.);
#3468 = FACE_BOUND('',#3469,.T.);
#3469 = EDGE_LOOP('',(#3470,#3492,#3493,#3494));
#3470 = ORIENTED_EDGE('',*,*,#3471,.F.);
#3471 = EDGE_CURVE('',#2703,#539,#3472,.T.);
#3472 = SURFACE_CURVE('',#3473,(#3478,#3485),.PCURVE_S1.);
#3473 = CIRCLE('',#3474,10.);
#3474 = AXIS2_PLACEMENT_3D('',#3475,#3476,#3477);
#3475 = CARTESIAN_POINT('',(10.651963487589,-54.28228915279,
    -20.72593996668));
#3476 = DIRECTION('',(-0.,-0.707106781187,0.707106781187));
#3477 = DIRECTION('',(-1.,0.,-0.));
#3478 = PCURVE('',#582,#3479);
#3479 = DEFINITIONAL_REPRESENTATION('',(#3480),#3484);
#3480 = LINE('',#3481,#3482);
#3481 = CARTESIAN_POINT('',(0.,-3.));
#3482 = VECTOR('',#3483,1.);
#3483 = DIRECTION('',(1.,0.));
#3484 = ( GEOMETRIC_REPRESENTATION_CONTEXT(2) 
PARAMETRIC_REPRESENTATION_CONTEXT() REPRESENTATION_CONTEXT('2D SPACE',''
  ) );
#3485 = PCURVE('',#554,#3486);
#3486 = DEFINITIONAL_REPRESENTATION('',(#3487),#3491);
#3487 = CIRCLE('',#3488,10.);
#3488 = AXIS2_PLACEMENT_2D('',#3489,#3490);
#3489 = CARTESIAN_POINT('',(13.47487373415,8.080152483511));
#3490 = DIRECTION('',(-1.,0.));
#3491 = ( GEOMETRIC_REPRESENTATION_CONTEXT(2) 
PARAMETRIC_REPRESENTATION_CONTEXT() REPRESENTATION_CONTEXT('2D SPACE',''
  ) );
#3492 = ORIENTED_EDGE('',*,*,#2747,.T.);
#3493 = ORIENTED_EDGE('',*,*,#647,.F.);
#3494 = ORIENTED_EDGE('',*,*,#566,.F.);
#3495 = ADVANCED_FACE('',(#3496),#554,.T.);
#3496 = FACE_BOUND('',#3497,.T.);
#3497 = EDGE_LOOP('',(#3498,#3499,#3500,#3501,#3502,#3503,#3504,#3505,
    #3506,#3507,#3508,#3509,#3510,#3511,#3512,#3513,#3536,#3559,#3582,
    #3603,#3604,#3605,#3606,#3607,#3608,#3609,#3610,#3611));
#3498 = ORIENTED_EDGE('',*,*,#2125,.F.);
#3499 = ORIENTED_EDGE('',*,*,#2254,.T.);
#3500 = ORIENTED_EDGE('',*,*,#2326,.T.);
#3501 = ORIENTED_EDGE('',*,*,#2675,.F.);
#3502 = ORIENTED_EDGE('',*,*,#2620,.F.);
#3503 = ORIENTED_EDGE('',*,*,#2569,.T.);
#3504 = ORIENTED_EDGE('',*,*,#2468,.F.);
#3505 = ORIENTED_EDGE('',*,*,#1443,.F.);
#3506 = ORIENTED_EDGE('',*,*,#1349,.F.);
#3507 = ORIENTED_EDGE('',*,*,#1520,.F.);
#3508 = ORIENTED_EDGE('',*,*,#1635,.T.);
#3509 = ORIENTED_EDGE('',*,*,#1712,.T.);
#3510 = ORIENTED_EDGE('',*,*,#1737,.F.);
#3511 = ORIENTED_EDGE('',*,*,#1866,.F.);
#3512 = ORIENTED_EDGE('',*,*,#1891,.F.);
#3513 = ORIENTED_EDGE('',*,*,#3514,.F.);
#3514 = EDGE_CURVE('',#3515,#1892,#3517,.T.);
#3515 = VERTEX_POINT('',#3516);
#3516 = CARTESIAN_POINT('',(-11.62227331729,-44.43502884254,
    -10.87867965644));
#3517 = SURFACE_CURVE('',#3518,(#3522,#3529),.PCURVE_S1.);
#3518 = LINE('',#3519,#3520);
#3519 = CARTESIAN_POINT('',(-2.822910246561,-44.43502884254,
    -10.87867965644));
#3520 = VECTOR('',#3521,1.);
#3521 = DIRECTION('',(1.,0.,0.));
#3522 = PCURVE('',#554,#3523);
#3523 = DEFINITIONAL_REPRESENTATION('',(#3524),#3528);
#3524 = LINE('',#3525,#3526);
#3525 = CARTESIAN_POINT('',(0.,22.006281566481));
#3526 = VECTOR('',#3527,1.);
#3527 = DIRECTION('',(1.,0.));
#3528 = ( GEOMETRIC_REPRESENTATION_CONTEXT(2) 
PARAMETRIC_REPRESENTATION_CONTEXT() REPRESENTATION_CONTEXT('2D SPACE',''
  ) );
#3529 = PCURVE('',#99,#3530);
#3530 = DEFINITIONAL_REPRESENTATION('',(#3531),#3535);
#3531 = LINE('',#3532,#3533);
#3532 = CARTESIAN_POINT('',(6.28318530718,0.));
#3533 = VECTOR('',#3534,1.);
#3534 = DIRECTION('',(0.,1.));
#3535 = ( GEOMETRIC_REPRESENTATION_CONTEXT(2) 
PARAMETRIC_REPRESENTATION_CONTEXT() REPRESENTATION_CONTEXT('2D SPACE',''
  ) );
#3536 = ORIENTED_EDGE('',*,*,#3537,.T.);
#3537 = EDGE_CURVE('',#3515,#3538,#3540,.T.);
#3538 = VERTEX_POINT('',#3539);
#3539 = CARTESIAN_POINT('',(-21.74242543312,-54.03889832809,
    -20.48254914198));
#3540 = SURFACE_CURVE('',#3541,(#3545,#3552),.PCURVE_S1.);
#3541 = LINE('',#3542,#3543);
#3542 = CARTESIAN_POINT('',(-2.334782372094,-35.6213420654,
    -2.064992879298));
#3543 = VECTOR('',#3544,1.);
#3544 = DIRECTION('',(-0.597492267716,-0.56701101842,-0.56701101842));
#3545 = PCURVE('',#554,#3546);
#3546 = DEFINITIONAL_REPRESENTATION('',(#3547),#3551);
#3547 = LINE('',#3548,#3549);
#3548 = CARTESIAN_POINT('',(0.488127874467,34.470716941224));
#3549 = VECTOR('',#3550,1.);
#3550 = DIRECTION('',(-0.597492267716,-0.801874672265));
#3551 = ( GEOMETRIC_REPRESENTATION_CONTEXT(2) 
PARAMETRIC_REPRESENTATION_CONTEXT() REPRESENTATION_CONTEXT('2D SPACE',''
  ) );
#3552 = PCURVE('',#149,#3553);
#3553 = DEFINITIONAL_REPRESENTATION('',(#3554),#3558);
#3554 = LINE('',#3555,#3556);
#3555 = CARTESIAN_POINT('',(21.697843432175,3.));
#3556 = VECTOR('',#3557,1.);
#3557 = DIRECTION('',(-1.,0.));
#3558 = ( GEOMETRIC_REPRESENTATION_CONTEXT(2) 
PARAMETRIC_REPRESENTATION_CONTEXT() REPRESENTATION_CONTEXT('2D SPACE',''
  ) );
#3559 = ORIENTED_EDGE('',*,*,#3560,.T.);
#3560 = EDGE_CURVE('',#3538,#3561,#3563,.T.);
#3561 = VERTEX_POINT('',#3562);
#3562 = CARTESIAN_POINT('',(-21.97146227022,-54.25625078146,
    -20.69990159536));
#3563 = SURFACE_CURVE('',#3564,(#3568,#3575),.PCURVE_S1.);
#3564 = LINE('',#3565,#3566);
#3565 = CARTESIAN_POINT('',(-21.85697171778,-54.14760099878,
    -20.59125181267));
#3566 = VECTOR('',#3567,1.);
#3567 = DIRECTION('',(-0.597492265926,-0.567011019363,-0.567011019363));
#3568 = PCURVE('',#554,#3569);
#3569 = DEFINITIONAL_REPRESENTATION('',(#3570),#3574);
#3570 = LINE('',#3571,#3572);
#3571 = CARTESIAN_POINT('',(-19.03406147122,8.270630297602));
#3572 = VECTOR('',#3573,1.);
#3573 = DIRECTION('',(-0.597492265926,-0.801874673598));
#3574 = ( GEOMETRIC_REPRESENTATION_CONTEXT(2) 
PARAMETRIC_REPRESENTATION_CONTEXT() REPRESENTATION_CONTEXT('2D SPACE',''
  ) );
#3575 = PCURVE('',#149,#3576);
#3576 = DEFINITIONAL_REPRESENTATION('',(#3577),#3581);
#3577 = LINE('',#3578,#3579);
#3578 = CARTESIAN_POINT('',(-10.97569964142,3.));
#3579 = VECTOR('',#3580,1.);
#3580 = DIRECTION('',(-1.,0.));
#3581 = ( GEOMETRIC_REPRESENTATION_CONTEXT(2) 
PARAMETRIC_REPRESENTATION_CONTEXT() REPRESENTATION_CONTEXT('2D SPACE',''
  ) );
#3582 = ORIENTED_EDGE('',*,*,#3583,.F.);
#3583 = EDGE_CURVE('',#2970,#3561,#3584,.T.);
#3584 = SURFACE_CURVE('',#3585,(#3589,#3596),.PCURVE_S1.);
#3585 = LINE('',#3586,#3587);
#3586 = CARTESIAN_POINT('',(-22.05427931821,-54.33484289261,
    -20.7784937065));
#3587 = VECTOR('',#3588,1.);
#3588 = DIRECTION('',(0.597492267753,0.5670110184,0.5670110184));
#3589 = PCURVE('',#554,#3590);
#3590 = DEFINITIONAL_REPRESENTATION('',(#3591),#3595);
#3591 = LINE('',#3592,#3593);
#3592 = CARTESIAN_POINT('',(-19.23136907164,8.005830271902));
#3593 = VECTOR('',#3594,1.);
#3594 = DIRECTION('',(0.597492267753,0.801874672237));
#3595 = ( GEOMETRIC_REPRESENTATION_CONTEXT(2) 
PARAMETRIC_REPRESENTATION_CONTEXT() REPRESENTATION_CONTEXT('2D SPACE',''
  ) );
#3596 = PCURVE('',#149,#3597);
#3597 = DEFINITIONAL_REPRESENTATION('',(#3598),#3602);
#3598 = LINE('',#3599,#3600);
#3599 = CARTESIAN_POINT('',(-11.30592584086,3.));
#3600 = VECTOR('',#3601,1.);
#3601 = DIRECTION('',(1.,0.));
#3602 = ( GEOMETRIC_REPRESENTATION_CONTEXT(2) 
PARAMETRIC_REPRESENTATION_CONTEXT() REPRESENTATION_CONTEXT('2D SPACE',''
  ) );
#3603 = ORIENTED_EDGE('',*,*,#2969,.T.);
#3604 = ORIENTED_EDGE('',*,*,#2920,.T.);
#3605 = ORIENTED_EDGE('',*,*,#2870,.T.);
#3606 = ORIENTED_EDGE('',*,*,#2823,.F.);
#3607 = ORIENTED_EDGE('',*,*,#2771,.T.);
#3608 = ORIENTED_EDGE('',*,*,#2700,.T.);
#3609 = ORIENTED_EDGE('',*,*,#3471,.T.);
#3610 = ORIENTED_EDGE('',*,*,#538,.F.);
#3611 = ORIENTED_EDGE('',*,*,#3612,.F.);
#3612 = EDGE_CURVE('',#2020,#516,#3613,.T.);
#3613 = SURFACE_CURVE('',#3614,(#3618,#3625),.PCURVE_S1.);
#3614 = LINE('',#3615,#3616);
#3615 = CARTESIAN_POINT('',(-2.822910246561,-44.43502884254,
    -10.87867965644));
#3616 = VECTOR('',#3617,1.);
#3617 = DIRECTION('',(1.,0.,0.));
#3618 = PCURVE('',#554,#3619);
#3619 = DEFINITIONAL_REPRESENTATION('',(#3620),#3624);
#3620 = LINE('',#3621,#3622);
#3621 = CARTESIAN_POINT('',(0.,22.006281566481));
#3622 = VECTOR('',#3623,1.);
#3623 = DIRECTION('',(1.,0.));
#3624 = ( GEOMETRIC_REPRESENTATION_CONTEXT(2) 
PARAMETRIC_REPRESENTATION_CONTEXT() REPRESENTATION_CONTEXT('2D SPACE',''
  ) );
#3625 = PCURVE('',#99,#3626);
#3626 = DEFINITIONAL_REPRESENTATION('',(#3627),#3631);
#3627 = LINE('',#3628,#3629);
#3628 = CARTESIAN_POINT('',(6.28318530718,0.));
#3629 = VECTOR('',#3630,1.);
#3630 = DIRECTION('',(0.,1.));
#3631 = ( GEOMETRIC_REPRESENTATION_CONTEXT(2) 
PARAMETRIC_REPRESENTATION_CONTEXT() REPRESENTATION_CONTEXT('2D SPACE',''
  ) );
#3632 = ADVANCED_FACE('',(#3633),#407,.T.);
#3633 = FACE_BOUND('',#3634,.T.);
#3634 = EDGE_LOOP('',(#3635,#3636,#3637,#3638,#3659));
#3635 = ORIENTED_EDGE('',*,*,#491,.T.);
#3636 = ORIENTED_EDGE('',*,*,#623,.T.);
#3637 = ORIENTED_EDGE('',*,*,#3414,.T.);
#3638 = ORIENTED_EDGE('',*,*,#3639,.T.);
#3639 = EDGE_CURVE('',#3352,#391,#3640,.T.);
#3640 = SURFACE_CURVE('',#3641,(#3645,#3652),.PCURVE_S1.);
#3641 = LINE('',#3642,#3643);
#3642 = CARTESIAN_POINT('',(20.651963487589,-28.,-24.31370849898));
#3643 = VECTOR('',#3644,1.);
#3644 = DIRECTION('',(1.,0.,0.));
#3645 = PCURVE('',#407,#3646);
#3646 = DEFINITIONAL_REPRESENTATION('',(#3647),#3651);
#3647 = LINE('',#3648,#3649);
#3648 = CARTESIAN_POINT('',(5.497787143782,-29.79549512885));
#3649 = VECTOR('',#3650,1.);
#3650 = DIRECTION('',(0.,-1.));
#3651 = ( GEOMETRIC_REPRESENTATION_CONTEXT(2) 
PARAMETRIC_REPRESENTATION_CONTEXT() REPRESENTATION_CONTEXT('2D SPACE',''
  ) );
#3652 = PCURVE('',#457,#3653);
#3653 = DEFINITIONAL_REPRESENTATION('',(#3654),#3658);
#3654 = LINE('',#3655,#3656);
#3655 = CARTESIAN_POINT('',(0.,3.));
#3656 = VECTOR('',#3657,1.);
#3657 = DIRECTION('',(-1.,0.));
#3658 = ( GEOMETRIC_REPRESENTATION_CONTEXT(2) 
PARAMETRIC_REPRESENTATION_CONTEXT() REPRESENTATION_CONTEXT('2D SPACE',''
  ) );
#3659 = ORIENTED_EDGE('',*,*,#390,.F.);
#3660 = ADVANCED_FACE('',(#3661),#457,.F.);
#3661 = FACE_BOUND('',#3662,.F.);
#3662 = EDGE_LOOP('',(#3663,#3664,#3683,#3684));
#3663 = ORIENTED_EDGE('',*,*,#441,.F.);
#3664 = ORIENTED_EDGE('',*,*,#3665,.F.);
#3665 = EDGE_CURVE('',#3354,#442,#3666,.T.);
#3666 = SURFACE_CURVE('',#3667,(#3671,#3677),.PCURVE_S1.);
#3667 = LINE('',#3668,#3669);
#3668 = CARTESIAN_POINT('',(-27.1740182562,-28.,-22.72792206135));
#3669 = VECTOR('',#3670,1.);
#3670 = DIRECTION('',(1.,0.,0.));
#3671 = PCURVE('',#457,#3672);
#3672 = DEFINITIONAL_REPRESENTATION('',(#3673),#3676);
#3673 = B_SPLINE_CURVE_WITH_KNOTS('',1,(#3674,#3675),.UNSPECIFIED.,.F.,
  .F.,(2,2),(14.154078895918,40.224911571228),.PIECEWISE_BEZIER_KNOTS.);
#3674 = CARTESIAN_POINT('',(33.671902847877,1.414213562373));
#3675 = CARTESIAN_POINT('',(7.601070172567,1.414213562373));
#3676 = ( GEOMETRIC_REPRESENTATION_CONTEXT(2) 
PARAMETRIC_REPRESENTATION_CONTEXT() REPRESENTATION_CONTEXT('2D SPACE',''
  ) );
#3677 = PCURVE('',#43,#3678);
#3678 = DEFINITIONAL_REPRESENTATION('',(#3679),#3682);
#3679 = B_SPLINE_CURVE_WITH_KNOTS('',1,(#3680,#3681),.UNSPECIFIED.,.F.,
  .F.,(2,2),(14.154078895918,40.224911571228),.PIECEWISE_BEZIER_KNOTS.);
#3680 = CARTESIAN_POINT('',(84.,61.980060639712));
#3681 = CARTESIAN_POINT('',(84.,88.050893315022));
#3682 = ( GEOMETRIC_REPRESENTATION_CONTEXT(2) 
PARAMETRIC_REPRESENTATION_CONTEXT() REPRESENTATION_CONTEXT('2D SPACE',''
  ) );
#3683 = ORIENTED_EDGE('',*,*,#3351,.F.);
#3684 = ORIENTED_EDGE('',*,*,#3639,.T.);
#3685 = ADVANCED_FACE('',(#3686),#99,.T.);
#3686 = FACE_BOUND('',#3687,.T.);
#3687 = EDGE_LOOP('',(#3688,#3689,#3690,#3691,#3692,#3713,#3714,#3715));
#3688 = ORIENTED_EDGE('',*,*,#515,.T.);
#3689 = ORIENTED_EDGE('',*,*,#316,.F.);
#3690 = ORIENTED_EDGE('',*,*,#291,.T.);
#3691 = ORIENTED_EDGE('',*,*,#82,.T.);
#3692 = ORIENTED_EDGE('',*,*,#3693,.F.);
#3693 = EDGE_CURVE('',#3515,#83,#3694,.T.);
#3694 = SURFACE_CURVE('',#3695,(#3700,#3706),.PCURVE_S1.);
#3695 = ELLIPSE('',#3696,3.741233017781,3.);
#3696 = AXIS2_PLACEMENT_3D('',#3697,#3698,#3699);
#3697 = CARTESIAN_POINT('',(-11.62227331729,-42.31370849898,-13.));
#3698 = DIRECTION('',(-0.801874672265,0.422490834208,0.422490834208));
#3699 = DIRECTION('',(0.597492267716,0.56701101842,0.56701101842));
#3700 = PCURVE('',#99,#3701);
#3701 = DEFINITIONAL_REPRESENTATION('',(#3702),#3705);
#3702 = B_SPLINE_CURVE_WITH_KNOTS('',1,(#3703,#3704),.UNSPECIFIED.,.F.,
  .F.,(2,2),(4.712388980385,4.790223320981),.PIECEWISE_BEZIER_KNOTS.);
#3703 = CARTESIAN_POINT('',(6.28318530718,-8.799363070738));
#3704 = CARTESIAN_POINT('',(6.205350966583,-8.625551092017));
#3705 = ( GEOMETRIC_REPRESENTATION_CONTEXT(2) 
PARAMETRIC_REPRESENTATION_CONTEXT() REPRESENTATION_CONTEXT('2D SPACE',''
  ) );
#3706 = PCURVE('',#149,#3707);
#3707 = DEFINITIONAL_REPRESENTATION('',(#3708),#3712);
#3708 = ELLIPSE('',#3709,3.741233017781,3.);
#3709 = AXIS2_PLACEMENT_2D('',#3710,#3711);
#3710 = CARTESIAN_POINT('',(6.153724374846,6.));
#3711 = DIRECTION('',(1.,0.));
#3712 = ( GEOMETRIC_REPRESENTATION_CONTEXT(2) 
PARAMETRIC_REPRESENTATION_CONTEXT() REPRESENTATION_CONTEXT('2D SPACE',''
  ) );
#3713 = ORIENTED_EDGE('',*,*,#3514,.T.);
#3714 = ORIENTED_EDGE('',*,*,#2019,.T.);
#3715 = ORIENTED_EDGE('',*,*,#3612,.T.);
#3716 = ADVANCED_FACE('',(#3717),#149,.T.);
#3717 = FACE_BOUND('',#3718,.T.);
#3718 = EDGE_LOOP('',(#3719,#3720,#3721,#3742,#3743,#3744,#3745,#3746));
#3719 = ORIENTED_EDGE('',*,*,#3693,.T.);
#3720 = ORIENTED_EDGE('',*,*,#133,.T.);
#3721 = ORIENTED_EDGE('',*,*,#3722,.T.);
#3722 = EDGE_CURVE('',#134,#843,#3723,.T.);
#3723 = SURFACE_CURVE('',#3724,(#3729,#3736),.PCURVE_S1.);
#3724 = ELLIPSE('',#3725,3.741233017781,3.);
#3725 = AXIS2_PLACEMENT_3D('',#3726,#3727,#3728);
#3726 = CARTESIAN_POINT('',(-11.62227331729,-31.,-24.31370849898));
#3727 = DIRECTION('',(-0.801874672265,0.422490834208,0.422490834208));
#3728 = DIRECTION('',(-0.597492267716,-0.56701101842,-0.56701101842));
#3729 = PCURVE('',#149,#3730);
#3730 = DEFINITIONAL_REPRESENTATION('',(#3731),#3735);
#3731 = ELLIPSE('',#3732,3.741233017781,3.);
#3732 = AXIS2_PLACEMENT_2D('',#3733,#3734);
#3733 = CARTESIAN_POINT('',(6.153724374846,22.));
#3734 = DIRECTION('',(-1.,0.));
#3735 = ( GEOMETRIC_REPRESENTATION_CONTEXT(2) 
PARAMETRIC_REPRESENTATION_CONTEXT() REPRESENTATION_CONTEXT('2D SPACE',''
  ) );
#3736 = PCURVE('',#178,#3737);
#3737 = DEFINITIONAL_REPRESENTATION('',(#3738),#3741);
#3738 = B_SPLINE_CURVE_WITH_KNOTS('',1,(#3739,#3740),.UNSPECIFIED.,.F.,
  .F.,(2,2),(4.634554639788,4.712388980385),.PIECEWISE_BEZIER_KNOTS.);
#3739 = CARTESIAN_POINT('',(6.205350966583,2.304929697317));
#3740 = CARTESIAN_POINT('',(6.28318530718,2.478741676038));
#3741 = ( GEOMETRIC_REPRESENTATION_CONTEXT(2) 
PARAMETRIC_REPRESENTATION_CONTEXT() REPRESENTATION_CONTEXT('2D SPACE',''
  ) );
#3742 = ORIENTED_EDGE('',*,*,#842,.F.);
#3743 = ORIENTED_EDGE('',*,*,#2993,.T.);
#3744 = ORIENTED_EDGE('',*,*,#3583,.T.);
#3745 = ORIENTED_EDGE('',*,*,#3560,.F.);
#3746 = ORIENTED_EDGE('',*,*,#3537,.F.);
#3747 = ADVANCED_FACE('',(#3748),#178,.T.);
#3748 = FACE_BOUND('',#3749,.T.);
#3749 = EDGE_LOOP('',(#3750,#3751,#3752,#3773,#3774));
#3750 = ORIENTED_EDGE('',*,*,#3722,.F.);
#3751 = ORIENTED_EDGE('',*,*,#161,.T.);
#3752 = ORIENTED_EDGE('',*,*,#3753,.T.);
#3753 = EDGE_CURVE('',#162,#3087,#3754,.T.);
#3754 = SURFACE_CURVE('',#3755,(#3759,#3766),.PCURVE_S1.);
#3755 = LINE('',#3756,#3757);
#3756 = CARTESIAN_POINT('',(20.651963487589,-28.,-24.31370849898));
#3757 = VECTOR('',#3758,1.);
#3758 = DIRECTION('',(1.,0.,0.));
#3759 = PCURVE('',#178,#3760);
#3760 = DEFINITIONAL_REPRESENTATION('',(#3761),#3765);
#3761 = LINE('',#3762,#3763);
#3762 = CARTESIAN_POINT('',(5.497787143782,-29.79549512885));
#3763 = VECTOR('',#3764,1.);
#3764 = DIRECTION('',(0.,-1.));
#3765 = ( GEOMETRIC_REPRESENTATION_CONTEXT(2) 
PARAMETRIC_REPRESENTATION_CONTEXT() REPRESENTATION_CONTEXT('2D SPACE',''
  ) );
#3766 = PCURVE('',#226,#3767);
#3767 = DEFINITIONAL_REPRESENTATION('',(#3768),#3772);
#3768 = LINE('',#3769,#3770);
#3769 = CARTESIAN_POINT('',(0.,3.));
#3770 = VECTOR('',#3771,1.);
#3771 = DIRECTION('',(-1.,0.));
#3772 = ( GEOMETRIC_REPRESENTATION_CONTEXT(2) 
PARAMETRIC_REPRESENTATION_CONTEXT() REPRESENTATION_CONTEXT('2D SPACE',''
  ) );
#3773 = ORIENTED_EDGE('',*,*,#3107,.T.);
#3774 = ORIENTED_EDGE('',*,*,#865,.T.);
#3775 = ADVANCED_FACE('',(#3776),#226,.F.);
#3776 = FACE_BOUND('',#3777,.F.);
#3777 = EDGE_LOOP('',(#3778,#3779,#3798,#3799));
#3778 = ORIENTED_EDGE('',*,*,#3086,.T.);
#3779 = ORIENTED_EDGE('',*,*,#3780,.F.);
#3780 = EDGE_CURVE('',#24,#3050,#3781,.T.);
#3781 = SURFACE_CURVE('',#3782,(#3786,#3792),.PCURVE_S1.);
#3782 = LINE('',#3783,#3784);
#3783 = CARTESIAN_POINT('',(-27.1740182562,-28.,-22.72792206135));
#3784 = VECTOR('',#3785,1.);
#3785 = DIRECTION('',(1.,0.,0.));
#3786 = PCURVE('',#226,#3787);
#3787 = DEFINITIONAL_REPRESENTATION('',(#3788),#3791);
#3788 = B_SPLINE_CURVE_WITH_KNOTS('',1,(#3789,#3790),.UNSPECIFIED.,.F.,
  .F.,(2,2),(14.154078895918,40.224911571228),.PIECEWISE_BEZIER_KNOTS.);
#3789 = CARTESIAN_POINT('',(33.671902847877,1.414213562373));
#3790 = CARTESIAN_POINT('',(7.601070172567,1.414213562373));
#3791 = ( GEOMETRIC_REPRESENTATION_CONTEXT(2) 
PARAMETRIC_REPRESENTATION_CONTEXT() REPRESENTATION_CONTEXT('2D SPACE',''
  ) );
#3792 = PCURVE('',#43,#3793);
#3793 = DEFINITIONAL_REPRESENTATION('',(#3794),#3797);
#3794 = B_SPLINE_CURVE_WITH_KNOTS('',1,(#3795,#3796),.UNSPECIFIED.,.F.,
  .F.,(2,2),(14.154078895918,40.224911571228),.PIECEWISE_BEZIER_KNOTS.);
#3795 = CARTESIAN_POINT('',(84.,61.980060639712));
#3796 = CARTESIAN_POINT('',(84.,88.050893315022));
#3797 = ( GEOMETRIC_REPRESENTATION_CONTEXT(2) 
PARAMETRIC_REPRESENTATION_CONTEXT() REPRESENTATION_CONTEXT('2D SPACE',''
  ) );
#3798 = ORIENTED_EDGE('',*,*,#212,.T.);
#3799 = ORIENTED_EDGE('',*,*,#3753,.T.);
#3800 = ADVANCED_FACE('',(#3801,#3811),#43,.F.);
#3801 = FACE_BOUND('',#3802,.F.);
#3802 = EDGE_LOOP('',(#3803,#3804,#3805,#3806,#3807,#3808,#3809,#3810));
#3803 = ORIENTED_EDGE('',*,*,#469,.F.);
#3804 = ORIENTED_EDGE('',*,*,#242,.T.);
#3805 = ORIENTED_EDGE('',*,*,#21,.T.);
#3806 = ORIENTED_EDGE('',*,*,#3780,.T.);
#3807 = ORIENTED_EDGE('',*,*,#3049,.F.);
#3808 = ORIENTED_EDGE('',*,*,#3247,.T.);
#3809 = ORIENTED_EDGE('',*,*,#3376,.F.);
#3810 = ORIENTED_EDGE('',*,*,#3665,.T.);
#3811 = FACE_BOUND('',#3812,.F.);
#3812 = EDGE_LOOP('',(#3813,#3841,#3867,#3893));
#3813 = ORIENTED_EDGE('',*,*,#3814,.F.);
#3814 = EDGE_CURVE('',#3815,#3817,#3819,.T.);
#3815 = VERTEX_POINT('',#3816);
#3816 = CARTESIAN_POINT('',(-10.,-31.53553390593,-19.19238815542));
#3817 = VERTEX_POINT('',#3818);
#3818 = CARTESIAN_POINT('',(10.,-31.53553390593,-19.19238815542));
#3819 = SURFACE_CURVE('',#3820,(#3824,#3830),.PCURVE_S1.);
#3820 = LINE('',#3821,#3822);
#3821 = CARTESIAN_POINT('',(-42.5,-31.53553390593,-19.19238815542));
#3822 = VECTOR('',#3823,1.);
#3823 = DIRECTION('',(1.,0.,0.));
#3824 = PCURVE('',#43,#3825);
#3825 = DEFINITIONAL_REPRESENTATION('',(#3826),#3829);
#3826 = B_SPLINE_CURVE_WITH_KNOTS('',1,(#3827,#3828),.UNSPECIFIED.,.F.,
  .F.,(2,2),(32.5,52.5),.PIECEWISE_BEZIER_KNOTS.);
#3827 = CARTESIAN_POINT('',(79.,65.));
#3828 = CARTESIAN_POINT('',(79.,85.));
#3829 = ( GEOMETRIC_REPRESENTATION_CONTEXT(2) 
PARAMETRIC_REPRESENTATION_CONTEXT() REPRESENTATION_CONTEXT('2D SPACE',''
  ) );
#3830 = PCURVE('',#3831,#3836);
#3831 = PLANE('',#3832);
#3832 = AXIS2_PLACEMENT_3D('',#3833,#3834,#3835);
#3833 = CARTESIAN_POINT('',(-10.,-23.75735931288,-11.41421356237));
#3834 = DIRECTION('',(0.,0.707106781187,-0.707106781187));
#3835 = DIRECTION('',(1.,0.,0.));
#3836 = DEFINITIONAL_REPRESENTATION('',(#3837),#3840);
#3837 = B_SPLINE_CURVE_WITH_KNOTS('',1,(#3838,#3839),.UNSPECIFIED.,.F.,
  .F.,(2,2),(32.5,52.5),.PIECEWISE_BEZIER_KNOTS.);
#3838 = CARTESIAN_POINT('',(0.,11.));
#3839 = CARTESIAN_POINT('',(20.,11.));
#3840 = ( GEOMETRIC_REPRESENTATION_CONTEXT(2) 
PARAMETRIC_REPRESENTATION_CONTEXT() REPRESENTATION_CONTEXT('2D SPACE',''
  ) );
#3841 = ORIENTED_EDGE('',*,*,#3842,.T.);
#3842 = EDGE_CURVE('',#3815,#3843,#3845,.T.);
#3843 = VERTEX_POINT('',#3844);
#3844 = CARTESIAN_POINT('',(-10.,-37.19238815542,-13.53553390593));
#3845 = SURFACE_CURVE('',#3846,(#3850,#3856),.PCURVE_S1.);
#3846 = LINE('',#3847,#3848);
#3847 = CARTESIAN_POINT('',(-10.,-62.29467888754,11.56675682619));
#3848 = VECTOR('',#3849,1.);
#3849 = DIRECTION('',(0.,-0.707106781187,0.707106781187));
#3850 = PCURVE('',#43,#3851);
#3851 = DEFINITIONAL_REPRESENTATION('',(#3852),#3855);
#3852 = B_SPLINE_CURVE_WITH_KNOTS('',1,(#3853,#3854),.UNSPECIFIED.,.F.,
  .F.,(2,2),(-43.5,-35.5),.PIECEWISE_BEZIER_KNOTS.);
#3853 = CARTESIAN_POINT('',(79.,65.));
#3854 = CARTESIAN_POINT('',(71.,65.));
#3855 = ( GEOMETRIC_REPRESENTATION_CONTEXT(2) 
PARAMETRIC_REPRESENTATION_CONTEXT() REPRESENTATION_CONTEXT('2D SPACE',''
  ) );
#3856 = PCURVE('',#3857,#3862);
#3857 = PLANE('',#3858);
#3858 = AXIS2_PLACEMENT_3D('',#3859,#3860,#3861);
#3859 = CARTESIAN_POINT('',(-10.,-29.41421356237,-5.757359312881));
#3860 = DIRECTION('',(1.,0.,0.));
#3861 = DIRECTION('',(0.,0.707106781187,-0.707106781187));
#3862 = DEFINITIONAL_REPRESENTATION('',(#3863),#3866);
#3863 = B_SPLINE_CURVE_WITH_KNOTS('',1,(#3864,#3865),.UNSPECIFIED.,.F.,
  .F.,(2,2),(-43.5,-35.5),.PIECEWISE_BEZIER_KNOTS.);
#3864 = CARTESIAN_POINT('',(8.,-11.));
#3865 = CARTESIAN_POINT('',(0.,-11.));
#3866 = ( GEOMETRIC_REPRESENTATION_CONTEXT(2) 
PARAMETRIC_REPRESENTATION_CONTEXT() REPRESENTATION_CONTEXT('2D SPACE',''
  ) );
#3867 = ORIENTED_EDGE('',*,*,#3868,.T.);
#3868 = EDGE_CURVE('',#3843,#3869,#3871,.T.);
#3869 = VERTEX_POINT('',#3870);
#3870 = CARTESIAN_POINT('',(10.,-37.19238815542,-13.53553390593));
#3871 = SURFACE_CURVE('',#3872,(#3876,#3882),.PCURVE_S1.);
#3872 = LINE('',#3873,#3874);
#3873 = CARTESIAN_POINT('',(-42.5,-37.19238815542,-13.53553390593));
#3874 = VECTOR('',#3875,1.);
#3875 = DIRECTION('',(1.,0.,0.));
#3876 = PCURVE('',#43,#3877);
#3877 = DEFINITIONAL_REPRESENTATION('',(#3878),#3881);
#3878 = B_SPLINE_CURVE_WITH_KNOTS('',1,(#3879,#3880),.UNSPECIFIED.,.F.,
  .F.,(2,2),(32.5,52.5),.PIECEWISE_BEZIER_KNOTS.);
#3879 = CARTESIAN_POINT('',(71.,65.));
#3880 = CARTESIAN_POINT('',(71.,85.));
#3881 = ( GEOMETRIC_REPRESENTATION_CONTEXT(2) 
PARAMETRIC_REPRESENTATION_CONTEXT() REPRESENTATION_CONTEXT('2D SPACE',''
  ) );
#3882 = PCURVE('',#3883,#3888);
#3883 = PLANE('',#3884);
#3884 = AXIS2_PLACEMENT_3D('',#3885,#3886,#3887);
#3885 = CARTESIAN_POINT('',(-10.,-29.41421356237,-5.757359312881));
#3886 = DIRECTION('',(0.,0.707106781187,-0.707106781187));
#3887 = DIRECTION('',(1.,0.,0.));
#3888 = DEFINITIONAL_REPRESENTATION('',(#3889),#3892);
#3889 = B_SPLINE_CURVE_WITH_KNOTS('',1,(#3890,#3891),.UNSPECIFIED.,.F.,
  .F.,(2,2),(32.5,52.5),.PIECEWISE_BEZIER_KNOTS.);
#3890 = CARTESIAN_POINT('',(0.,11.));
#3891 = CARTESIAN_POINT('',(20.,11.));
#3892 = ( GEOMETRIC_REPRESENTATION_CONTEXT(2) 
PARAMETRIC_REPRESENTATION_CONTEXT() REPRESENTATION_CONTEXT('2D SPACE',''
  ) );
#3893 = ORIENTED_EDGE('',*,*,#3894,.F.);
#3894 = EDGE_CURVE('',#3817,#3869,#3895,.T.);
#3895 = SURFACE_CURVE('',#3896,(#3900,#3906),.PCURVE_S1.);
#3896 = LINE('',#3897,#3898);
#3897 = CARTESIAN_POINT('',(10.,-62.29467888754,11.56675682619));
#3898 = VECTOR('',#3899,1.);
#3899 = DIRECTION('',(0.,-0.707106781187,0.707106781187));
#3900 = PCURVE('',#43,#3901);
#3901 = DEFINITIONAL_REPRESENTATION('',(#3902),#3905);
#3902 = B_SPLINE_CURVE_WITH_KNOTS('',1,(#3903,#3904),.UNSPECIFIED.,.F.,
  .F.,(2,2),(-43.5,-35.5),.PIECEWISE_BEZIER_KNOTS.);
#3903 = CARTESIAN_POINT('',(79.,85.));
#3904 = CARTESIAN_POINT('',(71.,85.));
#3905 = ( GEOMETRIC_REPRESENTATION_CONTEXT(2) 
PARAMETRIC_REPRESENTATION_CONTEXT() REPRESENTATION_CONTEXT('2D SPACE',''
  ) );
#3906 = PCURVE('',#3907,#3912);
#3907 = PLANE('',#3908);
#3908 = AXIS2_PLACEMENT_3D('',#3909,#3910,#3911);
#3909 = CARTESIAN_POINT('',(10.,-29.41421356237,-5.757359312881));
#3910 = DIRECTION('',(1.,0.,0.));
#3911 = DIRECTION('',(0.,0.707106781187,-0.707106781187));
#3912 = DEFINITIONAL_REPRESENTATION('',(#3913),#3916);
#3913 = B_SPLINE_CURVE_WITH_KNOTS('',1,(#3914,#3915),.UNSPECIFIED.,.F.,
  .F.,(2,2),(-43.5,-35.5),.PIECEWISE_BEZIER_KNOTS.);
#3914 = CARTESIAN_POINT('',(8.,-11.));
#3915 = CARTESIAN_POINT('',(0.,-11.));
#3916 = ( GEOMETRIC_REPRESENTATION_CONTEXT(2) 
PARAMETRIC_REPRESENTATION_CONTEXT() REPRESENTATION_CONTEXT('2D SPACE',''
  ) );
#3917 = ADVANCED_FACE('',(#3918),#3883,.F.);
#3918 = FACE_BOUND('',#3919,.F.);
#3919 = EDGE_LOOP('',(#3920,#3943,#3970,#3991));
#3920 = ORIENTED_EDGE('',*,*,#3921,.F.);
#3921 = EDGE_CURVE('',#3922,#3843,#3924,.T.);
#3922 = VERTEX_POINT('',#3923);
#3923 = CARTESIAN_POINT('',(-10.,-32.65685424949,-9.));
#3924 = SURFACE_CURVE('',#3925,(#3929,#3936),.PCURVE_S1.);
#3925 = LINE('',#3926,#3927);
#3926 = CARTESIAN_POINT('',(-10.,-29.41421356237,-5.757359312881));
#3927 = VECTOR('',#3928,1.);
#3928 = DIRECTION('',(0.,-0.707106781187,-0.707106781187));
#3929 = PCURVE('',#3883,#3930);
#3930 = DEFINITIONAL_REPRESENTATION('',(#3931),#3935);
#3931 = LINE('',#3932,#3933);
#3932 = CARTESIAN_POINT('',(0.,0.));
#3933 = VECTOR('',#3934,1.);
#3934 = DIRECTION('',(0.,1.));
#3935 = ( GEOMETRIC_REPRESENTATION_CONTEXT(2) 
PARAMETRIC_REPRESENTATION_CONTEXT() REPRESENTATION_CONTEXT('2D SPACE',''
  ) );
#3936 = PCURVE('',#3857,#3937);
#3937 = DEFINITIONAL_REPRESENTATION('',(#3938),#3942);
#3938 = LINE('',#3939,#3940);
#3939 = CARTESIAN_POINT('',(0.,0.));
#3940 = VECTOR('',#3941,1.);
#3941 = DIRECTION('',(0.,-1.));
#3942 = ( GEOMETRIC_REPRESENTATION_CONTEXT(2) 
PARAMETRIC_REPRESENTATION_CONTEXT() REPRESENTATION_CONTEXT('2D SPACE',''
  ) );
#3943 = ORIENTED_EDGE('',*,*,#3944,.T.);
#3944 = EDGE_CURVE('',#3922,#3945,#3947,.T.);
#3945 = VERTEX_POINT('',#3946);
#3946 = CARTESIAN_POINT('',(10.,-32.65685424949,-9.));
#3947 = SURFACE_CURVE('',#3948,(#3952,#3958),.PCURVE_S1.);
#3948 = LINE('',#3949,#3950);
#3949 = CARTESIAN_POINT('',(-5.,-32.65685424949,-9.));
#3950 = VECTOR('',#3951,1.);
#3951 = DIRECTION('',(1.,-0.,0.));
#3952 = PCURVE('',#3883,#3953);
#3953 = DEFINITIONAL_REPRESENTATION('',(#3954),#3957);
#3954 = B_SPLINE_CURVE_WITH_KNOTS('',1,(#3955,#3956),.UNSPECIFIED.,.F.,
  .F.,(2,2),(-5.,15.),.PIECEWISE_BEZIER_KNOTS.);
#3955 = CARTESIAN_POINT('',(0.,4.585786437627));
#3956 = CARTESIAN_POINT('',(20.,4.585786437627));
#3957 = ( GEOMETRIC_REPRESENTATION_CONTEXT(2) 
PARAMETRIC_REPRESENTATION_CONTEXT() REPRESENTATION_CONTEXT('2D SPACE',''
  ) );
#3958 = PCURVE('',#3959,#3964);
#3959 = PLANE('',#3960);
#3960 = AXIS2_PLACEMENT_3D('',#3961,#3962,#3963);
#3961 = CARTESIAN_POINT('',(0.,-28.,-9.));
#3962 = DIRECTION('',(0.,0.,1.));
#3963 = DIRECTION('',(1.,0.,-0.));
#3964 = DEFINITIONAL_REPRESENTATION('',(#3965),#3969);
#3965 = LINE('',#3966,#3967);
#3966 = CARTESIAN_POINT('',(-5.,-4.656854249492));
#3967 = VECTOR('',#3968,1.);
#3968 = DIRECTION('',(1.,0.));
#3969 = ( GEOMETRIC_REPRESENTATION_CONTEXT(2) 
PARAMETRIC_REPRESENTATION_CONTEXT() REPRESENTATION_CONTEXT('2D SPACE',''
  ) );
#3970 = ORIENTED_EDGE('',*,*,#3971,.T.);
#3971 = EDGE_CURVE('',#3945,#3869,#3972,.T.);
#3972 = SURFACE_CURVE('',#3973,(#3977,#3984),.PCURVE_S1.);
#3973 = LINE('',#3974,#3975);
#3974 = CARTESIAN_POINT('',(10.,-29.41421356237,-5.757359312881));
#3975 = VECTOR('',#3976,1.);
#3976 = DIRECTION('',(0.,-0.707106781187,-0.707106781187));
#3977 = PCURVE('',#3883,#3978);
#3978 = DEFINITIONAL_REPRESENTATION('',(#3979),#3983);
#3979 = LINE('',#3980,#3981);
#3980 = CARTESIAN_POINT('',(20.,0.));
#3981 = VECTOR('',#3982,1.);
#3982 = DIRECTION('',(0.,1.));
#3983 = ( GEOMETRIC_REPRESENTATION_CONTEXT(2) 
PARAMETRIC_REPRESENTATION_CONTEXT() REPRESENTATION_CONTEXT('2D SPACE',''
  ) );
#3984 = PCURVE('',#3907,#3985);
#3985 = DEFINITIONAL_REPRESENTATION('',(#3986),#3990);
#3986 = LINE('',#3987,#3988);
#3987 = CARTESIAN_POINT('',(0.,0.));
#3988 = VECTOR('',#3989,1.);
#3989 = DIRECTION('',(0.,-1.));
#3990 = ( GEOMETRIC_REPRESENTATION_CONTEXT(2) 
PARAMETRIC_REPRESENTATION_CONTEXT() REPRESENTATION_CONTEXT('2D SPACE',''
  ) );
#3991 = ORIENTED_EDGE('',*,*,#3868,.F.);
#3992 = ADVANCED_FACE('',(#3993,#4227,#4357,#4388),#3959,.F.);
#3993 = FACE_BOUND('',#3994,.F.);
#3994 = EDGE_LOOP('',(#3995,#4025,#4054,#4082,#4111,#4139,#4168,#4196));
#3995 = ORIENTED_EDGE('',*,*,#3996,.T.);
#3996 = EDGE_CURVE('',#3997,#3999,#4001,.T.);
#3997 = VERTEX_POINT('',#3998);
#3998 = CARTESIAN_POINT('',(-13.,-34.,-9.));
#3999 = VERTEX_POINT('',#4000);
#4000 = CARTESIAN_POINT('',(13.,-34.,-9.));
#4001 = SURFACE_CURVE('',#4002,(#4006,#4013),.PCURVE_S1.);
#4002 = LINE('',#4003,#4004);
#4003 = CARTESIAN_POINT('',(-15.,-34.,-9.));
#4004 = VECTOR('',#4005,1.);
#4005 = DIRECTION('',(1.,0.,0.));
#4006 = PCURVE('',#3959,#4007);
#4007 = DEFINITIONAL_REPRESENTATION('',(#4008),#4012);
#4008 = LINE('',#4009,#4010);
#4009 = CARTESIAN_POINT('',(-15.,-6.));
#4010 = VECTOR('',#4011,1.);
#4011 = DIRECTION('',(1.,0.));
#4012 = ( GEOMETRIC_REPRESENTATION_CONTEXT(2) 
PARAMETRIC_REPRESENTATION_CONTEXT() REPRESENTATION_CONTEXT('2D SPACE',''
  ) );
#4013 = PCURVE('',#4014,#4019);
#4014 = PLANE('',#4015);
#4015 = AXIS2_PLACEMENT_3D('',#4016,#4017,#4018);
#4016 = CARTESIAN_POINT('',(-15.,-34.,-9.));
#4017 = DIRECTION('',(0.,1.,0.));
#4018 = DIRECTION('',(1.,0.,0.));
#4019 = DEFINITIONAL_REPRESENTATION('',(#4020),#4024);
#4020 = LINE('',#4021,#4022);
#4021 = CARTESIAN_POINT('',(0.,0.));
#4022 = VECTOR('',#4023,1.);
#4023 = DIRECTION('',(1.,0.));
#4024 = ( GEOMETRIC_REPRESENTATION_CONTEXT(2) 
PARAMETRIC_REPRESENTATION_CONTEXT() REPRESENTATION_CONTEXT('2D SPACE',''
  ) );
#4025 = ORIENTED_EDGE('',*,*,#4026,.T.);
#4026 = EDGE_CURVE('',#3999,#4027,#4029,.T.);
#4027 = VERTEX_POINT('',#4028);
#4028 = CARTESIAN_POINT('',(15.,-32.,-9.));
#4029 = SURFACE_CURVE('',#4030,(#4035,#4042),.PCURVE_S1.);
#4030 = CIRCLE('',#4031,2.);
#4031 = AXIS2_PLACEMENT_3D('',#4032,#4033,#4034);
#4032 = CARTESIAN_POINT('',(13.,-32.,-9.));
#4033 = DIRECTION('',(0.,0.,1.));
#4034 = DIRECTION('',(0.,-1.,0.));
#4035 = PCURVE('',#3959,#4036);
#4036 = DEFINITIONAL_REPRESENTATION('',(#4037),#4041);
#4037 = CIRCLE('',#4038,2.);
#4038 = AXIS2_PLACEMENT_2D('',#4039,#4040);
#4039 = CARTESIAN_POINT('',(13.,-4.));
#4040 = DIRECTION('',(0.,-1.));
#4041 = ( GEOMETRIC_REPRESENTATION_CONTEXT(2) 
PARAMETRIC_REPRESENTATION_CONTEXT() REPRESENTATION_CONTEXT('2D SPACE',''
  ) );
#4042 = PCURVE('',#4043,#4048);
#4043 = CYLINDRICAL_SURFACE('',#4044,2.);
#4044 = AXIS2_PLACEMENT_3D('',#4045,#4046,#4047);
#4045 = CARTESIAN_POINT('',(13.,-32.,-9.));
#4046 = DIRECTION('',(0.,0.,1.));
#4047 = DIRECTION('',(0.,-1.,0.));
#4048 = DEFINITIONAL_REPRESENTATION('',(#4049),#4053);
#4049 = LINE('',#4050,#4051);
#4050 = CARTESIAN_POINT('',(0.,0.));
#4051 = VECTOR('',#4052,1.);
#4052 = DIRECTION('',(1.,0.));
#4053 = ( GEOMETRIC_REPRESENTATION_CONTEXT(2) 
PARAMETRIC_REPRESENTATION_CONTEXT() REPRESENTATION_CONTEXT('2D SPACE',''
  ) );
#4054 = ORIENTED_EDGE('',*,*,#4055,.T.);
#4055 = EDGE_CURVE('',#4027,#4056,#4058,.T.);
#4056 = VERTEX_POINT('',#4057);
#4057 = CARTESIAN_POINT('',(15.,-24.,-9.));
#4058 = SURFACE_CURVE('',#4059,(#4063,#4070),.PCURVE_S1.);
#4059 = LINE('',#4060,#4061);
#4060 = CARTESIAN_POINT('',(15.,-34.,-9.));
#4061 = VECTOR('',#4062,1.);
#4062 = DIRECTION('',(0.,1.,0.));
#4063 = PCURVE('',#3959,#4064);
#4064 = DEFINITIONAL_REPRESENTATION('',(#4065),#4069);
#4065 = LINE('',#4066,#4067);
#4066 = CARTESIAN_POINT('',(15.,-6.));
#4067 = VECTOR('',#4068,1.);
#4068 = DIRECTION('',(0.,1.));
#4069 = ( GEOMETRIC_REPRESENTATION_CONTEXT(2) 
PARAMETRIC_REPRESENTATION_CONTEXT() REPRESENTATION_CONTEXT('2D SPACE',''
  ) );
#4070 = PCURVE('',#4071,#4076);
#4071 = PLANE('',#4072);
#4072 = AXIS2_PLACEMENT_3D('',#4073,#4074,#4075);
#4073 = CARTESIAN_POINT('',(15.,-34.,-9.));
#4074 = DIRECTION('',(-1.,0.,0.));
#4075 = DIRECTION('',(0.,1.,0.));
#4076 = DEFINITIONAL_REPRESENTATION('',(#4077),#4081);
#4077 = LINE('',#4078,#4079);
#4078 = CARTESIAN_POINT('',(0.,0.));
#4079 = VECTOR('',#4080,1.);
#4080 = DIRECTION('',(1.,0.));
#4081 = ( GEOMETRIC_REPRESENTATION_CONTEXT(2) 
PARAMETRIC_REPRESENTATION_CONTEXT() REPRESENTATION_CONTEXT('2D SPACE',''
  ) );
#4082 = ORIENTED_EDGE('',*,*,#4083,.T.);
#4083 = EDGE_CURVE('',#4056,#4084,#4086,.T.);
#4084 = VERTEX_POINT('',#4085);
#4085 = CARTESIAN_POINT('',(13.,-22.,-9.));
#4086 = SURFACE_CURVE('',#4087,(#4092,#4099),.PCURVE_S1.);
#4087 = CIRCLE('',#4088,2.);
#4088 = AXIS2_PLACEMENT_3D('',#4089,#4090,#4091);
#4089 = CARTESIAN_POINT('',(13.,-24.,-9.));
#4090 = DIRECTION('',(0.,0.,1.));
#4091 = DIRECTION('',(0.,-1.,0.));
#4092 = PCURVE('',#3959,#4093);
#4093 = DEFINITIONAL_REPRESENTATION('',(#4094),#4098);
#4094 = CIRCLE('',#4095,2.);
#4095 = AXIS2_PLACEMENT_2D('',#4096,#4097);
#4096 = CARTESIAN_POINT('',(13.,4.));
#4097 = DIRECTION('',(0.,-1.));
#4098 = ( GEOMETRIC_REPRESENTATION_CONTEXT(2) 
PARAMETRIC_REPRESENTATION_CONTEXT() REPRESENTATION_CONTEXT('2D SPACE',''
  ) );
#4099 = PCURVE('',#4100,#4105);
#4100 = CYLINDRICAL_SURFACE('',#4101,2.);
#4101 = AXIS2_PLACEMENT_3D('',#4102,#4103,#4104);
#4102 = CARTESIAN_POINT('',(13.,-24.,-9.));
#4103 = DIRECTION('',(0.,0.,1.));
#4104 = DIRECTION('',(1.,0.,-0.));
#4105 = DEFINITIONAL_REPRESENTATION('',(#4106),#4110);
#4106 = LINE('',#4107,#4108);
#4107 = CARTESIAN_POINT('',(-1.570796326795,0.));
#4108 = VECTOR('',#4109,1.);
#4109 = DIRECTION('',(1.,0.));
#4110 = ( GEOMETRIC_REPRESENTATION_CONTEXT(2) 
PARAMETRIC_REPRESENTATION_CONTEXT() REPRESENTATION_CONTEXT('2D SPACE',''
  ) );
#4111 = ORIENTED_EDGE('',*,*,#4112,.T.);
#4112 = EDGE_CURVE('',#4084,#4113,#4115,.T.);
#4113 = VERTEX_POINT('',#4114);
#4114 = CARTESIAN_POINT('',(-13.,-22.,-9.));
#4115 = SURFACE_CURVE('',#4116,(#4120,#4127),.PCURVE_S1.);
#4116 = LINE('',#4117,#4118);
#4117 = CARTESIAN_POINT('',(15.,-22.,-9.));
#4118 = VECTOR('',#4119,1.);
#4119 = DIRECTION('',(-1.,0.,0.));
#4120 = PCURVE('',#3959,#4121);
#4121 = DEFINITIONAL_REPRESENTATION('',(#4122),#4126);
#4122 = LINE('',#4123,#4124);
#4123 = CARTESIAN_POINT('',(15.,6.));
#4124 = VECTOR('',#4125,1.);
#4125 = DIRECTION('',(-1.,0.));
#4126 = ( GEOMETRIC_REPRESENTATION_CONTEXT(2) 
PARAMETRIC_REPRESENTATION_CONTEXT() REPRESENTATION_CONTEXT('2D SPACE',''
  ) );
#4127 = PCURVE('',#4128,#4133);
#4128 = PLANE('',#4129);
#4129 = AXIS2_PLACEMENT_3D('',#4130,#4131,#4132);
#4130 = CARTESIAN_POINT('',(15.,-22.,-9.));
#4131 = DIRECTION('',(0.,-1.,0.));
#4132 = DIRECTION('',(-1.,0.,0.));
#4133 = DEFINITIONAL_REPRESENTATION('',(#4134),#4138);
#4134 = LINE('',#4135,#4136);
#4135 = CARTESIAN_POINT('',(0.,-0.));
#4136 = VECTOR('',#4137,1.);
#4137 = DIRECTION('',(1.,0.));
#4138 = ( GEOMETRIC_REPRESENTATION_CONTEXT(2) 
PARAMETRIC_REPRESENTATION_CONTEXT() REPRESENTATION_CONTEXT('2D SPACE',''
  ) );
#4139 = ORIENTED_EDGE('',*,*,#4140,.T.);
#4140 = EDGE_CURVE('',#4113,#4141,#4143,.T.);
#4141 = VERTEX_POINT('',#4142);
#4142 = CARTESIAN_POINT('',(-15.,-24.,-9.));
#4143 = SURFACE_CURVE('',#4144,(#4149,#4156),.PCURVE_S1.);
#4144 = CIRCLE('',#4145,2.);
#4145 = AXIS2_PLACEMENT_3D('',#4146,#4147,#4148);
#4146 = CARTESIAN_POINT('',(-13.,-24.,-9.));
#4147 = DIRECTION('',(0.,0.,1.));
#4148 = DIRECTION('',(0.,-1.,0.));
#4149 = PCURVE('',#3959,#4150);
#4150 = DEFINITIONAL_REPRESENTATION('',(#4151),#4155);
#4151 = CIRCLE('',#4152,2.);
#4152 = AXIS2_PLACEMENT_2D('',#4153,#4154);
#4153 = CARTESIAN_POINT('',(-13.,4.));
#4154 = DIRECTION('',(0.,-1.));
#4155 = ( GEOMETRIC_REPRESENTATION_CONTEXT(2) 
PARAMETRIC_REPRESENTATION_CONTEXT() REPRESENTATION_CONTEXT('2D SPACE',''
  ) );
#4156 = PCURVE('',#4157,#4162);
#4157 = CYLINDRICAL_SURFACE('',#4158,2.);
#4158 = AXIS2_PLACEMENT_3D('',#4159,#4160,#4161);
#4159 = CARTESIAN_POINT('',(-13.,-24.,-9.));
#4160 = DIRECTION('',(0.,0.,1.));
#4161 = DIRECTION('',(-0.,1.,0.));
#4162 = DEFINITIONAL_REPRESENTATION('',(#4163),#4167);
#4163 = LINE('',#4164,#4165);
#4164 = CARTESIAN_POINT('',(-3.14159265359,0.));
#4165 = VECTOR('',#4166,1.);
#4166 = DIRECTION('',(1.,0.));
#4167 = ( GEOMETRIC_REPRESENTATION_CONTEXT(2) 
PARAMETRIC_REPRESENTATION_CONTEXT() REPRESENTATION_CONTEXT('2D SPACE',''
  ) );
#4168 = ORIENTED_EDGE('',*,*,#4169,.T.);
#4169 = EDGE_CURVE('',#4141,#4170,#4172,.T.);
#4170 = VERTEX_POINT('',#4171);
#4171 = CARTESIAN_POINT('',(-15.,-32.,-9.));
#4172 = SURFACE_CURVE('',#4173,(#4177,#4184),.PCURVE_S1.);
#4173 = LINE('',#4174,#4175);
#4174 = CARTESIAN_POINT('',(-15.,-22.,-9.));
#4175 = VECTOR('',#4176,1.);
#4176 = DIRECTION('',(0.,-1.,0.));
#4177 = PCURVE('',#3959,#4178);
#4178 = DEFINITIONAL_REPRESENTATION('',(#4179),#4183);
#4179 = LINE('',#4180,#4181);
#4180 = CARTESIAN_POINT('',(-15.,6.));
#4181 = VECTOR('',#4182,1.);
#4182 = DIRECTION('',(0.,-1.));
#4183 = ( GEOMETRIC_REPRESENTATION_CONTEXT(2) 
PARAMETRIC_REPRESENTATION_CONTEXT() REPRESENTATION_CONTEXT('2D SPACE',''
  ) );
#4184 = PCURVE('',#4185,#4190);
#4185 = PLANE('',#4186);
#4186 = AXIS2_PLACEMENT_3D('',#4187,#4188,#4189);
#4187 = CARTESIAN_POINT('',(-15.,-22.,-9.));
#4188 = DIRECTION('',(1.,0.,-0.));
#4189 = DIRECTION('',(0.,-1.,0.));
#4190 = DEFINITIONAL_REPRESENTATION('',(#4191),#4195);
#4191 = LINE('',#4192,#4193);
#4192 = CARTESIAN_POINT('',(0.,0.));
#4193 = VECTOR('',#4194,1.);
#4194 = DIRECTION('',(1.,0.));
#4195 = ( GEOMETRIC_REPRESENTATION_CONTEXT(2) 
PARAMETRIC_REPRESENTATION_CONTEXT() REPRESENTATION_CONTEXT('2D SPACE',''
  ) );
#4196 = ORIENTED_EDGE('',*,*,#4197,.F.);
#4197 = EDGE_CURVE('',#3997,#4170,#4198,.T.);
#4198 = SURFACE_CURVE('',#4199,(#4204,#4215),.PCURVE_S1.);
#4199 = CIRCLE('',#4200,2.);
#4200 = AXIS2_PLACEMENT_3D('',#4201,#4202,#4203);
#4201 = CARTESIAN_POINT('',(-13.,-32.,-9.));
#4202 = DIRECTION('',(-0.,-0.,-1.));
#4203 = DIRECTION('',(0.,-1.,0.));
#4204 = PCURVE('',#3959,#4205);
#4205 = DEFINITIONAL_REPRESENTATION('',(#4206),#4214);
#4206 = ( BOUNDED_CURVE() B_SPLINE_CURVE(2,(#4207,#4208,#4209,#4210,
#4211,#4212,#4213),.UNSPECIFIED.,.T.,.F.) B_SPLINE_CURVE_WITH_KNOTS((1,2
    ,2,2,2,1),(-2.094395102393,0.,2.094395102393,4.188790204786,
6.28318530718,8.377580409573),.UNSPECIFIED.) CURVE() 
GEOMETRIC_REPRESENTATION_ITEM() RATIONAL_B_SPLINE_CURVE((1.,0.5,1.,0.5,
1.,0.5,1.)) REPRESENTATION_ITEM('') );
#4207 = CARTESIAN_POINT('',(-13.,-6.));
#4208 = CARTESIAN_POINT('',(-16.46410161513,-6.));
#4209 = CARTESIAN_POINT('',(-14.73205080756,-3.));
#4210 = CARTESIAN_POINT('',(-13.,-8.881784197001E-16));
#4211 = CARTESIAN_POINT('',(-11.26794919243,-3.));
#4212 = CARTESIAN_POINT('',(-9.535898384862,-6.));
#4213 = CARTESIAN_POINT('',(-13.,-6.));
#4214 = ( GEOMETRIC_REPRESENTATION_CONTEXT(2) 
PARAMETRIC_REPRESENTATION_CONTEXT() REPRESENTATION_CONTEXT('2D SPACE',''
  ) );
#4215 = PCURVE('',#4216,#4221);
#4216 = CYLINDRICAL_SURFACE('',#4217,2.);
#4217 = AXIS2_PLACEMENT_3D('',#4218,#4219,#4220);
#4218 = CARTESIAN_POINT('',(-13.,-32.,-9.));
#4219 = DIRECTION('',(0.,0.,1.));
#4220 = DIRECTION('',(0.,-1.,0.));
#4221 = DEFINITIONAL_REPRESENTATION('',(#4222),#4226);
#4222 = LINE('',#4223,#4224);
#4223 = CARTESIAN_POINT('',(-0.,0.));
#4224 = VECTOR('',#4225,1.);
#4225 = DIRECTION('',(-1.,0.));
#4226 = ( GEOMETRIC_REPRESENTATION_CONTEXT(2) 
PARAMETRIC_REPRESENTATION_CONTEXT() REPRESENTATION_CONTEXT('2D SPACE',''
  ) );
#4227 = FACE_BOUND('',#4228,.F.);
#4228 = EDGE_LOOP('',(#4229,#4258,#4287,#4307,#4308,#4330));
#4229 = ORIENTED_EDGE('',*,*,#4230,.F.);
#4230 = EDGE_CURVE('',#4231,#4233,#4235,.T.);
#4231 = VERTEX_POINT('',#4232);
#4232 = CARTESIAN_POINT('',(5.252846154746,-26.17157287525,-9.));
#4233 = VERTEX_POINT('',#4234);
#4234 = CARTESIAN_POINT('',(-5.252846154746,-26.17157287525,-9.));
#4235 = SURFACE_CURVE('',#4236,(#4240,#4247),.PCURVE_S1.);
#4236 = LINE('',#4237,#4238);
#4237 = CARTESIAN_POINT('',(-5.,-26.17157287525,-9.));
#4238 = VECTOR('',#4239,1.);
#4239 = DIRECTION('',(-1.,-0.,0.));
#4240 = PCURVE('',#3959,#4241);
#4241 = DEFINITIONAL_REPRESENTATION('',(#4242),#4246);
#4242 = LINE('',#4243,#4244);
#4243 = CARTESIAN_POINT('',(-5.,1.828427124746));
#4244 = VECTOR('',#4245,1.);
#4245 = DIRECTION('',(-1.,0.));
#4246 = ( GEOMETRIC_REPRESENTATION_CONTEXT(2) 
PARAMETRIC_REPRESENTATION_CONTEXT() REPRESENTATION_CONTEXT('2D SPACE',''
  ) );
#4247 = PCURVE('',#4248,#4253);
#4248 = PLANE('',#4249);
#4249 = AXIS2_PLACEMENT_3D('',#4250,#4251,#4252);
#4250 = CARTESIAN_POINT('',(-10.,-29.41421356237,-5.757359312881));
#4251 = DIRECTION('',(0.,-0.707106781187,-0.707106781187));
#4252 = DIRECTION('',(0.,0.707106781187,-0.707106781187));
#4253 = DEFINITIONAL_REPRESENTATION('',(#4254),#4257);
#4254 = B_SPLINE_CURVE_WITH_KNOTS('',1,(#4255,#4256),.UNSPECIFIED.,.F.,
  .F.,(2,2),(-15.,5.),.PIECEWISE_BEZIER_KNOTS.);
#4255 = CARTESIAN_POINT('',(4.585786437627,20.));
#4256 = CARTESIAN_POINT('',(4.585786437627,0.));
#4257 = ( GEOMETRIC_REPRESENTATION_CONTEXT(2) 
PARAMETRIC_REPRESENTATION_CONTEXT() REPRESENTATION_CONTEXT('2D SPACE',''
  ) );
#4258 = ORIENTED_EDGE('',*,*,#4259,.T.);
#4259 = EDGE_CURVE('',#4231,#4260,#4262,.T.);
#4260 = VERTEX_POINT('',#4261);
#4261 = CARTESIAN_POINT('',(10.,-30.62488094968,-9.));
#4262 = SURFACE_CURVE('',#4263,(#4268,#4275),.PCURVE_S1.);
#4263 = CIRCLE('',#4264,3.3);
#4264 = AXIS2_PLACEMENT_3D('',#4265,#4266,#4267);
#4265 = CARTESIAN_POINT('',(8.,-28.,-9.));
#4266 = DIRECTION('',(0.,0.,1.));
#4267 = DIRECTION('',(1.,0.,-0.));
#4268 = PCURVE('',#3959,#4269);
#4269 = DEFINITIONAL_REPRESENTATION('',(#4270),#4274);
#4270 = CIRCLE('',#4271,3.3);
#4271 = AXIS2_PLACEMENT_2D('',#4272,#4273);
#4272 = CARTESIAN_POINT('',(8.,0.));
#4273 = DIRECTION('',(1.,0.));
#4274 = ( GEOMETRIC_REPRESENTATION_CONTEXT(2) 
PARAMETRIC_REPRESENTATION_CONTEXT() REPRESENTATION_CONTEXT('2D SPACE',''
  ) );
#4275 = PCURVE('',#4276,#4281);
#4276 = CYLINDRICAL_SURFACE('',#4277,3.3);
#4277 = AXIS2_PLACEMENT_3D('',#4278,#4279,#4280);
#4278 = CARTESIAN_POINT('',(8.,-28.,-40.));
#4279 = DIRECTION('',(0.,0.,1.));
#4280 = DIRECTION('',(1.,0.,-0.));
#4281 = DEFINITIONAL_REPRESENTATION('',(#4282),#4286);
#4282 = LINE('',#4283,#4284);
#4283 = CARTESIAN_POINT('',(0.,31.));
#4284 = VECTOR('',#4285,1.);
#4285 = DIRECTION('',(1.,0.));
#4286 = ( GEOMETRIC_REPRESENTATION_CONTEXT(2) 
PARAMETRIC_REPRESENTATION_CONTEXT() REPRESENTATION_CONTEXT('2D SPACE',''
  ) );
#4287 = ORIENTED_EDGE('',*,*,#4288,.T.);
#4288 = EDGE_CURVE('',#4260,#3945,#4289,.T.);
#4289 = SURFACE_CURVE('',#4290,(#4294,#4301),.PCURVE_S1.);
#4290 = LINE('',#4291,#4292);
#4291 = CARTESIAN_POINT('',(10.,-28.70710678118,-9.));
#4292 = VECTOR('',#4293,1.);
#4293 = DIRECTION('',(0.,-1.,0.));
#4294 = PCURVE('',#3959,#4295);
#4295 = DEFINITIONAL_REPRESENTATION('',(#4296),#4300);
#4296 = LINE('',#4297,#4298);
#4297 = CARTESIAN_POINT('',(10.,-0.707106781187));
#4298 = VECTOR('',#4299,1.);
#4299 = DIRECTION('',(0.,-1.));
#4300 = ( GEOMETRIC_REPRESENTATION_CONTEXT(2) 
PARAMETRIC_REPRESENTATION_CONTEXT() REPRESENTATION_CONTEXT('2D SPACE',''
  ) );
#4301 = PCURVE('',#3907,#4302);
#4302 = DEFINITIONAL_REPRESENTATION('',(#4303),#4306);
#4303 = B_SPLINE_CURVE_WITH_KNOTS('',1,(#4304,#4305),.UNSPECIFIED.,.F.,
  .F.,(2,2),(-2.535533905933,3.949747468306),.PIECEWISE_BEZIER_KNOTS.);
#4304 = CARTESIAN_POINT('',(4.585786437627,3.204310569013E-16));
#4305 = CARTESIAN_POINT('',(-4.23672319415E-16,-4.585786437627));
#4306 = ( GEOMETRIC_REPRESENTATION_CONTEXT(2) 
PARAMETRIC_REPRESENTATION_CONTEXT() REPRESENTATION_CONTEXT('2D SPACE',''
  ) );
#4307 = ORIENTED_EDGE('',*,*,#3944,.F.);
#4308 = ORIENTED_EDGE('',*,*,#4309,.F.);
#4309 = EDGE_CURVE('',#4310,#3922,#4312,.T.);
#4310 = VERTEX_POINT('',#4311);
#4311 = CARTESIAN_POINT('',(-10.,-30.62488094968,-9.));
#4312 = SURFACE_CURVE('',#4313,(#4317,#4324),.PCURVE_S1.);
#4313 = LINE('',#4314,#4315);
#4314 = CARTESIAN_POINT('',(-10.,-28.70710678118,-9.));
#4315 = VECTOR('',#4316,1.);
#4316 = DIRECTION('',(0.,-1.,0.));
#4317 = PCURVE('',#3959,#4318);
#4318 = DEFINITIONAL_REPRESENTATION('',(#4319),#4323);
#4319 = LINE('',#4320,#4321);
#4320 = CARTESIAN_POINT('',(-10.,-0.707106781187));
#4321 = VECTOR('',#4322,1.);
#4322 = DIRECTION('',(0.,-1.));
#4323 = ( GEOMETRIC_REPRESENTATION_CONTEXT(2) 
PARAMETRIC_REPRESENTATION_CONTEXT() REPRESENTATION_CONTEXT('2D SPACE',''
  ) );
#4324 = PCURVE('',#3857,#4325);
#4325 = DEFINITIONAL_REPRESENTATION('',(#4326),#4329);
#4326 = B_SPLINE_CURVE_WITH_KNOTS('',1,(#4327,#4328),.UNSPECIFIED.,.F.,
  .F.,(2,2),(-2.535533905933,3.949747468306),.PIECEWISE_BEZIER_KNOTS.);
#4327 = CARTESIAN_POINT('',(4.585786437627,3.204310569013E-16));
#4328 = CARTESIAN_POINT('',(-4.23672319415E-16,-4.585786437627));
#4329 = ( GEOMETRIC_REPRESENTATION_CONTEXT(2) 
PARAMETRIC_REPRESENTATION_CONTEXT() REPRESENTATION_CONTEXT('2D SPACE',''
  ) );
#4330 = ORIENTED_EDGE('',*,*,#4331,.T.);
#4331 = EDGE_CURVE('',#4310,#4233,#4332,.T.);
#4332 = SURFACE_CURVE('',#4333,(#4338,#4345),.PCURVE_S1.);
#4333 = CIRCLE('',#4334,3.3);
#4334 = AXIS2_PLACEMENT_3D('',#4335,#4336,#4337);
#4335 = CARTESIAN_POINT('',(-8.,-28.,-9.));
#4336 = DIRECTION('',(0.,0.,1.));
#4337 = DIRECTION('',(-0.606060606061,-0.7954184696,0.));
#4338 = PCURVE('',#3959,#4339);
#4339 = DEFINITIONAL_REPRESENTATION('',(#4340),#4344);
#4340 = CIRCLE('',#4341,3.3);
#4341 = AXIS2_PLACEMENT_2D('',#4342,#4343);
#4342 = CARTESIAN_POINT('',(-8.,0.));
#4343 = DIRECTION('',(-0.606060606061,-0.7954184696));
#4344 = ( GEOMETRIC_REPRESENTATION_CONTEXT(2) 
PARAMETRIC_REPRESENTATION_CONTEXT() REPRESENTATION_CONTEXT('2D SPACE',''
  ) );
#4345 = PCURVE('',#4346,#4351);
#4346 = CYLINDRICAL_SURFACE('',#4347,3.3);
#4347 = AXIS2_PLACEMENT_3D('',#4348,#4349,#4350);
#4348 = CARTESIAN_POINT('',(-8.,-28.,-40.));
#4349 = DIRECTION('',(0.,0.,1.));
#4350 = DIRECTION('',(1.,0.,-0.));
#4351 = DEFINITIONAL_REPRESENTATION('',(#4352),#4356);
#4352 = LINE('',#4353,#4354);
#4353 = CARTESIAN_POINT('',(4.061290395414,31.));
#4354 = VECTOR('',#4355,1.);
#4355 = DIRECTION('',(1.,0.));
#4356 = ( GEOMETRIC_REPRESENTATION_CONTEXT(2) 
PARAMETRIC_REPRESENTATION_CONTEXT() REPRESENTATION_CONTEXT('2D SPACE',''
  ) );
#4357 = FACE_BOUND('',#4358,.F.);
#4358 = EDGE_LOOP('',(#4359));
#4359 = ORIENTED_EDGE('',*,*,#4360,.F.);
#4360 = EDGE_CURVE('',#4361,#4361,#4363,.T.);
#4361 = VERTEX_POINT('',#4362);
#4362 = CARTESIAN_POINT('',(-4.8,-28.,-9.));
#4363 = SURFACE_CURVE('',#4364,(#4369,#4376),.PCURVE_S1.);
#4364 = CIRCLE('',#4365,3.2);
#4365 = AXIS2_PLACEMENT_3D('',#4366,#4367,#4368);
#4366 = CARTESIAN_POINT('',(-8.,-28.,-9.));
#4367 = DIRECTION('',(0.,0.,1.));
#4368 = DIRECTION('',(1.,0.,-0.));
#4369 = PCURVE('',#3959,#4370);
#4370 = DEFINITIONAL_REPRESENTATION('',(#4371),#4375);
#4371 = CIRCLE('',#4372,3.2);
#4372 = AXIS2_PLACEMENT_2D('',#4373,#4374);
#4373 = CARTESIAN_POINT('',(-8.,0.));
#4374 = DIRECTION('',(1.,0.));
#4375 = ( GEOMETRIC_REPRESENTATION_CONTEXT(2) 
PARAMETRIC_REPRESENTATION_CONTEXT() REPRESENTATION_CONTEXT('2D SPACE',''
  ) );
#4376 = PCURVE('',#4377,#4382);
#4377 = CONICAL_SURFACE('',#4378,3.2,0.785398163397);
#4378 = AXIS2_PLACEMENT_3D('',#4379,#4380,#4381);
#4379 = CARTESIAN_POINT('',(-8.,-28.,-9.));
#4380 = DIRECTION('',(-0.,-0.,-1.));
#4381 = DIRECTION('',(1.,0.,-0.));
#4382 = DEFINITIONAL_REPRESENTATION('',(#4383),#4387);
#4383 = LINE('',#4384,#4385);
#4384 = CARTESIAN_POINT('',(-0.,-0.));
#4385 = VECTOR('',#4386,1.);
#4386 = DIRECTION('',(-1.,-0.));
#4387 = ( GEOMETRIC_REPRESENTATION_CONTEXT(2) 
PARAMETRIC_REPRESENTATION_CONTEXT() REPRESENTATION_CONTEXT('2D SPACE',''
  ) );
#4388 = FACE_BOUND('',#4389,.F.);
#4389 = EDGE_LOOP('',(#4390));
#4390 = ORIENTED_EDGE('',*,*,#4391,.F.);
#4391 = EDGE_CURVE('',#4392,#4392,#4394,.T.);
#4392 = VERTEX_POINT('',#4393);
#4393 = CARTESIAN_POINT('',(11.2,-28.,-9.));
#4394 = SURFACE_CURVE('',#4395,(#4400,#4407),.PCURVE_S1.);
#4395 = CIRCLE('',#4396,3.2);
#4396 = AXIS2_PLACEMENT_3D('',#4397,#4398,#4399);
#4397 = CARTESIAN_POINT('',(8.,-28.,-9.));
#4398 = DIRECTION('',(0.,0.,1.));
#4399 = DIRECTION('',(1.,0.,-0.));
#4400 = PCURVE('',#3959,#4401);
#4401 = DEFINITIONAL_REPRESENTATION('',(#4402),#4406);
#4402 = CIRCLE('',#4403,3.2);
#4403 = AXIS2_PLACEMENT_2D('',#4404,#4405);
#4404 = CARTESIAN_POINT('',(8.,0.));
#4405 = DIRECTION('',(1.,0.));
#4406 = ( GEOMETRIC_REPRESENTATION_CONTEXT(2) 
PARAMETRIC_REPRESENTATION_CONTEXT() REPRESENTATION_CONTEXT('2D SPACE',''
  ) );
#4407 = PCURVE('',#4408,#4413);
#4408 = CONICAL_SURFACE('',#4409,3.2,0.785398163397);
#4409 = AXIS2_PLACEMENT_3D('',#4410,#4411,#4412);
#4410 = CARTESIAN_POINT('',(8.,-28.,-9.));
#4411 = DIRECTION('',(-0.,-0.,-1.));
#4412 = DIRECTION('',(1.,0.,-0.));
#4413 = DEFINITIONAL_REPRESENTATION('',(#4414),#4418);
#4414 = LINE('',#4415,#4416);
#4415 = CARTESIAN_POINT('',(-0.,-0.));
#4416 = VECTOR('',#4417,1.);
#4417 = DIRECTION('',(-1.,-0.));
#4418 = ( GEOMETRIC_REPRESENTATION_CONTEXT(2) 
PARAMETRIC_REPRESENTATION_CONTEXT() REPRESENTATION_CONTEXT('2D SPACE',''
  ) );
#4419 = ADVANCED_FACE('',(#4420),#4408,.F.);
#4420 = FACE_BOUND('',#4421,.F.);
#4421 = EDGE_LOOP('',(#4422,#4445,#4472,#4473));
#4422 = ORIENTED_EDGE('',*,*,#4423,.T.);
#4423 = EDGE_CURVE('',#4392,#4424,#4426,.T.);
#4424 = VERTEX_POINT('',#4425);
#4425 = CARTESIAN_POINT('',(9.7,-28.,-7.5));
#4426 = SEAM_CURVE('',#4427,(#4431,#4438),.PCURVE_S1.);
#4427 = LINE('',#4428,#4429);
#4428 = CARTESIAN_POINT('',(11.2,-28.,-9.));
#4429 = VECTOR('',#4430,1.);
#4430 = DIRECTION('',(-0.707106781187,1.731912112471E-16,0.707106781187)
  );
#4431 = PCURVE('',#4408,#4432);
#4432 = DEFINITIONAL_REPRESENTATION('',(#4433),#4437);
#4433 = LINE('',#4434,#4435);
#4434 = CARTESIAN_POINT('',(-6.28318530718,0.));
#4435 = VECTOR('',#4436,1.);
#4436 = DIRECTION('',(-0.,-1.));
#4437 = ( GEOMETRIC_REPRESENTATION_CONTEXT(2) 
PARAMETRIC_REPRESENTATION_CONTEXT() REPRESENTATION_CONTEXT('2D SPACE',''
  ) );
#4438 = PCURVE('',#4408,#4439);
#4439 = DEFINITIONAL_REPRESENTATION('',(#4440),#4444);
#4440 = LINE('',#4441,#4442);
#4441 = CARTESIAN_POINT('',(0.,-0.));
#4442 = VECTOR('',#4443,1.);
#4443 = DIRECTION('',(-0.,-1.));
#4444 = ( GEOMETRIC_REPRESENTATION_CONTEXT(2) 
PARAMETRIC_REPRESENTATION_CONTEXT() REPRESENTATION_CONTEXT('2D SPACE',''
  ) );
#4445 = ORIENTED_EDGE('',*,*,#4446,.F.);
#4446 = EDGE_CURVE('',#4424,#4424,#4447,.T.);
#4447 = SURFACE_CURVE('',#4448,(#4453,#4460),.PCURVE_S1.);
#4448 = CIRCLE('',#4449,1.7);
#4449 = AXIS2_PLACEMENT_3D('',#4450,#4451,#4452);
#4450 = CARTESIAN_POINT('',(8.,-28.,-7.5));
#4451 = DIRECTION('',(0.,0.,1.));
#4452 = DIRECTION('',(1.,0.,-0.));
#4453 = PCURVE('',#4408,#4454);
#4454 = DEFINITIONAL_REPRESENTATION('',(#4455),#4459);
#4455 = LINE('',#4456,#4457);
#4456 = CARTESIAN_POINT('',(-0.,-1.5));
#4457 = VECTOR('',#4458,1.);
#4458 = DIRECTION('',(-1.,-0.));
#4459 = ( GEOMETRIC_REPRESENTATION_CONTEXT(2) 
PARAMETRIC_REPRESENTATION_CONTEXT() REPRESENTATION_CONTEXT('2D SPACE',''
  ) );
#4460 = PCURVE('',#4461,#4466);
#4461 = CYLINDRICAL_SURFACE('',#4462,1.7);
#4462 = AXIS2_PLACEMENT_3D('',#4463,#4464,#4465);
#4463 = CARTESIAN_POINT('',(8.,-28.,-10.));
#4464 = DIRECTION('',(0.,0.,1.));
#4465 = DIRECTION('',(1.,0.,-0.));
#4466 = DEFINITIONAL_REPRESENTATION('',(#4467),#4471);
#4467 = LINE('',#4468,#4469);
#4468 = CARTESIAN_POINT('',(0.,2.5));
#4469 = VECTOR('',#4470,1.);
#4470 = DIRECTION('',(1.,0.));
#4471 = ( GEOMETRIC_REPRESENTATION_CONTEXT(2) 
PARAMETRIC_REPRESENTATION_CONTEXT() REPRESENTATION_CONTEXT('2D SPACE',''
  ) );
#4472 = ORIENTED_EDGE('',*,*,#4423,.F.);
#4473 = ORIENTED_EDGE('',*,*,#4391,.T.);
#4474 = ADVANCED_FACE('',(#4475),#4461,.F.);
#4475 = FACE_BOUND('',#4476,.F.);
#4476 = EDGE_LOOP('',(#4477,#4500,#4527,#4528));
#4477 = ORIENTED_EDGE('',*,*,#4478,.T.);
#4478 = EDGE_CURVE('',#4424,#4479,#4481,.T.);
#4479 = VERTEX_POINT('',#4480);
#4480 = CARTESIAN_POINT('',(9.7,-28.,-4.));
#4481 = SEAM_CURVE('',#4482,(#4486,#4493),.PCURVE_S1.);
#4482 = LINE('',#4483,#4484);
#4483 = CARTESIAN_POINT('',(9.7,-28.,-10.));
#4484 = VECTOR('',#4485,1.);
#4485 = DIRECTION('',(0.,0.,1.));
#4486 = PCURVE('',#4461,#4487);
#4487 = DEFINITIONAL_REPRESENTATION('',(#4488),#4492);
#4488 = LINE('',#4489,#4490);
#4489 = CARTESIAN_POINT('',(6.28318530718,-0.));
#4490 = VECTOR('',#4491,1.);
#4491 = DIRECTION('',(0.,1.));
#4492 = ( GEOMETRIC_REPRESENTATION_CONTEXT(2) 
PARAMETRIC_REPRESENTATION_CONTEXT() REPRESENTATION_CONTEXT('2D SPACE',''
  ) );
#4493 = PCURVE('',#4461,#4494);
#4494 = DEFINITIONAL_REPRESENTATION('',(#4495),#4499);
#4495 = LINE('',#4496,#4497);
#4496 = CARTESIAN_POINT('',(0.,-0.));
#4497 = VECTOR('',#4498,1.);
#4498 = DIRECTION('',(0.,1.));
#4499 = ( GEOMETRIC_REPRESENTATION_CONTEXT(2) 
PARAMETRIC_REPRESENTATION_CONTEXT() REPRESENTATION_CONTEXT('2D SPACE',''
  ) );
#4500 = ORIENTED_EDGE('',*,*,#4501,.F.);
#4501 = EDGE_CURVE('',#4479,#4479,#4502,.T.);
#4502 = SURFACE_CURVE('',#4503,(#4508,#4515),.PCURVE_S1.);
#4503 = CIRCLE('',#4504,1.7);
#4504 = AXIS2_PLACEMENT_3D('',#4505,#4506,#4507);
#4505 = CARTESIAN_POINT('',(8.,-28.,-4.));
#4506 = DIRECTION('',(0.,0.,1.));
#4507 = DIRECTION('',(1.,0.,-0.));
#4508 = PCURVE('',#4461,#4509);
#4509 = DEFINITIONAL_REPRESENTATION('',(#4510),#4514);
#4510 = LINE('',#4511,#4512);
#4511 = CARTESIAN_POINT('',(0.,6.));
#4512 = VECTOR('',#4513,1.);
#4513 = DIRECTION('',(1.,0.));
#4514 = ( GEOMETRIC_REPRESENTATION_CONTEXT(2) 
PARAMETRIC_REPRESENTATION_CONTEXT() REPRESENTATION_CONTEXT('2D SPACE',''
  ) );
#4515 = PCURVE('',#4516,#4521);
#4516 = PLANE('',#4517);
#4517 = AXIS2_PLACEMENT_3D('',#4518,#4519,#4520);
#4518 = CARTESIAN_POINT('',(0.,-28.,-4.));
#4519 = DIRECTION('',(0.,0.,1.));
#4520 = DIRECTION('',(1.,0.,-0.));
#4521 = DEFINITIONAL_REPRESENTATION('',(#4522),#4526);
#4522 = CIRCLE('',#4523,1.7);
#4523 = AXIS2_PLACEMENT_2D('',#4524,#4525);
#4524 = CARTESIAN_POINT('',(8.,0.));
#4525 = DIRECTION('',(1.,0.));
#4526 = ( GEOMETRIC_REPRESENTATION_CONTEXT(2) 
PARAMETRIC_REPRESENTATION_CONTEXT() REPRESENTATION_CONTEXT('2D SPACE',''
  ) );
#4527 = ORIENTED_EDGE('',*,*,#4478,.F.);
#4528 = ORIENTED_EDGE('',*,*,#4446,.T.);
#4529 = ADVANCED_FACE('',(#4530,#4724,#4755),#4516,.T.);
#4530 = FACE_BOUND('',#4531,.T.);
#4531 = EDGE_LOOP('',(#4532,#4557,#4581,#4604,#4628,#4651,#4675,#4698));
#4532 = ORIENTED_EDGE('',*,*,#4533,.T.);
#4533 = EDGE_CURVE('',#4534,#4536,#4538,.T.);
#4534 = VERTEX_POINT('',#4535);
#4535 = CARTESIAN_POINT('',(-13.,-34.,-4.));
#4536 = VERTEX_POINT('',#4537);
#4537 = CARTESIAN_POINT('',(13.,-34.,-4.));
#4538 = SURFACE_CURVE('',#4539,(#4543,#4550),.PCURVE_S1.);
#4539 = LINE('',#4540,#4541);
#4540 = CARTESIAN_POINT('',(-15.,-34.,-4.));
#4541 = VECTOR('',#4542,1.);
#4542 = DIRECTION('',(1.,0.,0.));
#4543 = PCURVE('',#4516,#4544);
#4544 = DEFINITIONAL_REPRESENTATION('',(#4545),#4549);
#4545 = LINE('',#4546,#4547);
#4546 = CARTESIAN_POINT('',(-15.,-6.));
#4547 = VECTOR('',#4548,1.);
#4548 = DIRECTION('',(1.,0.));
#4549 = ( GEOMETRIC_REPRESENTATION_CONTEXT(2) 
PARAMETRIC_REPRESENTATION_CONTEXT() REPRESENTATION_CONTEXT('2D SPACE',''
  ) );
#4550 = PCURVE('',#4014,#4551);
#4551 = DEFINITIONAL_REPRESENTATION('',(#4552),#4556);
#4552 = LINE('',#4553,#4554);
#4553 = CARTESIAN_POINT('',(0.,-5.));
#4554 = VECTOR('',#4555,1.);
#4555 = DIRECTION('',(1.,0.));
#4556 = ( GEOMETRIC_REPRESENTATION_CONTEXT(2) 
PARAMETRIC_REPRESENTATION_CONTEXT() REPRESENTATION_CONTEXT('2D SPACE',''
  ) );
#4557 = ORIENTED_EDGE('',*,*,#4558,.T.);
#4558 = EDGE_CURVE('',#4536,#4559,#4561,.T.);
#4559 = VERTEX_POINT('',#4560);
#4560 = CARTESIAN_POINT('',(15.,-32.,-4.));
#4561 = SURFACE_CURVE('',#4562,(#4567,#4574),.PCURVE_S1.);
#4562 = CIRCLE('',#4563,2.);
#4563 = AXIS2_PLACEMENT_3D('',#4564,#4565,#4566);
#4564 = CARTESIAN_POINT('',(13.,-32.,-4.));
#4565 = DIRECTION('',(0.,0.,1.));
#4566 = DIRECTION('',(0.,-1.,0.));
#4567 = PCURVE('',#4516,#4568);
#4568 = DEFINITIONAL_REPRESENTATION('',(#4569),#4573);
#4569 = CIRCLE('',#4570,2.);
#4570 = AXIS2_PLACEMENT_2D('',#4571,#4572);
#4571 = CARTESIAN_POINT('',(13.,-4.));
#4572 = DIRECTION('',(0.,-1.));
#4573 = ( GEOMETRIC_REPRESENTATION_CONTEXT(2) 
PARAMETRIC_REPRESENTATION_CONTEXT() REPRESENTATION_CONTEXT('2D SPACE',''
  ) );
#4574 = PCURVE('',#4043,#4575);
#4575 = DEFINITIONAL_REPRESENTATION('',(#4576),#4580);
#4576 = LINE('',#4577,#4578);
#4577 = CARTESIAN_POINT('',(0.,5.));
#4578 = VECTOR('',#4579,1.);
#4579 = DIRECTION('',(1.,0.));
#4580 = ( GEOMETRIC_REPRESENTATION_CONTEXT(2) 
PARAMETRIC_REPRESENTATION_CONTEXT() REPRESENTATION_CONTEXT('2D SPACE',''
  ) );
#4581 = ORIENTED_EDGE('',*,*,#4582,.T.);
#4582 = EDGE_CURVE('',#4559,#4583,#4585,.T.);
#4583 = VERTEX_POINT('',#4584);
#4584 = CARTESIAN_POINT('',(15.,-24.,-4.));
#4585 = SURFACE_CURVE('',#4586,(#4590,#4597),.PCURVE_S1.);
#4586 = LINE('',#4587,#4588);
#4587 = CARTESIAN_POINT('',(15.,-34.,-4.));
#4588 = VECTOR('',#4589,1.);
#4589 = DIRECTION('',(0.,1.,0.));
#4590 = PCURVE('',#4516,#4591);
#4591 = DEFINITIONAL_REPRESENTATION('',(#4592),#4596);
#4592 = LINE('',#4593,#4594);
#4593 = CARTESIAN_POINT('',(15.,-6.));
#4594 = VECTOR('',#4595,1.);
#4595 = DIRECTION('',(0.,1.));
#4596 = ( GEOMETRIC_REPRESENTATION_CONTEXT(2) 
PARAMETRIC_REPRESENTATION_CONTEXT() REPRESENTATION_CONTEXT('2D SPACE',''
  ) );
#4597 = PCURVE('',#4071,#4598);
#4598 = DEFINITIONAL_REPRESENTATION('',(#4599),#4603);
#4599 = LINE('',#4600,#4601);
#4600 = CARTESIAN_POINT('',(0.,-5.));
#4601 = VECTOR('',#4602,1.);
#4602 = DIRECTION('',(1.,0.));
#4603 = ( GEOMETRIC_REPRESENTATION_CONTEXT(2) 
PARAMETRIC_REPRESENTATION_CONTEXT() REPRESENTATION_CONTEXT('2D SPACE',''
  ) );
#4604 = ORIENTED_EDGE('',*,*,#4605,.T.);
#4605 = EDGE_CURVE('',#4583,#4606,#4608,.T.);
#4606 = VERTEX_POINT('',#4607);
#4607 = CARTESIAN_POINT('',(13.,-22.,-4.));
#4608 = SURFACE_CURVE('',#4609,(#4614,#4621),.PCURVE_S1.);
#4609 = CIRCLE('',#4610,2.);
#4610 = AXIS2_PLACEMENT_3D('',#4611,#4612,#4613);
#4611 = CARTESIAN_POINT('',(13.,-24.,-4.));
#4612 = DIRECTION('',(0.,0.,1.));
#4613 = DIRECTION('',(0.,-1.,0.));
#4614 = PCURVE('',#4516,#4615);
#4615 = DEFINITIONAL_REPRESENTATION('',(#4616),#4620);
#4616 = CIRCLE('',#4617,2.);
#4617 = AXIS2_PLACEMENT_2D('',#4618,#4619);
#4618 = CARTESIAN_POINT('',(13.,4.));
#4619 = DIRECTION('',(0.,-1.));
#4620 = ( GEOMETRIC_REPRESENTATION_CONTEXT(2) 
PARAMETRIC_REPRESENTATION_CONTEXT() REPRESENTATION_CONTEXT('2D SPACE',''
  ) );
#4621 = PCURVE('',#4100,#4622);
#4622 = DEFINITIONAL_REPRESENTATION('',(#4623),#4627);
#4623 = LINE('',#4624,#4625);
#4624 = CARTESIAN_POINT('',(-1.570796326795,5.));
#4625 = VECTOR('',#4626,1.);
#4626 = DIRECTION('',(1.,0.));
#4627 = ( GEOMETRIC_REPRESENTATION_CONTEXT(2) 
PARAMETRIC_REPRESENTATION_CONTEXT() REPRESENTATION_CONTEXT('2D SPACE',''
  ) );
#4628 = ORIENTED_EDGE('',*,*,#4629,.T.);
#4629 = EDGE_CURVE('',#4606,#4630,#4632,.T.);
#4630 = VERTEX_POINT('',#4631);
#4631 = CARTESIAN_POINT('',(-13.,-22.,-4.));
#4632 = SURFACE_CURVE('',#4633,(#4637,#4644),.PCURVE_S1.);
#4633 = LINE('',#4634,#4635);
#4634 = CARTESIAN_POINT('',(15.,-22.,-4.));
#4635 = VECTOR('',#4636,1.);
#4636 = DIRECTION('',(-1.,0.,0.));
#4637 = PCURVE('',#4516,#4638);
#4638 = DEFINITIONAL_REPRESENTATION('',(#4639),#4643);
#4639 = LINE('',#4640,#4641);
#4640 = CARTESIAN_POINT('',(15.,6.));
#4641 = VECTOR('',#4642,1.);
#4642 = DIRECTION('',(-1.,0.));
#4643 = ( GEOMETRIC_REPRESENTATION_CONTEXT(2) 
PARAMETRIC_REPRESENTATION_CONTEXT() REPRESENTATION_CONTEXT('2D SPACE',''
  ) );
#4644 = PCURVE('',#4128,#4645);
#4645 = DEFINITIONAL_REPRESENTATION('',(#4646),#4650);
#4646 = LINE('',#4647,#4648);
#4647 = CARTESIAN_POINT('',(0.,-5.));
#4648 = VECTOR('',#4649,1.);
#4649 = DIRECTION('',(1.,0.));
#4650 = ( GEOMETRIC_REPRESENTATION_CONTEXT(2) 
PARAMETRIC_REPRESENTATION_CONTEXT() REPRESENTATION_CONTEXT('2D SPACE',''
  ) );
#4651 = ORIENTED_EDGE('',*,*,#4652,.T.);
#4652 = EDGE_CURVE('',#4630,#4653,#4655,.T.);
#4653 = VERTEX_POINT('',#4654);
#4654 = CARTESIAN_POINT('',(-15.,-24.,-4.));
#4655 = SURFACE_CURVE('',#4656,(#4661,#4668),.PCURVE_S1.);
#4656 = CIRCLE('',#4657,2.);
#4657 = AXIS2_PLACEMENT_3D('',#4658,#4659,#4660);
#4658 = CARTESIAN_POINT('',(-13.,-24.,-4.));
#4659 = DIRECTION('',(0.,0.,1.));
#4660 = DIRECTION('',(0.,-1.,0.));
#4661 = PCURVE('',#4516,#4662);
#4662 = DEFINITIONAL_REPRESENTATION('',(#4663),#4667);
#4663 = CIRCLE('',#4664,2.);
#4664 = AXIS2_PLACEMENT_2D('',#4665,#4666);
#4665 = CARTESIAN_POINT('',(-13.,4.));
#4666 = DIRECTION('',(0.,-1.));
#4667 = ( GEOMETRIC_REPRESENTATION_CONTEXT(2) 
PARAMETRIC_REPRESENTATION_CONTEXT() REPRESENTATION_CONTEXT('2D SPACE',''
  ) );
#4668 = PCURVE('',#4157,#4669);
#4669 = DEFINITIONAL_REPRESENTATION('',(#4670),#4674);
#4670 = LINE('',#4671,#4672);
#4671 = CARTESIAN_POINT('',(-3.14159265359,5.));
#4672 = VECTOR('',#4673,1.);
#4673 = DIRECTION('',(1.,0.));
#4674 = ( GEOMETRIC_REPRESENTATION_CONTEXT(2) 
PARAMETRIC_REPRESENTATION_CONTEXT() REPRESENTATION_CONTEXT('2D SPACE',''
  ) );
#4675 = ORIENTED_EDGE('',*,*,#4676,.T.);
#4676 = EDGE_CURVE('',#4653,#4677,#4679,.T.);
#4677 = VERTEX_POINT('',#4678);
#4678 = CARTESIAN_POINT('',(-15.,-32.,-4.));
#4679 = SURFACE_CURVE('',#4680,(#4684,#4691),.PCURVE_S1.);
#4680 = LINE('',#4681,#4682);
#4681 = CARTESIAN_POINT('',(-15.,-22.,-4.));
#4682 = VECTOR('',#4683,1.);
#4683 = DIRECTION('',(0.,-1.,0.));
#4684 = PCURVE('',#4516,#4685);
#4685 = DEFINITIONAL_REPRESENTATION('',(#4686),#4690);
#4686 = LINE('',#4687,#4688);
#4687 = CARTESIAN_POINT('',(-15.,6.));
#4688 = VECTOR('',#4689,1.);
#4689 = DIRECTION('',(0.,-1.));
#4690 = ( GEOMETRIC_REPRESENTATION_CONTEXT(2) 
PARAMETRIC_REPRESENTATION_CONTEXT() REPRESENTATION_CONTEXT('2D SPACE',''
  ) );
#4691 = PCURVE('',#4185,#4692);
#4692 = DEFINITIONAL_REPRESENTATION('',(#4693),#4697);
#4693 = LINE('',#4694,#4695);
#4694 = CARTESIAN_POINT('',(0.,-5.));
#4695 = VECTOR('',#4696,1.);
#4696 = DIRECTION('',(1.,0.));
#4697 = ( GEOMETRIC_REPRESENTATION_CONTEXT(2) 
PARAMETRIC_REPRESENTATION_CONTEXT() REPRESENTATION_CONTEXT('2D SPACE',''
  ) );
#4698 = ORIENTED_EDGE('',*,*,#4699,.F.);
#4699 = EDGE_CURVE('',#4534,#4677,#4700,.T.);
#4700 = SURFACE_CURVE('',#4701,(#4706,#4717),.PCURVE_S1.);
#4701 = CIRCLE('',#4702,2.);
#4702 = AXIS2_PLACEMENT_3D('',#4703,#4704,#4705);
#4703 = CARTESIAN_POINT('',(-13.,-32.,-4.));
#4704 = DIRECTION('',(-0.,-0.,-1.));
#4705 = DIRECTION('',(0.,-1.,0.));
#4706 = PCURVE('',#4516,#4707);
#4707 = DEFINITIONAL_REPRESENTATION('',(#4708),#4716);
#4708 = ( BOUNDED_CURVE() B_SPLINE_CURVE(2,(#4709,#4710,#4711,#4712,
#4713,#4714,#4715),.UNSPECIFIED.,.T.,.F.) B_SPLINE_CURVE_WITH_KNOTS((1,2
    ,2,2,2,1),(-2.094395102393,0.,2.094395102393,4.188790204786,
6.28318530718,8.377580409573),.UNSPECIFIED.) CURVE() 
GEOMETRIC_REPRESENTATION_ITEM() RATIONAL_B_SPLINE_CURVE((1.,0.5,1.,0.5,
1.,0.5,1.)) REPRESENTATION_ITEM('') );
#4709 = CARTESIAN_POINT('',(-13.,-6.));
#4710 = CARTESIAN_POINT('',(-16.46410161513,-6.));
#4711 = CARTESIAN_POINT('',(-14.73205080756,-3.));
#4712 = CARTESIAN_POINT('',(-13.,-8.881784197001E-16));
#4713 = CARTESIAN_POINT('',(-11.26794919243,-3.));
#4714 = CARTESIAN_POINT('',(-9.535898384862,-6.));
#4715 = CARTESIAN_POINT('',(-13.,-6.));
#4716 = ( GEOMETRIC_REPRESENTATION_CONTEXT(2) 
PARAMETRIC_REPRESENTATION_CONTEXT() REPRESENTATION_CONTEXT('2D SPACE',''
  ) );
#4717 = PCURVE('',#4216,#4718);
#4718 = DEFINITIONAL_REPRESENTATION('',(#4719),#4723);
#4719 = LINE('',#4720,#4721);
#4720 = CARTESIAN_POINT('',(-0.,5.));
#4721 = VECTOR('',#4722,1.);
#4722 = DIRECTION('',(-1.,0.));
#4723 = ( GEOMETRIC_REPRESENTATION_CONTEXT(2) 
PARAMETRIC_REPRESENTATION_CONTEXT() REPRESENTATION_CONTEXT('2D SPACE',''
  ) );
#4724 = FACE_BOUND('',#4725,.T.);
#4725 = EDGE_LOOP('',(#4726));
#4726 = ORIENTED_EDGE('',*,*,#4727,.F.);
#4727 = EDGE_CURVE('',#4728,#4728,#4730,.T.);
#4728 = VERTEX_POINT('',#4729);
#4729 = CARTESIAN_POINT('',(-6.3,-28.,-4.));
#4730 = SURFACE_CURVE('',#4731,(#4736,#4743),.PCURVE_S1.);
#4731 = CIRCLE('',#4732,1.7);
#4732 = AXIS2_PLACEMENT_3D('',#4733,#4734,#4735);
#4733 = CARTESIAN_POINT('',(-8.,-28.,-4.));
#4734 = DIRECTION('',(0.,0.,1.));
#4735 = DIRECTION('',(1.,0.,-0.));
#4736 = PCURVE('',#4516,#4737);
#4737 = DEFINITIONAL_REPRESENTATION('',(#4738),#4742);
#4738 = CIRCLE('',#4739,1.7);
#4739 = AXIS2_PLACEMENT_2D('',#4740,#4741);
#4740 = CARTESIAN_POINT('',(-8.,0.));
#4741 = DIRECTION('',(1.,0.));
#4742 = ( GEOMETRIC_REPRESENTATION_CONTEXT(2) 
PARAMETRIC_REPRESENTATION_CONTEXT() REPRESENTATION_CONTEXT('2D SPACE',''
  ) );
#4743 = PCURVE('',#4744,#4749);
#4744 = CYLINDRICAL_SURFACE('',#4745,1.7);
#4745 = AXIS2_PLACEMENT_3D('',#4746,#4747,#4748);
#4746 = CARTESIAN_POINT('',(-8.,-28.,-10.));
#4747 = DIRECTION('',(0.,0.,1.));
#4748 = DIRECTION('',(1.,0.,-0.));
#4749 = DEFINITIONAL_REPRESENTATION('',(#4750),#4754);
#4750 = LINE('',#4751,#4752);
#4751 = CARTESIAN_POINT('',(0.,6.));
#4752 = VECTOR('',#4753,1.);
#4753 = DIRECTION('',(1.,0.));
#4754 = ( GEOMETRIC_REPRESENTATION_CONTEXT(2) 
PARAMETRIC_REPRESENTATION_CONTEXT() REPRESENTATION_CONTEXT('2D SPACE',''
  ) );
#4755 = FACE_BOUND('',#4756,.T.);
#4756 = EDGE_LOOP('',(#4757));
#4757 = ORIENTED_EDGE('',*,*,#4501,.F.);
#4758 = ADVANCED_FACE('',(#4759),#4744,.F.);
#4759 = FACE_BOUND('',#4760,.F.);
#4760 = EDGE_LOOP('',(#4761,#4784,#4785,#4786));
#4761 = ORIENTED_EDGE('',*,*,#4762,.T.);
#4762 = EDGE_CURVE('',#4763,#4728,#4765,.T.);
#4763 = VERTEX_POINT('',#4764);
#4764 = CARTESIAN_POINT('',(-6.3,-28.,-7.5));
#4765 = SEAM_CURVE('',#4766,(#4770,#4777),.PCURVE_S1.);
#4766 = LINE('',#4767,#4768);
#4767 = CARTESIAN_POINT('',(-6.3,-28.,-10.));
#4768 = VECTOR('',#4769,1.);
#4769 = DIRECTION('',(0.,0.,1.));
#4770 = PCURVE('',#4744,#4771);
#4771 = DEFINITIONAL_REPRESENTATION('',(#4772),#4776);
#4772 = LINE('',#4773,#4774);
#4773 = CARTESIAN_POINT('',(6.28318530718,-0.));
#4774 = VECTOR('',#4775,1.);
#4775 = DIRECTION('',(0.,1.));
#4776 = ( GEOMETRIC_REPRESENTATION_CONTEXT(2) 
PARAMETRIC_REPRESENTATION_CONTEXT() REPRESENTATION_CONTEXT('2D SPACE',''
  ) );
#4777 = PCURVE('',#4744,#4778);
#4778 = DEFINITIONAL_REPRESENTATION('',(#4779),#4783);
#4779 = LINE('',#4780,#4781);
#4780 = CARTESIAN_POINT('',(0.,-0.));
#4781 = VECTOR('',#4782,1.);
#4782 = DIRECTION('',(0.,1.));
#4783 = ( GEOMETRIC_REPRESENTATION_CONTEXT(2) 
PARAMETRIC_REPRESENTATION_CONTEXT() REPRESENTATION_CONTEXT('2D SPACE',''
  ) );
#4784 = ORIENTED_EDGE('',*,*,#4727,.F.);
#4785 = ORIENTED_EDGE('',*,*,#4762,.F.);
#4786 = ORIENTED_EDGE('',*,*,#4787,.T.);
#4787 = EDGE_CURVE('',#4763,#4763,#4788,.T.);
#4788 = SURFACE_CURVE('',#4789,(#4794,#4801),.PCURVE_S1.);
#4789 = CIRCLE('',#4790,1.7);
#4790 = AXIS2_PLACEMENT_3D('',#4791,#4792,#4793);
#4791 = CARTESIAN_POINT('',(-8.,-28.,-7.5));
#4792 = DIRECTION('',(0.,0.,1.));
#4793 = DIRECTION('',(1.,0.,-0.));
#4794 = PCURVE('',#4744,#4795);
#4795 = DEFINITIONAL_REPRESENTATION('',(#4796),#4800);
#4796 = LINE('',#4797,#4798);
#4797 = CARTESIAN_POINT('',(0.,2.5));
#4798 = VECTOR('',#4799,1.);
#4799 = DIRECTION('',(1.,0.));
#4800 = ( GEOMETRIC_REPRESENTATION_CONTEXT(2) 
PARAMETRIC_REPRESENTATION_CONTEXT() REPRESENTATION_CONTEXT('2D SPACE',''
  ) );
#4801 = PCURVE('',#4377,#4802);
#4802 = DEFINITIONAL_REPRESENTATION('',(#4803),#4807);
#4803 = LINE('',#4804,#4805);
#4804 = CARTESIAN_POINT('',(-0.,-1.5));
#4805 = VECTOR('',#4806,1.);
#4806 = DIRECTION('',(-1.,-0.));
#4807 = ( GEOMETRIC_REPRESENTATION_CONTEXT(2) 
PARAMETRIC_REPRESENTATION_CONTEXT() REPRESENTATION_CONTEXT('2D SPACE',''
  ) );
#4808 = ADVANCED_FACE('',(#4809),#4377,.F.);
#4809 = FACE_BOUND('',#4810,.F.);
#4810 = EDGE_LOOP('',(#4811,#4832,#4833,#4834));
#4811 = ORIENTED_EDGE('',*,*,#4812,.T.);
#4812 = EDGE_CURVE('',#4361,#4763,#4813,.T.);
#4813 = SEAM_CURVE('',#4814,(#4818,#4825),.PCURVE_S1.);
#4814 = LINE('',#4815,#4816);
#4815 = CARTESIAN_POINT('',(-4.8,-28.,-9.));
#4816 = VECTOR('',#4817,1.);
#4817 = DIRECTION('',(-0.707106781187,1.731912112471E-16,0.707106781187)
  );
#4818 = PCURVE('',#4377,#4819);
#4819 = DEFINITIONAL_REPRESENTATION('',(#4820),#4824);
#4820 = LINE('',#4821,#4822);
#4821 = CARTESIAN_POINT('',(-6.28318530718,0.));
#4822 = VECTOR('',#4823,1.);
#4823 = DIRECTION('',(-0.,-1.));
#4824 = ( GEOMETRIC_REPRESENTATION_CONTEXT(2) 
PARAMETRIC_REPRESENTATION_CONTEXT() REPRESENTATION_CONTEXT('2D SPACE',''
  ) );
#4825 = PCURVE('',#4377,#4826);
#4826 = DEFINITIONAL_REPRESENTATION('',(#4827),#4831);
#4827 = LINE('',#4828,#4829);
#4828 = CARTESIAN_POINT('',(0.,-0.));
#4829 = VECTOR('',#4830,1.);
#4830 = DIRECTION('',(-0.,-1.));
#4831 = ( GEOMETRIC_REPRESENTATION_CONTEXT(2) 
PARAMETRIC_REPRESENTATION_CONTEXT() REPRESENTATION_CONTEXT('2D SPACE',''
  ) );
#4832 = ORIENTED_EDGE('',*,*,#4787,.F.);
#4833 = ORIENTED_EDGE('',*,*,#4812,.F.);
#4834 = ORIENTED_EDGE('',*,*,#4360,.T.);
#4835 = ADVANCED_FACE('',(#4836),#4346,.F.);
#4836 = FACE_BOUND('',#4837,.F.);
#4837 = EDGE_LOOP('',(#4838,#4839,#4860,#4897,#4934,#4960));
#4838 = ORIENTED_EDGE('',*,*,#4331,.F.);
#4839 = ORIENTED_EDGE('',*,*,#4840,.F.);
#4840 = EDGE_CURVE('',#4841,#4310,#4843,.T.);
#4841 = VERTEX_POINT('',#4842);
#4842 = CARTESIAN_POINT('',(-10.,-30.62488094968,-18.28173519917));
#4843 = SURFACE_CURVE('',#4844,(#4848,#4854),.PCURVE_S1.);
#4844 = LINE('',#4845,#4846);
#4845 = CARTESIAN_POINT('',(-10.,-30.62488094968,-40.));
#4846 = VECTOR('',#4847,1.);
#4847 = DIRECTION('',(0.,0.,1.));
#4848 = PCURVE('',#4346,#4849);
#4849 = DEFINITIONAL_REPRESENTATION('',(#4850),#4853);
#4850 = B_SPLINE_CURVE_WITH_KNOTS('',1,(#4851,#4852),.UNSPECIFIED.,.F.,
  .F.,(2,2),(21.718264800826,31.),.PIECEWISE_BEZIER_KNOTS.);
#4851 = CARTESIAN_POINT('',(4.061290395414,21.718264800826));
#4852 = CARTESIAN_POINT('',(4.061290395414,31.));
#4853 = ( GEOMETRIC_REPRESENTATION_CONTEXT(2) 
PARAMETRIC_REPRESENTATION_CONTEXT() REPRESENTATION_CONTEXT('2D SPACE',''
  ) );
#4854 = PCURVE('',#3857,#4855);
#4855 = DEFINITIONAL_REPRESENTATION('',(#4856),#4859);
#4856 = B_SPLINE_CURVE_WITH_KNOTS('',1,(#4857,#4858),.UNSPECIFIED.,.F.,
  .F.,(2,2),(20.586893950928,31.0000006),.PIECEWISE_BEZIER_KNOTS.);
#4857 = CARTESIAN_POINT('',(8.8,-10.51214223865));
#4858 = CARTESIAN_POINT('',(1.436821675222,-3.148963913876));
#4859 = ( GEOMETRIC_REPRESENTATION_CONTEXT(2) 
PARAMETRIC_REPRESENTATION_CONTEXT() REPRESENTATION_CONTEXT('2D SPACE',''
  ) );
#4860 = ORIENTED_EDGE('',*,*,#4861,.F.);
#4861 = EDGE_CURVE('',#4862,#4841,#4864,.T.);
#4862 = VERTEX_POINT('',#4863);
#4863 = CARTESIAN_POINT('',(-4.7,-28.,-15.65685424949));
#4864 = SURFACE_CURVE('',#4865,(#4870,#4890),.PCURVE_S1.);
#4865 = ELLIPSE('',#4866,4.666904755831,3.3);
#4866 = AXIS2_PLACEMENT_3D('',#4867,#4868,#4869);
#4867 = CARTESIAN_POINT('',(-8.,-28.,-15.65685424949));
#4868 = DIRECTION('',(0.,0.707106781187,-0.707106781187));
#4869 = DIRECTION('',(0.,0.707106781187,0.707106781187));
#4870 = PCURVE('',#4346,#4871);
#4871 = DEFINITIONAL_REPRESENTATION('',(#4872),#4889);
#4872 = B_SPLINE_CURVE_WITH_KNOTS('',8,(#4873,#4874,#4875,#4876,#4877,
    #4878,#4879,#4880,#4881,#4882,#4883,#4884,#4885,#4886,#4887,#4888),
  .UNSPECIFIED.,.F.,.F.,(9,7,9),(1.570796326795,3.14159265359,
    3.792691238561),.UNSPECIFIED.);
#4873 = CARTESIAN_POINT('',(6.28318530718,24.343145750508));
#4874 = CARTESIAN_POINT('',(6.08683576633,23.695192265705));
#4875 = CARTESIAN_POINT('',(5.890486225481,23.047238627062));
#4876 = CARTESIAN_POINT('',(5.694136684633,22.43735198845));
#4877 = CARTESIAN_POINT('',(5.497787143782,21.903591873656));
#4878 = CARTESIAN_POINT('',(5.301437602935,21.479346197532));
#4879 = CARTESIAN_POINT('',(5.105088062084,21.188546311266));
#4880 = CARTESIAN_POINT('',(4.908738521234,21.043145750508));
#4881 = CARTESIAN_POINT('',(4.631001657263,21.043145750508));
#4882 = CARTESIAN_POINT('',(4.549614334142,21.068127392281));
#4883 = CARTESIAN_POINT('',(4.46822701102,21.118090335712));
#4884 = CARTESIAN_POINT('',(4.386839687899,21.192681976266));
#4885 = CARTESIAN_POINT('',(4.305452364778,21.291196192177));
#4886 = CARTESIAN_POINT('',(4.224065041656,21.412586328087));
#4887 = CARTESIAN_POINT('',(4.142677718535,21.555490189228));
#4888 = CARTESIAN_POINT('',(4.061290395414,21.718264820246));
#4889 = ( GEOMETRIC_REPRESENTATION_CONTEXT(2) 
PARAMETRIC_REPRESENTATION_CONTEXT() REPRESENTATION_CONTEXT('2D SPACE',''
  ) );
#4890 = PCURVE('',#3831,#4891);
#4891 = DEFINITIONAL_REPRESENTATION('',(#4892),#4896);
#4892 = ELLIPSE('',#4893,4.666904755831,3.3);
#4893 = AXIS2_PLACEMENT_2D('',#4894,#4895);
#4894 = CARTESIAN_POINT('',(2.,6.));
#4895 = DIRECTION('',(0.,-1.));
#4896 = ( GEOMETRIC_REPRESENTATION_CONTEXT(2) 
PARAMETRIC_REPRESENTATION_CONTEXT() REPRESENTATION_CONTEXT('2D SPACE',''
  ) );
#4897 = ORIENTED_EDGE('',*,*,#4898,.F.);
#4898 = EDGE_CURVE('',#4899,#4862,#4901,.T.);
#4899 = VERTEX_POINT('',#4900);
#4900 = CARTESIAN_POINT('',(-10.,-25.37511905031,-13.03197329981));
#4901 = SURFACE_CURVE('',#4902,(#4907,#4927),.PCURVE_S1.);
#4902 = ELLIPSE('',#4903,4.666904755831,3.3);
#4903 = AXIS2_PLACEMENT_3D('',#4904,#4905,#4906);
#4904 = CARTESIAN_POINT('',(-8.,-28.,-15.65685424949));
#4905 = DIRECTION('',(0.,0.707106781187,-0.707106781187));
#4906 = DIRECTION('',(0.,0.707106781187,0.707106781187));
#4907 = PCURVE('',#4346,#4908);
#4908 = DEFINITIONAL_REPRESENTATION('',(#4909),#4926);
#4909 = B_SPLINE_CURVE_WITH_KNOTS('',8,(#4910,#4911,#4912,#4913,#4914,
    #4915,#4916,#4917,#4918,#4919,#4920,#4921,#4922,#4923,#4924,#4925),
  .UNSPECIFIED.,.F.,.F.,(9,7,9),(5.632086722208,6.08683576633,
    7.853981633974),.UNSPECIFIED.);
#4910 = CARTESIAN_POINT('',(8.505080218948,26.968026717214));
#4911 = CARTESIAN_POINT('',(8.448236588432,27.081713989515));
#4912 = CARTESIAN_POINT('',(8.391392957916,27.185708099822));
#4913 = CARTESIAN_POINT('',(8.334549327401,27.279449277204));
#4914 = CARTESIAN_POINT('',(8.277705696885,27.362444571369));
#4915 = CARTESIAN_POINT('',(8.22086206637,27.434273646921));
#4916 = CARTESIAN_POINT('',(8.164018435854,27.494593425181));
#4917 = CARTESIAN_POINT('',(8.107174805339,27.543141356638));
#4918 = CARTESIAN_POINT('',(7.829437941368,27.72194781159));
#4919 = CARTESIAN_POINT('',(7.608544707914,27.683671627058));
#4920 = CARTESIAN_POINT('',(7.387651474467,27.454338002707));
#4921 = CARTESIAN_POINT('',(7.16675824101,27.042147893175));
#4922 = CARTESIAN_POINT('',(6.945865007556,26.475787177247));
#4923 = CARTESIAN_POINT('',(6.724971774092,25.801041494786));
#4924 = CARTESIAN_POINT('',(6.504078540635,25.072093420911));
#4925 = CARTESIAN_POINT('',(6.28318530718,24.343145750508));
#4926 = ( GEOMETRIC_REPRESENTATION_CONTEXT(2) 
PARAMETRIC_REPRESENTATION_CONTEXT() REPRESENTATION_CONTEXT('2D SPACE',''
  ) );
#4927 = PCURVE('',#3831,#4928);
#4928 = DEFINITIONAL_REPRESENTATION('',(#4929),#4933);
#4929 = ELLIPSE('',#4930,4.666904755831,3.3);
#4930 = AXIS2_PLACEMENT_2D('',#4931,#4932);
#4931 = CARTESIAN_POINT('',(2.,6.));
#4932 = DIRECTION('',(0.,-1.));
#4933 = ( GEOMETRIC_REPRESENTATION_CONTEXT(2) 
PARAMETRIC_REPRESENTATION_CONTEXT() REPRESENTATION_CONTEXT('2D SPACE',''
  ) );
#4934 = ORIENTED_EDGE('',*,*,#4935,.T.);
#4935 = EDGE_CURVE('',#4899,#4936,#4938,.T.);
#4936 = VERTEX_POINT('',#4937);
#4937 = CARTESIAN_POINT('',(-10.,-25.37511905031,-9.796453824935));
#4938 = SURFACE_CURVE('',#4939,(#4943,#4949),.PCURVE_S1.);
#4939 = LINE('',#4940,#4941);
#4940 = CARTESIAN_POINT('',(-10.,-25.37511905031,-40.));
#4941 = VECTOR('',#4942,1.);
#4942 = DIRECTION('',(0.,0.,1.));
#4943 = PCURVE('',#4346,#4944);
#4944 = DEFINITIONAL_REPRESENTATION('',(#4945),#4948);
#4945 = B_SPLINE_CURVE_WITH_KNOTS('',1,(#4946,#4947),.UNSPECIFIED.,.F.,
  .F.,(2,2),(26.968026700189,30.203546175065),.PIECEWISE_BEZIER_KNOTS.);
#4946 = CARTESIAN_POINT('',(8.505080218946,26.968026700189));
#4947 = CARTESIAN_POINT('',(8.505080218946,30.203546175065));
#4948 = ( GEOMETRIC_REPRESENTATION_CONTEXT(2) 
PARAMETRIC_REPRESENTATION_CONTEXT() REPRESENTATION_CONTEXT('2D SPACE',''
  ) );
#4949 = PCURVE('',#4950,#4955);
#4950 = PLANE('',#4951);
#4951 = AXIS2_PLACEMENT_3D('',#4952,#4953,#4954);
#4952 = CARTESIAN_POINT('',(-10.,-29.41421356237,-5.757359312881));
#4953 = DIRECTION('',(1.,0.,0.));
#4954 = DIRECTION('',(0.,0.707106781187,-0.707106781187));
#4955 = DEFINITIONAL_REPRESENTATION('',(#4956),#4959);
#4956 = B_SPLINE_CURVE_WITH_KNOTS('',1,(#4957,#4958),.UNSPECIFIED.,.F.,
  .F.,(2,2),(25.83665585029,31.0000006),.PIECEWISE_BEZIER_KNOTS.);
#4957 = CARTESIAN_POINT('',(8.8,-3.087857761346));
#4958 = CARTESIAN_POINT('',(5.148963913876,0.563178324778));
#4959 = ( GEOMETRIC_REPRESENTATION_CONTEXT(2) 
PARAMETRIC_REPRESENTATION_CONTEXT() REPRESENTATION_CONTEXT('2D SPACE',''
  ) );
#4960 = ORIENTED_EDGE('',*,*,#4961,.T.);
#4961 = EDGE_CURVE('',#4936,#4233,#4962,.T.);
#4962 = SURFACE_CURVE('',#4963,(#4968,#4981),.PCURVE_S1.);
#4963 = ELLIPSE('',#4964,4.666904755831,3.3);
#4964 = AXIS2_PLACEMENT_3D('',#4965,#4966,#4967);
#4965 = CARTESIAN_POINT('',(-8.,-28.,-7.171572875254));
#4966 = DIRECTION('',(0.,-0.707106781187,-0.707106781187));
#4967 = DIRECTION('',(0.,-0.707106781187,0.707106781187));
#4968 = PCURVE('',#4346,#4969);
#4969 = DEFINITIONAL_REPRESENTATION('',(#4970),#4980);
#4970 = B_SPLINE_CURVE_WITH_KNOTS('',8,(#4971,#4972,#4973,#4974,#4975,
    #4976,#4977,#4978,#4979),.UNSPECIFIED.,.F.,.F.,(9,9),(2.490494068619
    ,4.125144998032),.PIECEWISE_BEZIER_KNOTS.);
#4971 = CARTESIAN_POINT('',(8.505080218945,30.20354617835));
#4972 = CARTESIAN_POINT('',(8.300748852768,29.794883445156));
#4973 = CARTESIAN_POINT('',(8.096417486591,29.511468932272));
#4974 = CARTESIAN_POINT('',(7.892086120414,29.379302196224));
#4975 = CARTESIAN_POINT('',(7.687754754238,29.413227239328));
#4976 = CARTESIAN_POINT('',(7.483423388059,29.613458229297));
#4977 = CARTESIAN_POINT('',(7.279092021886,29.964585360106));
#4978 = CARTESIAN_POINT('',(7.074760655709,30.438670301702));
#4979 = CARTESIAN_POINT('',(6.870429289532,31.));
#4980 = ( GEOMETRIC_REPRESENTATION_CONTEXT(2) 
PARAMETRIC_REPRESENTATION_CONTEXT() REPRESENTATION_CONTEXT('2D SPACE',''
  ) );
#4981 = PCURVE('',#4248,#4982);
#4982 = DEFINITIONAL_REPRESENTATION('',(#4983),#4987);
#4983 = ELLIPSE('',#4984,4.666904755831,3.3);
#4984 = AXIS2_PLACEMENT_2D('',#4985,#4986);
#4985 = CARTESIAN_POINT('',(2.,2.));
#4986 = DIRECTION('',(-1.,0.));
#4987 = ( GEOMETRIC_REPRESENTATION_CONTEXT(2) 
PARAMETRIC_REPRESENTATION_CONTEXT() REPRESENTATION_CONTEXT('2D SPACE',''
  ) );
#4988 = ADVANCED_FACE('',(#4989),#4950,.F.);
#4989 = FACE_BOUND('',#4990,.F.);
#4990 = EDGE_LOOP('',(#4991,#5014,#5035));
#4991 = ORIENTED_EDGE('',*,*,#4992,.F.);
#4992 = EDGE_CURVE('',#4993,#4899,#4995,.T.);
#4993 = VERTEX_POINT('',#4994);
#4994 = CARTESIAN_POINT('',(-10.,-23.75735931288,-11.41421356237));
#4995 = SURFACE_CURVE('',#4996,(#5000,#5007),.PCURVE_S1.);
#4996 = LINE('',#4997,#4998);
#4997 = CARTESIAN_POINT('',(-10.,-23.75735931288,-11.41421356237));
#4998 = VECTOR('',#4999,1.);
#4999 = DIRECTION('',(0.,-0.707106781187,-0.707106781187));
#5000 = PCURVE('',#4950,#5001);
#5001 = DEFINITIONAL_REPRESENTATION('',(#5002),#5006);
#5002 = LINE('',#5003,#5004);
#5003 = CARTESIAN_POINT('',(8.,0.));
#5004 = VECTOR('',#5005,1.);
#5005 = DIRECTION('',(0.,-1.));
#5006 = ( GEOMETRIC_REPRESENTATION_CONTEXT(2) 
PARAMETRIC_REPRESENTATION_CONTEXT() REPRESENTATION_CONTEXT('2D SPACE',''
  ) );
#5007 = PCURVE('',#3831,#5008);
#5008 = DEFINITIONAL_REPRESENTATION('',(#5009),#5013);
#5009 = LINE('',#5010,#5011);
#5010 = CARTESIAN_POINT('',(0.,0.));
#5011 = VECTOR('',#5012,1.);
#5012 = DIRECTION('',(0.,1.));
#5013 = ( GEOMETRIC_REPRESENTATION_CONTEXT(2) 
PARAMETRIC_REPRESENTATION_CONTEXT() REPRESENTATION_CONTEXT('2D SPACE',''
  ) );
#5014 = ORIENTED_EDGE('',*,*,#5015,.F.);
#5015 = EDGE_CURVE('',#4936,#4993,#5016,.T.);
#5016 = SURFACE_CURVE('',#5017,(#5021,#5028),.PCURVE_S1.);
#5017 = LINE('',#5018,#5019);
#5018 = CARTESIAN_POINT('',(-10.,-29.41421356237,-5.757359312881));
#5019 = VECTOR('',#5020,1.);
#5020 = DIRECTION('',(0.,0.707106781187,-0.707106781187));
#5021 = PCURVE('',#4950,#5022);
#5022 = DEFINITIONAL_REPRESENTATION('',(#5023),#5027);
#5023 = LINE('',#5024,#5025);
#5024 = CARTESIAN_POINT('',(0.,0.));
#5025 = VECTOR('',#5026,1.);
#5026 = DIRECTION('',(1.,0.));
#5027 = ( GEOMETRIC_REPRESENTATION_CONTEXT(2) 
PARAMETRIC_REPRESENTATION_CONTEXT() REPRESENTATION_CONTEXT('2D SPACE',''
  ) );
#5028 = PCURVE('',#4248,#5029);
#5029 = DEFINITIONAL_REPRESENTATION('',(#5030),#5034);
#5030 = LINE('',#5031,#5032);
#5031 = CARTESIAN_POINT('',(0.,0.));
#5032 = VECTOR('',#5033,1.);
#5033 = DIRECTION('',(1.,0.));
#5034 = ( GEOMETRIC_REPRESENTATION_CONTEXT(2) 
PARAMETRIC_REPRESENTATION_CONTEXT() REPRESENTATION_CONTEXT('2D SPACE',''
  ) );
#5035 = ORIENTED_EDGE('',*,*,#4935,.F.);
#5036 = ADVANCED_FACE('',(#5037),#4276,.F.);
#5037 = FACE_BOUND('',#5038,.F.);
#5038 = EDGE_LOOP('',(#5039,#5040,#5070,#5096,#5147));
#5039 = ORIENTED_EDGE('',*,*,#4259,.F.);
#5040 = ORIENTED_EDGE('',*,*,#5041,.T.);
#5041 = EDGE_CURVE('',#4231,#5042,#5044,.T.);
#5042 = VERTEX_POINT('',#5043);
#5043 = CARTESIAN_POINT('',(10.,-25.37511905031,-9.796453824935));
#5044 = SURFACE_CURVE('',#5045,(#5050,#5063),.PCURVE_S1.);
#5045 = ELLIPSE('',#5046,4.666904755831,3.3);
#5046 = AXIS2_PLACEMENT_3D('',#5047,#5048,#5049);
#5047 = CARTESIAN_POINT('',(8.,-28.,-7.171572875254));
#5048 = DIRECTION('',(0.,-0.707106781187,-0.707106781187));
#5049 = DIRECTION('',(0.,-0.707106781187,0.707106781187));
#5050 = PCURVE('',#4276,#5051);
#5051 = DEFINITIONAL_REPRESENTATION('',(#5052),#5062);
#5052 = B_SPLINE_CURVE_WITH_KNOTS('',8,(#5053,#5054,#5055,#5056,#5057,
    #5058,#5059,#5060,#5061),.UNSPECIFIED.,.F.,.F.,(9,9),(2.15804009074,
    4.12514521644),.PIECEWISE_BEZIER_KNOTS.);
#5053 = CARTESIAN_POINT('',(2.554348889645,31.0000006));
#5054 = CARTESIAN_POINT('',(2.308460748932,30.324507950546));
#5055 = CARTESIAN_POINT('',(2.06257260822,29.775356292917));
#5056 = CARTESIAN_POINT('',(1.816684467502,29.414780626192));
#5057 = CARTESIAN_POINT('',(1.570796326794,29.288711917558));
#5058 = CARTESIAN_POINT('',(1.324908186078,29.414780626209));
#5059 = CARTESIAN_POINT('',(1.07902004537,29.775356292918));
#5060 = CARTESIAN_POINT('',(0.833131904657,30.324507950546));
#5061 = CARTESIAN_POINT('',(0.587243763945,31.0000006));
#5062 = ( GEOMETRIC_REPRESENTATION_CONTEXT(2) 
PARAMETRIC_REPRESENTATION_CONTEXT() REPRESENTATION_CONTEXT('2D SPACE',''
  ) );
#5063 = PCURVE('',#4248,#5064);
#5064 = DEFINITIONAL_REPRESENTATION('',(#5065),#5069);
#5065 = ELLIPSE('',#5066,4.666904755831,3.3);
#5066 = AXIS2_PLACEMENT_2D('',#5067,#5068);
#5067 = CARTESIAN_POINT('',(2.,18.));
#5068 = DIRECTION('',(-1.,0.));
#5069 = ( GEOMETRIC_REPRESENTATION_CONTEXT(2) 
PARAMETRIC_REPRESENTATION_CONTEXT() REPRESENTATION_CONTEXT('2D SPACE',''
  ) );
#5070 = ORIENTED_EDGE('',*,*,#5071,.F.);
#5071 = EDGE_CURVE('',#5072,#5042,#5074,.T.);
#5072 = VERTEX_POINT('',#5073);
#5073 = CARTESIAN_POINT('',(10.,-25.37511905031,-13.03197329981));
#5074 = SURFACE_CURVE('',#5075,(#5079,#5085),.PCURVE_S1.);
#5075 = LINE('',#5076,#5077);
#5076 = CARTESIAN_POINT('',(10.,-25.37511905031,-40.));
#5077 = VECTOR('',#5078,1.);
#5078 = DIRECTION('',(0.,0.,1.));
#5079 = PCURVE('',#4276,#5080);
#5080 = DEFINITIONAL_REPRESENTATION('',(#5081),#5084);
#5081 = B_SPLINE_CURVE_WITH_KNOTS('',1,(#5082,#5083),.UNSPECIFIED.,.F.,
  .F.,(2,2),(25.83665585029,31.0000006),.PIECEWISE_BEZIER_KNOTS.);
#5082 = CARTESIAN_POINT('',(0.919697741824,25.83665585029));
#5083 = CARTESIAN_POINT('',(0.919697741824,31.0000006));
#5084 = ( GEOMETRIC_REPRESENTATION_CONTEXT(2) 
PARAMETRIC_REPRESENTATION_CONTEXT() REPRESENTATION_CONTEXT('2D SPACE',''
  ) );
#5085 = PCURVE('',#5086,#5091);
#5086 = PLANE('',#5087);
#5087 = AXIS2_PLACEMENT_3D('',#5088,#5089,#5090);
#5088 = CARTESIAN_POINT('',(10.,-29.41421356237,-5.757359312881));
#5089 = DIRECTION('',(1.,0.,0.));
#5090 = DIRECTION('',(0.,0.707106781187,-0.707106781187));
#5091 = DEFINITIONAL_REPRESENTATION('',(#5092),#5095);
#5092 = B_SPLINE_CURVE_WITH_KNOTS('',1,(#5093,#5094),.UNSPECIFIED.,.F.,
  .F.,(2,2),(25.83665585029,31.0000006),.PIECEWISE_BEZIER_KNOTS.);
#5093 = CARTESIAN_POINT('',(8.8,-3.087857761346));
#5094 = CARTESIAN_POINT('',(5.148963913876,0.563178324778));
#5095 = ( GEOMETRIC_REPRESENTATION_CONTEXT(2) 
PARAMETRIC_REPRESENTATION_CONTEXT() REPRESENTATION_CONTEXT('2D SPACE',''
  ) );
#5096 = ORIENTED_EDGE('',*,*,#5097,.F.);
#5097 = EDGE_CURVE('',#5098,#5072,#5100,.T.);
#5098 = VERTEX_POINT('',#5099);
#5099 = CARTESIAN_POINT('',(10.,-30.62488094968,-18.28173519917));
#5100 = SURFACE_CURVE('',#5101,(#5106,#5140),.PCURVE_S1.);
#5101 = ELLIPSE('',#5102,4.666904755831,3.3);
#5102 = AXIS2_PLACEMENT_3D('',#5103,#5104,#5105);
#5103 = CARTESIAN_POINT('',(8.,-28.,-15.65685424949));
#5104 = DIRECTION('',(0.,0.707106781187,-0.707106781187));
#5105 = DIRECTION('',(0.,0.707106781187,0.707106781187));
#5106 = PCURVE('',#4276,#5107);
#5107 = DEFINITIONAL_REPRESENTATION('',(#5108),#5139);
#5108 = B_SPLINE_CURVE_WITH_KNOTS('',8,(#5109,#5110,#5111,#5112,#5113,
    #5114,#5115,#5116,#5117,#5118,#5119,#5120,#5121,#5122,#5123,#5124,
    #5125,#5126,#5127,#5128,#5129,#5130,#5131,#5132,#5133,#5134,#5135,
    #5136,#5137,#5138),.UNSPECIFIED.,.F.,.F.,(9,7,7,7,9),(1.570796326795
    ,3.14159265359,4.319689898686,6.08683576633,7.853981633974),
  .UNSPECIFIED.);
#5109 = CARTESIAN_POINT('',(6.28318530718,24.343145750508));
#5110 = CARTESIAN_POINT('',(6.08683576633,23.695192265705));
#5111 = CARTESIAN_POINT('',(5.890486225481,23.047238627062));
#5112 = CARTESIAN_POINT('',(5.694136684633,22.43735198845));
#5113 = CARTESIAN_POINT('',(5.497787143782,21.903591873656));
#5114 = CARTESIAN_POINT('',(5.301437602935,21.479346197532));
#5115 = CARTESIAN_POINT('',(5.105088062084,21.188546311266));
#5116 = CARTESIAN_POINT('',(4.908738521234,21.043145750508));
#5117 = CARTESIAN_POINT('',(4.565126824748,21.043145750508));
#5118 = CARTESIAN_POINT('',(4.417864669111,21.124933781768));
#5119 = CARTESIAN_POINT('',(4.270602513474,21.288507829499));
#5120 = CARTESIAN_POINT('',(4.123340357836,21.530090101917));
#5121 = CARTESIAN_POINT('',(3.976078202199,21.842102733017));
#5122 = CARTESIAN_POINT('',(3.828816046563,22.213643068602));
#5123 = CARTESIAN_POINT('',(3.681553890926,22.631317201731));
#5124 = CARTESIAN_POINT('',(3.313398501833,23.75375025666));
#5125 = CARTESIAN_POINT('',(3.092505268377,24.497632956822));
#5126 = CARTESIAN_POINT('',(2.87161203493,25.261860180668));
#5127 = CARTESIAN_POINT('',(2.65071880147,25.989049498709));
#5128 = CARTESIAN_POINT('',(2.429825568018,26.622222597392));
#5129 = CARTESIAN_POINT('',(2.208932334556,27.114828926586));
#5130 = CARTESIAN_POINT('',(1.9880391011,27.437526540086));
#5131 = CARTESIAN_POINT('',(1.546252634189,27.72194781159));
#5132 = CARTESIAN_POINT('',(1.325359400735,27.683671627058));
#5133 = CARTESIAN_POINT('',(1.104466167287,27.454338002707));
#5134 = CARTESIAN_POINT('',(0.88357293383,27.042147893175));
#5135 = CARTESIAN_POINT('',(0.662679700376,26.475787177247));
#5136 = CARTESIAN_POINT('',(0.441786466913,25.801041494786));
#5137 = CARTESIAN_POINT('',(0.220893233456,25.072093420911));
#5138 = CARTESIAN_POINT('',(9.769962616701E-15,24.343145750508));
#5139 = ( GEOMETRIC_REPRESENTATION_CONTEXT(2) 
PARAMETRIC_REPRESENTATION_CONTEXT() REPRESENTATION_CONTEXT('2D SPACE',''
  ) );
#5140 = PCURVE('',#3831,#5141);
#5141 = DEFINITIONAL_REPRESENTATION('',(#5142),#5146);
#5142 = ELLIPSE('',#5143,4.666904755831,3.3);
#5143 = AXIS2_PLACEMENT_2D('',#5144,#5145);
#5144 = CARTESIAN_POINT('',(18.,6.));
#5145 = DIRECTION('',(0.,-1.));
#5146 = ( GEOMETRIC_REPRESENTATION_CONTEXT(2) 
PARAMETRIC_REPRESENTATION_CONTEXT() REPRESENTATION_CONTEXT('2D SPACE',''
  ) );
#5147 = ORIENTED_EDGE('',*,*,#5148,.T.);
#5148 = EDGE_CURVE('',#5098,#4260,#5149,.T.);
#5149 = SURFACE_CURVE('',#5150,(#5154,#5160),.PCURVE_S1.);
#5150 = LINE('',#5151,#5152);
#5151 = CARTESIAN_POINT('',(10.,-30.62488094968,-40.));
#5152 = VECTOR('',#5153,1.);
#5153 = DIRECTION('',(0.,0.,1.));
#5154 = PCURVE('',#4276,#5155);
#5155 = DEFINITIONAL_REPRESENTATION('',(#5156),#5159);
#5156 = B_SPLINE_CURVE_WITH_KNOTS('',1,(#5157,#5158),.UNSPECIFIED.,.F.,
  .F.,(2,2),(20.586893950928,31.0000006),.PIECEWISE_BEZIER_KNOTS.);
#5157 = CARTESIAN_POINT('',(5.363487565356,20.586893950928));
#5158 = CARTESIAN_POINT('',(5.363487565356,31.0000006));
#5159 = ( GEOMETRIC_REPRESENTATION_CONTEXT(2) 
PARAMETRIC_REPRESENTATION_CONTEXT() REPRESENTATION_CONTEXT('2D SPACE',''
  ) );
#5160 = PCURVE('',#3907,#5161);
#5161 = DEFINITIONAL_REPRESENTATION('',(#5162),#5165);
#5162 = B_SPLINE_CURVE_WITH_KNOTS('',1,(#5163,#5164),.UNSPECIFIED.,.F.,
  .F.,(2,2),(20.586893950928,31.0000006),.PIECEWISE_BEZIER_KNOTS.);
#5163 = CARTESIAN_POINT('',(8.8,-10.51214223865));
#5164 = CARTESIAN_POINT('',(1.436821675222,-3.148963913876));
#5165 = ( GEOMETRIC_REPRESENTATION_CONTEXT(2) 
PARAMETRIC_REPRESENTATION_CONTEXT() REPRESENTATION_CONTEXT('2D SPACE',''
  ) );
#5166 = ADVANCED_FACE('',(#5167),#5086,.T.);
#5167 = FACE_BOUND('',#5168,.T.);
#5168 = EDGE_LOOP('',(#5169,#5192,#5213));
#5169 = ORIENTED_EDGE('',*,*,#5170,.F.);
#5170 = EDGE_CURVE('',#5171,#5072,#5173,.T.);
#5171 = VERTEX_POINT('',#5172);
#5172 = CARTESIAN_POINT('',(10.,-23.75735931288,-11.41421356237));
#5173 = SURFACE_CURVE('',#5174,(#5178,#5185),.PCURVE_S1.);
#5174 = LINE('',#5175,#5176);
#5175 = CARTESIAN_POINT('',(10.,-23.75735931288,-11.41421356237));
#5176 = VECTOR('',#5177,1.);
#5177 = DIRECTION('',(0.,-0.707106781187,-0.707106781187));
#5178 = PCURVE('',#5086,#5179);
#5179 = DEFINITIONAL_REPRESENTATION('',(#5180),#5184);
#5180 = LINE('',#5181,#5182);
#5181 = CARTESIAN_POINT('',(8.,0.));
#5182 = VECTOR('',#5183,1.);
#5183 = DIRECTION('',(0.,-1.));
#5184 = ( GEOMETRIC_REPRESENTATION_CONTEXT(2) 
PARAMETRIC_REPRESENTATION_CONTEXT() REPRESENTATION_CONTEXT('2D SPACE',''
  ) );
#5185 = PCURVE('',#3831,#5186);
#5186 = DEFINITIONAL_REPRESENTATION('',(#5187),#5191);
#5187 = LINE('',#5188,#5189);
#5188 = CARTESIAN_POINT('',(20.,0.));
#5189 = VECTOR('',#5190,1.);
#5190 = DIRECTION('',(0.,1.));
#5191 = ( GEOMETRIC_REPRESENTATION_CONTEXT(2) 
PARAMETRIC_REPRESENTATION_CONTEXT() REPRESENTATION_CONTEXT('2D SPACE',''
  ) );
#5192 = ORIENTED_EDGE('',*,*,#5193,.F.);
#5193 = EDGE_CURVE('',#5042,#5171,#5194,.T.);
#5194 = SURFACE_CURVE('',#5195,(#5199,#5206),.PCURVE_S1.);
#5195 = LINE('',#5196,#5197);
#5196 = CARTESIAN_POINT('',(10.,-29.41421356237,-5.757359312881));
#5197 = VECTOR('',#5198,1.);
#5198 = DIRECTION('',(0.,0.707106781187,-0.707106781187));
#5199 = PCURVE('',#5086,#5200);
#5200 = DEFINITIONAL_REPRESENTATION('',(#5201),#5205);
#5201 = LINE('',#5202,#5203);
#5202 = CARTESIAN_POINT('',(0.,0.));
#5203 = VECTOR('',#5204,1.);
#5204 = DIRECTION('',(1.,0.));
#5205 = ( GEOMETRIC_REPRESENTATION_CONTEXT(2) 
PARAMETRIC_REPRESENTATION_CONTEXT() REPRESENTATION_CONTEXT('2D SPACE',''
  ) );
#5206 = PCURVE('',#4248,#5207);
#5207 = DEFINITIONAL_REPRESENTATION('',(#5208),#5212);
#5208 = LINE('',#5209,#5210);
#5209 = CARTESIAN_POINT('',(0.,20.));
#5210 = VECTOR('',#5211,1.);
#5211 = DIRECTION('',(1.,0.));
#5212 = ( GEOMETRIC_REPRESENTATION_CONTEXT(2) 
PARAMETRIC_REPRESENTATION_CONTEXT() REPRESENTATION_CONTEXT('2D SPACE',''
  ) );
#5213 = ORIENTED_EDGE('',*,*,#5071,.F.);
#5214 = ADVANCED_FACE('',(#5215),#4248,.F.);
#5215 = FACE_BOUND('',#5216,.F.);
#5216 = EDGE_LOOP('',(#5217,#5218,#5219,#5220,#5221,#5222));
#5217 = ORIENTED_EDGE('',*,*,#5193,.F.);
#5218 = ORIENTED_EDGE('',*,*,#5041,.F.);
#5219 = ORIENTED_EDGE('',*,*,#4230,.T.);
#5220 = ORIENTED_EDGE('',*,*,#4961,.F.);
#5221 = ORIENTED_EDGE('',*,*,#5015,.T.);
#5222 = ORIENTED_EDGE('',*,*,#5223,.T.);
#5223 = EDGE_CURVE('',#4993,#5171,#5224,.T.);
#5224 = SURFACE_CURVE('',#5225,(#5229,#5236),.PCURVE_S1.);
#5225 = LINE('',#5226,#5227);
#5226 = CARTESIAN_POINT('',(-10.,-23.75735931288,-11.41421356237));
#5227 = VECTOR('',#5228,1.);
#5228 = DIRECTION('',(1.,0.,0.));
#5229 = PCURVE('',#4248,#5230);
#5230 = DEFINITIONAL_REPRESENTATION('',(#5231),#5235);
#5231 = LINE('',#5232,#5233);
#5232 = CARTESIAN_POINT('',(8.,0.));
#5233 = VECTOR('',#5234,1.);
#5234 = DIRECTION('',(0.,1.));
#5235 = ( GEOMETRIC_REPRESENTATION_CONTEXT(2) 
PARAMETRIC_REPRESENTATION_CONTEXT() REPRESENTATION_CONTEXT('2D SPACE',''
  ) );
#5236 = PCURVE('',#3831,#5237);
#5237 = DEFINITIONAL_REPRESENTATION('',(#5238),#5242);
#5238 = LINE('',#5239,#5240);
#5239 = CARTESIAN_POINT('',(0.,0.));
#5240 = VECTOR('',#5241,1.);
#5241 = DIRECTION('',(1.,0.));
#5242 = ( GEOMETRIC_REPRESENTATION_CONTEXT(2) 
PARAMETRIC_REPRESENTATION_CONTEXT() REPRESENTATION_CONTEXT('2D SPACE',''
  ) );
#5243 = ADVANCED_FACE('',(#5244),#4216,.T.);
#5244 = FACE_BOUND('',#5245,.F.);
#5245 = EDGE_LOOP('',(#5246,#5247,#5268,#5269));
#5246 = ORIENTED_EDGE('',*,*,#4197,.T.);
#5247 = ORIENTED_EDGE('',*,*,#5248,.T.);
#5248 = EDGE_CURVE('',#4170,#4677,#5249,.T.);
#5249 = SURFACE_CURVE('',#5250,(#5254,#5261),.PCURVE_S1.);
#5250 = LINE('',#5251,#5252);
#5251 = CARTESIAN_POINT('',(-15.,-32.,-9.));
#5252 = VECTOR('',#5253,1.);
#5253 = DIRECTION('',(0.,0.,1.));
#5254 = PCURVE('',#4216,#5255);
#5255 = DEFINITIONAL_REPRESENTATION('',(#5256),#5260);
#5256 = LINE('',#5257,#5258);
#5257 = CARTESIAN_POINT('',(-1.570796326795,0.));
#5258 = VECTOR('',#5259,1.);
#5259 = DIRECTION('',(-0.,1.));
#5260 = ( GEOMETRIC_REPRESENTATION_CONTEXT(2) 
PARAMETRIC_REPRESENTATION_CONTEXT() REPRESENTATION_CONTEXT('2D SPACE',''
  ) );
#5261 = PCURVE('',#4185,#5262);
#5262 = DEFINITIONAL_REPRESENTATION('',(#5263),#5267);
#5263 = LINE('',#5264,#5265);
#5264 = CARTESIAN_POINT('',(10.,0.));
#5265 = VECTOR('',#5266,1.);
#5266 = DIRECTION('',(0.,-1.));
#5267 = ( GEOMETRIC_REPRESENTATION_CONTEXT(2) 
PARAMETRIC_REPRESENTATION_CONTEXT() REPRESENTATION_CONTEXT('2D SPACE',''
  ) );
#5268 = ORIENTED_EDGE('',*,*,#4699,.F.);
#5269 = ORIENTED_EDGE('',*,*,#5270,.F.);
#5270 = EDGE_CURVE('',#3997,#4534,#5271,.T.);
#5271 = SURFACE_CURVE('',#5272,(#5276,#5283),.PCURVE_S1.);
#5272 = LINE('',#5273,#5274);
#5273 = CARTESIAN_POINT('',(-13.,-34.,-9.));
#5274 = VECTOR('',#5275,1.);
#5275 = DIRECTION('',(0.,0.,1.));
#5276 = PCURVE('',#4216,#5277);
#5277 = DEFINITIONAL_REPRESENTATION('',(#5278),#5282);
#5278 = LINE('',#5279,#5280);
#5279 = CARTESIAN_POINT('',(-0.,0.));
#5280 = VECTOR('',#5281,1.);
#5281 = DIRECTION('',(-0.,1.));
#5282 = ( GEOMETRIC_REPRESENTATION_CONTEXT(2) 
PARAMETRIC_REPRESENTATION_CONTEXT() REPRESENTATION_CONTEXT('2D SPACE',''
  ) );
#5283 = PCURVE('',#4014,#5284);
#5284 = DEFINITIONAL_REPRESENTATION('',(#5285),#5289);
#5285 = LINE('',#5286,#5287);
#5286 = CARTESIAN_POINT('',(2.,0.));
#5287 = VECTOR('',#5288,1.);
#5288 = DIRECTION('',(0.,-1.));
#5289 = ( GEOMETRIC_REPRESENTATION_CONTEXT(2) 
PARAMETRIC_REPRESENTATION_CONTEXT() REPRESENTATION_CONTEXT('2D SPACE',''
  ) );
#5290 = ADVANCED_FACE('',(#5291),#4185,.F.);
#5291 = FACE_BOUND('',#5292,.F.);
#5292 = EDGE_LOOP('',(#5293,#5294,#5315,#5316));
#5293 = ORIENTED_EDGE('',*,*,#4169,.F.);
#5294 = ORIENTED_EDGE('',*,*,#5295,.T.);
#5295 = EDGE_CURVE('',#4141,#4653,#5296,.T.);
#5296 = SURFACE_CURVE('',#5297,(#5301,#5308),.PCURVE_S1.);
#5297 = LINE('',#5298,#5299);
#5298 = CARTESIAN_POINT('',(-15.,-24.,-9.));
#5299 = VECTOR('',#5300,1.);
#5300 = DIRECTION('',(0.,0.,1.));
#5301 = PCURVE('',#4185,#5302);
#5302 = DEFINITIONAL_REPRESENTATION('',(#5303),#5307);
#5303 = LINE('',#5304,#5305);
#5304 = CARTESIAN_POINT('',(2.,0.));
#5305 = VECTOR('',#5306,1.);
#5306 = DIRECTION('',(0.,-1.));
#5307 = ( GEOMETRIC_REPRESENTATION_CONTEXT(2) 
PARAMETRIC_REPRESENTATION_CONTEXT() REPRESENTATION_CONTEXT('2D SPACE',''
  ) );
#5308 = PCURVE('',#4157,#5309);
#5309 = DEFINITIONAL_REPRESENTATION('',(#5310),#5314);
#5310 = LINE('',#5311,#5312);
#5311 = CARTESIAN_POINT('',(1.570796326795,0.));
#5312 = VECTOR('',#5313,1.);
#5313 = DIRECTION('',(0.,1.));
#5314 = ( GEOMETRIC_REPRESENTATION_CONTEXT(2) 
PARAMETRIC_REPRESENTATION_CONTEXT() REPRESENTATION_CONTEXT('2D SPACE',''
  ) );
#5315 = ORIENTED_EDGE('',*,*,#4676,.T.);
#5316 = ORIENTED_EDGE('',*,*,#5248,.F.);
#5317 = ADVANCED_FACE('',(#5318),#4157,.T.);
#5318 = FACE_BOUND('',#5319,.T.);
#5319 = EDGE_LOOP('',(#5320,#5321,#5322,#5323));
#5320 = ORIENTED_EDGE('',*,*,#4140,.T.);
#5321 = ORIENTED_EDGE('',*,*,#5295,.T.);
#5322 = ORIENTED_EDGE('',*,*,#4652,.F.);
#5323 = ORIENTED_EDGE('',*,*,#5324,.F.);
#5324 = EDGE_CURVE('',#4113,#4630,#5325,.T.);
#5325 = SURFACE_CURVE('',#5326,(#5330,#5337),.PCURVE_S1.);
#5326 = LINE('',#5327,#5328);
#5327 = CARTESIAN_POINT('',(-13.,-22.,-9.));
#5328 = VECTOR('',#5329,1.);
#5329 = DIRECTION('',(0.,0.,1.));
#5330 = PCURVE('',#4157,#5331);
#5331 = DEFINITIONAL_REPRESENTATION('',(#5332),#5336);
#5332 = LINE('',#5333,#5334);
#5333 = CARTESIAN_POINT('',(0.,0.));
#5334 = VECTOR('',#5335,1.);
#5335 = DIRECTION('',(0.,1.));
#5336 = ( GEOMETRIC_REPRESENTATION_CONTEXT(2) 
PARAMETRIC_REPRESENTATION_CONTEXT() REPRESENTATION_CONTEXT('2D SPACE',''
  ) );
#5337 = PCURVE('',#4128,#5338);
#5338 = DEFINITIONAL_REPRESENTATION('',(#5339),#5343);
#5339 = LINE('',#5340,#5341);
#5340 = CARTESIAN_POINT('',(28.,0.));
#5341 = VECTOR('',#5342,1.);
#5342 = DIRECTION('',(0.,-1.));
#5343 = ( GEOMETRIC_REPRESENTATION_CONTEXT(2) 
PARAMETRIC_REPRESENTATION_CONTEXT() REPRESENTATION_CONTEXT('2D SPACE',''
  ) );
#5344 = ADVANCED_FACE('',(#5345),#4128,.F.);
#5345 = FACE_BOUND('',#5346,.F.);
#5346 = EDGE_LOOP('',(#5347,#5348,#5369,#5370));
#5347 = ORIENTED_EDGE('',*,*,#4112,.F.);
#5348 = ORIENTED_EDGE('',*,*,#5349,.T.);
#5349 = EDGE_CURVE('',#4084,#4606,#5350,.T.);
#5350 = SURFACE_CURVE('',#5351,(#5355,#5362),.PCURVE_S1.);
#5351 = LINE('',#5352,#5353);
#5352 = CARTESIAN_POINT('',(13.,-22.,-9.));
#5353 = VECTOR('',#5354,1.);
#5354 = DIRECTION('',(0.,0.,1.));
#5355 = PCURVE('',#4128,#5356);
#5356 = DEFINITIONAL_REPRESENTATION('',(#5357),#5361);
#5357 = LINE('',#5358,#5359);
#5358 = CARTESIAN_POINT('',(2.,0.));
#5359 = VECTOR('',#5360,1.);
#5360 = DIRECTION('',(0.,-1.));
#5361 = ( GEOMETRIC_REPRESENTATION_CONTEXT(2) 
PARAMETRIC_REPRESENTATION_CONTEXT() REPRESENTATION_CONTEXT('2D SPACE',''
  ) );
#5362 = PCURVE('',#4100,#5363);
#5363 = DEFINITIONAL_REPRESENTATION('',(#5364),#5368);
#5364 = LINE('',#5365,#5366);
#5365 = CARTESIAN_POINT('',(1.570796326795,0.));
#5366 = VECTOR('',#5367,1.);
#5367 = DIRECTION('',(0.,1.));
#5368 = ( GEOMETRIC_REPRESENTATION_CONTEXT(2) 
PARAMETRIC_REPRESENTATION_CONTEXT() REPRESENTATION_CONTEXT('2D SPACE',''
  ) );
#5369 = ORIENTED_EDGE('',*,*,#4629,.T.);
#5370 = ORIENTED_EDGE('',*,*,#5324,.F.);
#5371 = ADVANCED_FACE('',(#5372),#4100,.T.);
#5372 = FACE_BOUND('',#5373,.T.);
#5373 = EDGE_LOOP('',(#5374,#5375,#5376,#5377));
#5374 = ORIENTED_EDGE('',*,*,#4083,.T.);
#5375 = ORIENTED_EDGE('',*,*,#5349,.T.);
#5376 = ORIENTED_EDGE('',*,*,#4605,.F.);
#5377 = ORIENTED_EDGE('',*,*,#5378,.F.);
#5378 = EDGE_CURVE('',#4056,#4583,#5379,.T.);
#5379 = SURFACE_CURVE('',#5380,(#5384,#5391),.PCURVE_S1.);
#5380 = LINE('',#5381,#5382);
#5381 = CARTESIAN_POINT('',(15.,-24.,-9.));
#5382 = VECTOR('',#5383,1.);
#5383 = DIRECTION('',(0.,0.,1.));
#5384 = PCURVE('',#4100,#5385);
#5385 = DEFINITIONAL_REPRESENTATION('',(#5386),#5390);
#5386 = LINE('',#5387,#5388);
#5387 = CARTESIAN_POINT('',(0.,0.));
#5388 = VECTOR('',#5389,1.);
#5389 = DIRECTION('',(0.,1.));
#5390 = ( GEOMETRIC_REPRESENTATION_CONTEXT(2) 
PARAMETRIC_REPRESENTATION_CONTEXT() REPRESENTATION_CONTEXT('2D SPACE',''
  ) );
#5391 = PCURVE('',#4071,#5392);
#5392 = DEFINITIONAL_REPRESENTATION('',(#5393),#5397);
#5393 = LINE('',#5394,#5395);
#5394 = CARTESIAN_POINT('',(10.,0.));
#5395 = VECTOR('',#5396,1.);
#5396 = DIRECTION('',(0.,-1.));
#5397 = ( GEOMETRIC_REPRESENTATION_CONTEXT(2) 
PARAMETRIC_REPRESENTATION_CONTEXT() REPRESENTATION_CONTEXT('2D SPACE',''
  ) );
#5398 = ADVANCED_FACE('',(#5399),#4071,.F.);
#5399 = FACE_BOUND('',#5400,.F.);
#5400 = EDGE_LOOP('',(#5401,#5402,#5423,#5424));
#5401 = ORIENTED_EDGE('',*,*,#4055,.F.);
#5402 = ORIENTED_EDGE('',*,*,#5403,.T.);
#5403 = EDGE_CURVE('',#4027,#4559,#5404,.T.);
#5404 = SURFACE_CURVE('',#5405,(#5409,#5416),.PCURVE_S1.);
#5405 = LINE('',#5406,#5407);
#5406 = CARTESIAN_POINT('',(15.,-32.,-9.));
#5407 = VECTOR('',#5408,1.);
#5408 = DIRECTION('',(0.,0.,1.));
#5409 = PCURVE('',#4071,#5410);
#5410 = DEFINITIONAL_REPRESENTATION('',(#5411),#5415);
#5411 = LINE('',#5412,#5413);
#5412 = CARTESIAN_POINT('',(2.,0.));
#5413 = VECTOR('',#5414,1.);
#5414 = DIRECTION('',(0.,-1.));
#5415 = ( GEOMETRIC_REPRESENTATION_CONTEXT(2) 
PARAMETRIC_REPRESENTATION_CONTEXT() REPRESENTATION_CONTEXT('2D SPACE',''
  ) );
#5416 = PCURVE('',#4043,#5417);
#5417 = DEFINITIONAL_REPRESENTATION('',(#5418),#5422);
#5418 = LINE('',#5419,#5420);
#5419 = CARTESIAN_POINT('',(1.570796326795,0.));
#5420 = VECTOR('',#5421,1.);
#5421 = DIRECTION('',(0.,1.));
#5422 = ( GEOMETRIC_REPRESENTATION_CONTEXT(2) 
PARAMETRIC_REPRESENTATION_CONTEXT() REPRESENTATION_CONTEXT('2D SPACE',''
  ) );
#5423 = ORIENTED_EDGE('',*,*,#4582,.T.);
#5424 = ORIENTED_EDGE('',*,*,#5378,.F.);
#5425 = ADVANCED_FACE('',(#5426),#4043,.T.);
#5426 = FACE_BOUND('',#5427,.T.);
#5427 = EDGE_LOOP('',(#5428,#5429,#5430,#5431));
#5428 = ORIENTED_EDGE('',*,*,#4026,.T.);
#5429 = ORIENTED_EDGE('',*,*,#5403,.T.);
#5430 = ORIENTED_EDGE('',*,*,#4558,.F.);
#5431 = ORIENTED_EDGE('',*,*,#5432,.F.);
#5432 = EDGE_CURVE('',#3999,#4536,#5433,.T.);
#5433 = SURFACE_CURVE('',#5434,(#5438,#5445),.PCURVE_S1.);
#5434 = LINE('',#5435,#5436);
#5435 = CARTESIAN_POINT('',(13.,-34.,-9.));
#5436 = VECTOR('',#5437,1.);
#5437 = DIRECTION('',(0.,0.,1.));
#5438 = PCURVE('',#4043,#5439);
#5439 = DEFINITIONAL_REPRESENTATION('',(#5440),#5444);
#5440 = LINE('',#5441,#5442);
#5441 = CARTESIAN_POINT('',(0.,0.));
#5442 = VECTOR('',#5443,1.);
#5443 = DIRECTION('',(0.,1.));
#5444 = ( GEOMETRIC_REPRESENTATION_CONTEXT(2) 
PARAMETRIC_REPRESENTATION_CONTEXT() REPRESENTATION_CONTEXT('2D SPACE',''
  ) );
#5445 = PCURVE('',#4014,#5446);
#5446 = DEFINITIONAL_REPRESENTATION('',(#5447),#5451);
#5447 = LINE('',#5448,#5449);
#5448 = CARTESIAN_POINT('',(28.,0.));
#5449 = VECTOR('',#5450,1.);
#5450 = DIRECTION('',(0.,-1.));
#5451 = ( GEOMETRIC_REPRESENTATION_CONTEXT(2) 
PARAMETRIC_REPRESENTATION_CONTEXT() REPRESENTATION_CONTEXT('2D SPACE',''
  ) );
#5452 = ADVANCED_FACE('',(#5453),#4014,.F.);
#5453 = FACE_BOUND('',#5454,.F.);
#5454 = EDGE_LOOP('',(#5455,#5456,#5457,#5458));
#5455 = ORIENTED_EDGE('',*,*,#3996,.F.);
#5456 = ORIENTED_EDGE('',*,*,#5270,.T.);
#5457 = ORIENTED_EDGE('',*,*,#4533,.T.);
#5458 = ORIENTED_EDGE('',*,*,#5432,.F.);
#5459 = ADVANCED_FACE('',(#5460),#3907,.T.);
#5460 = FACE_BOUND('',#5461,.T.);
#5461 = EDGE_LOOP('',(#5462,#5483,#5484,#5485,#5486));
#5462 = ORIENTED_EDGE('',*,*,#5463,.F.);
#5463 = EDGE_CURVE('',#5098,#3817,#5464,.T.);
#5464 = SURFACE_CURVE('',#5465,(#5469,#5476),.PCURVE_S1.);
#5465 = LINE('',#5466,#5467);
#5466 = CARTESIAN_POINT('',(10.,-23.75735931288,-11.41421356237));
#5467 = VECTOR('',#5468,1.);
#5468 = DIRECTION('',(0.,-0.707106781187,-0.707106781187));
#5469 = PCURVE('',#3907,#5470);
#5470 = DEFINITIONAL_REPRESENTATION('',(#5471),#5475);
#5471 = LINE('',#5472,#5473);
#5472 = CARTESIAN_POINT('',(8.,0.));
#5473 = VECTOR('',#5474,1.);
#5474 = DIRECTION('',(0.,-1.));
#5475 = ( GEOMETRIC_REPRESENTATION_CONTEXT(2) 
PARAMETRIC_REPRESENTATION_CONTEXT() REPRESENTATION_CONTEXT('2D SPACE',''
  ) );
#5476 = PCURVE('',#3831,#5477);
#5477 = DEFINITIONAL_REPRESENTATION('',(#5478),#5482);
#5478 = LINE('',#5479,#5480);
#5479 = CARTESIAN_POINT('',(20.,0.));
#5480 = VECTOR('',#5481,1.);
#5481 = DIRECTION('',(0.,1.));
#5482 = ( GEOMETRIC_REPRESENTATION_CONTEXT(2) 
PARAMETRIC_REPRESENTATION_CONTEXT() REPRESENTATION_CONTEXT('2D SPACE',''
  ) );
#5483 = ORIENTED_EDGE('',*,*,#5148,.T.);
#5484 = ORIENTED_EDGE('',*,*,#4288,.T.);
#5485 = ORIENTED_EDGE('',*,*,#3971,.T.);
#5486 = ORIENTED_EDGE('',*,*,#3894,.F.);
#5487 = ADVANCED_FACE('',(#5488),#3857,.F.);
#5488 = FACE_BOUND('',#5489,.F.);
#5489 = EDGE_LOOP('',(#5490,#5511,#5512,#5513,#5514));
#5490 = ORIENTED_EDGE('',*,*,#5491,.F.);
#5491 = EDGE_CURVE('',#4841,#3815,#5492,.T.);
#5492 = SURFACE_CURVE('',#5493,(#5497,#5504),.PCURVE_S1.);
#5493 = LINE('',#5494,#5495);
#5494 = CARTESIAN_POINT('',(-10.,-23.75735931288,-11.41421356237));
#5495 = VECTOR('',#5496,1.);
#5496 = DIRECTION('',(0.,-0.707106781187,-0.707106781187));
#5497 = PCURVE('',#3857,#5498);
#5498 = DEFINITIONAL_REPRESENTATION('',(#5499),#5503);
#5499 = LINE('',#5500,#5501);
#5500 = CARTESIAN_POINT('',(8.,0.));
#5501 = VECTOR('',#5502,1.);
#5502 = DIRECTION('',(0.,-1.));
#5503 = ( GEOMETRIC_REPRESENTATION_CONTEXT(2) 
PARAMETRIC_REPRESENTATION_CONTEXT() REPRESENTATION_CONTEXT('2D SPACE',''
  ) );
#5504 = PCURVE('',#3831,#5505);
#5505 = DEFINITIONAL_REPRESENTATION('',(#5506),#5510);
#5506 = LINE('',#5507,#5508);
#5507 = CARTESIAN_POINT('',(0.,0.));
#5508 = VECTOR('',#5509,1.);
#5509 = DIRECTION('',(0.,1.));
#5510 = ( GEOMETRIC_REPRESENTATION_CONTEXT(2) 
PARAMETRIC_REPRESENTATION_CONTEXT() REPRESENTATION_CONTEXT('2D SPACE',''
  ) );
#5511 = ORIENTED_EDGE('',*,*,#4840,.T.);
#5512 = ORIENTED_EDGE('',*,*,#4309,.T.);
#5513 = ORIENTED_EDGE('',*,*,#3921,.T.);
#5514 = ORIENTED_EDGE('',*,*,#3842,.F.);
#5515 = ADVANCED_FACE('',(#5516),#3831,.T.);
#5516 = FACE_BOUND('',#5517,.T.);
#5517 = EDGE_LOOP('',(#5518,#5519,#5520,#5521,#5522,#5523,#5524,#5525,
    #5526));
#5518 = ORIENTED_EDGE('',*,*,#4992,.F.);
#5519 = ORIENTED_EDGE('',*,*,#5223,.T.);
#5520 = ORIENTED_EDGE('',*,*,#5170,.T.);
#5521 = ORIENTED_EDGE('',*,*,#5097,.F.);
#5522 = ORIENTED_EDGE('',*,*,#5463,.T.);
#5523 = ORIENTED_EDGE('',*,*,#3814,.F.);
#5524 = ORIENTED_EDGE('',*,*,#5491,.F.);
#5525 = ORIENTED_EDGE('',*,*,#4861,.F.);
#5526 = ORIENTED_EDGE('',*,*,#4898,.F.);
#5527 = ( GEOMETRIC_REPRESENTATION_CONTEXT(3) 
GLOBAL_UNCERTAINTY_ASSIGNED_CONTEXT((#5531)) 
GLOBAL_UNIT_ASSIGNED_CONTEXT((#5528,#5529,#5530)) REPRESENTATION_CONTEXT
('Context #1','3D Context with UNIT and UNCERTAINTY') );
#5528 = ( LENGTH_UNIT() NAMED_UNIT(*) SI_UNIT(.MILLI.,.METRE.) );
#5529 = ( NAMED_UNIT(*) PLANE_ANGLE_UNIT() SI_UNIT($,.RADIAN.) );
#5530 = ( NAMED_UNIT(*) SI_UNIT($,.STERADIAN.) SOLID_ANGLE_UNIT() );
#5531 = UNCERTAINTY_MEASURE_WITH_UNIT(LENGTH_MEASURE(5.E-04),#5528,
  'distance_accuracy_value','confusion accuracy');
#5532 = PRODUCT_RELATED_PRODUCT_CATEGORY('part',$,(#7));
ENDSEC;
END-ISO-10303-21;
