ISO-10303-21;
HEADER;
FILE_DESCRIPTION(('Open CASCADE Model'),'2;1');
FILE_NAME('Open CASCADE Shape Model','2026-09-12T18:02:12',('Author'),(
    'Open CASCADE'),'Open CASCADE STEP processor 7.9','Open CASCADE 7.9'
  ,'Unknown');
FILE_SCHEMA(('AUTOMOTIVE_DESIGN { 1 0 10303 214 1 1 1 1 }'));
ENDSEC;
DATA;
#1 = APPLICATION_PROTOCOL_DEFINITION('international standard',
  'automotive_design',2000,#2);
#2 = APPLICATION_CONTEXT(
  'core data for automotive mechanical design processes');
#3 = SHAPE_DEFINITION_REPRESENTATION(#4,#10);
#4 = PRODUCT_DEFINITION_SHAPE('','',#5);
#5 = PRODUCT_DEFINITION('design','',#6,#9);
#6 = PRODUCT_DEFINITION_FORMATION('','',#7);
#7 = PRODUCT('Open CASCADE STEP translator 7.9 1',
  'Open CASCADE STEP translator 7.9 1','',(#8));
#8 = PRODUCT_CONTEXT('',#2,'mechanical');
#9 = PRODUCT_DEFINITION_CONTEXT('part definition',#2,'design');
#10 = ADVANCED_BREP_SHAPE_REPRESENTATION('',(#11,#15),#6933);
#11 = AXIS2_PLACEMENT_3D('',#12,#13,#14);
#12 = CARTESIAN_POINT('',(0.,0.,0.));
#13 = DIRECTION('',(0.,0.,1.));
#14 = DIRECTION('',(1.,0.,-0.));
#15 = MANIFOLD_SOLID_BREP('',#16);
#16 = CLOSED_SHELL('',(#17,#137,#213,#536,#585,#664,#671,#698,#725,#799,
    #846,#893,#918,#987,#1034,#1081,#1106,#1233,#1309,#1358,#1407,#1434,
    #1547,#1690,#1868,#1979,#2006,#3221,#3277,#3843,#3870,#4372,#4492,
    #4525,#4552,#4579,#4818,#4845,#5034,#5273,#5300,#5489,#5625,#5652,
    #5699,#5780,#5916,#5963,#6064,#6071,#6104,#6137,#6273,#6328,#6355,
    #6436,#6572,#6627,#6654,#6735,#6760,#6785,#6818,#6825,#6858,#6865,
    #6892,#6899,#6926));
#17 = ADVANCED_FACE('',(#18),#32,.F.);
#18 = FACE_BOUND('',#19,.F.);
#19 = EDGE_LOOP('',(#20,#55,#83,#111));
#20 = ORIENTED_EDGE('',*,*,#21,.F.);
#21 = EDGE_CURVE('',#22,#24,#26,.T.);
#22 = VERTEX_POINT('',#23);
#23 = CARTESIAN_POINT('',(-28.,-12.,0.));
#24 = VERTEX_POINT('',#25);
#25 = CARTESIAN_POINT('',(-28.,-12.,6.));
#26 = SURFACE_CURVE('',#27,(#31,#43),.PCURVE_S1.);
#27 = LINE('',#28,#29);
#28 = CARTESIAN_POINT('',(-28.,-12.,0.));
#29 = VECTOR('',#30,1.);
#30 = DIRECTION('',(0.,0.,1.));
#31 = PCURVE('',#32,#37);
#32 = PLANE('',#33);
#33 = AXIS2_PLACEMENT_3D('',#34,#35,#36);
#34 = CARTESIAN_POINT('',(-28.,-12.,0.));
#35 = DIRECTION('',(1.,0.,0.));
#36 = DIRECTION('',(0.,0.,1.));
#37 = DEFINITIONAL_REPRESENTATION('',(#38),#42);
#38 = LINE('',#39,#40);
#39 = CARTESIAN_POINT('',(0.,0.));
#40 = VECTOR('',#41,1.);
#41 = DIRECTION('',(1.,0.));
#42 = ( GEOMETRIC_REPRESENTATION_CONTEXT(2) 
PARAMETRIC_REPRESENTATION_CONTEXT() REPRESENTATION_CONTEXT('2D SPACE',''
  ) );
#43 = PCURVE('',#44,#49);
#44 = PLANE('',#45);
#45 = AXIS2_PLACEMENT_3D('',#46,#47,#48);
#46 = CARTESIAN_POINT('',(-28.,-12.,0.));
#47 = DIRECTION('',(0.,1.,0.));
#48 = DIRECTION('',(0.,0.,1.));
#49 = DEFINITIONAL_REPRESENTATION('',(#50),#54);
#50 = LINE('',#51,#52);
#51 = CARTESIAN_POINT('',(0.,0.));
#52 = VECTOR('',#53,1.);
#53 = DIRECTION('',(1.,0.));
#54 = ( GEOMETRIC_REPRESENTATION_CONTEXT(2) 
PARAMETRIC_REPRESENTATION_CONTEXT() REPRESENTATION_CONTEXT('2D SPACE',''
  ) );
#55 = ORIENTED_EDGE('',*,*,#56,.T.);
#56 = EDGE_CURVE('',#22,#57,#59,.T.);
#57 = VERTEX_POINT('',#58);
#58 = CARTESIAN_POINT('',(-28.,12.,0.));
#59 = SURFACE_CURVE('',#60,(#64,#71),.PCURVE_S1.);
#60 = LINE('',#61,#62);
#61 = CARTESIAN_POINT('',(-28.,-12.,0.));
#62 = VECTOR('',#63,1.);
#63 = DIRECTION('',(0.,1.,0.));
#64 = PCURVE('',#32,#65);
#65 = DEFINITIONAL_REPRESENTATION('',(#66),#70);
#66 = LINE('',#67,#68);
#67 = CARTESIAN_POINT('',(0.,0.));
#68 = VECTOR('',#69,1.);
#69 = DIRECTION('',(0.,-1.));
#70 = ( GEOMETRIC_REPRESENTATION_CONTEXT(2) 
PARAMETRIC_REPRESENTATION_CONTEXT() REPRESENTATION_CONTEXT('2D SPACE',''
  ) );
#71 = PCURVE('',#72,#77);
#72 = PLANE('',#73);
#73 = AXIS2_PLACEMENT_3D('',#74,#75,#76);
#74 = CARTESIAN_POINT('',(-28.,-12.,0.));
#75 = DIRECTION('',(0.,0.,1.));
#76 = DIRECTION('',(1.,0.,0.));
#77 = DEFINITIONAL_REPRESENTATION('',(#78),#82);
#78 = LINE('',#79,#80);
#79 = CARTESIAN_POINT('',(0.,0.));
#80 = VECTOR('',#81,1.);
#81 = DIRECTION('',(0.,1.));
#82 = ( GEOMETRIC_REPRESENTATION_CONTEXT(2) 
PARAMETRIC_REPRESENTATION_CONTEXT() REPRESENTATION_CONTEXT('2D SPACE',''
  ) );
#83 = ORIENTED_EDGE('',*,*,#84,.T.);
#84 = EDGE_CURVE('',#57,#85,#87,.T.);
#85 = VERTEX_POINT('',#86);
#86 = CARTESIAN_POINT('',(-28.,12.,6.));
#87 = SURFACE_CURVE('',#88,(#92,#99),.PCURVE_S1.);
#88 = LINE('',#89,#90);
#89 = CARTESIAN_POINT('',(-28.,12.,0.));
#90 = VECTOR('',#91,1.);
#91 = DIRECTION('',(0.,0.,1.));
#92 = PCURVE('',#32,#93);
#93 = DEFINITIONAL_REPRESENTATION('',(#94),#98);
#94 = LINE('',#95,#96);
#95 = CARTESIAN_POINT('',(0.,-24.));
#96 = VECTOR('',#97,1.);
#97 = DIRECTION('',(1.,0.));
#98 = ( GEOMETRIC_REPRESENTATION_CONTEXT(2) 
PARAMETRIC_REPRESENTATION_CONTEXT() REPRESENTATION_CONTEXT('2D SPACE',''
  ) );
#99 = PCURVE('',#100,#105);
#100 = PLANE('',#101);
#101 = AXIS2_PLACEMENT_3D('',#102,#103,#104);
#102 = CARTESIAN_POINT('',(-28.,12.,0.));
#103 = DIRECTION('',(0.,1.,0.));
#104 = DIRECTION('',(0.,0.,1.));
#105 = DEFINITIONAL_REPRESENTATION('',(#106),#110);
#106 = LINE('',#107,#108);
#107 = CARTESIAN_POINT('',(0.,0.));
#108 = VECTOR('',#109,1.);
#109 = DIRECTION('',(1.,0.));
#110 = ( GEOMETRIC_REPRESENTATION_CONTEXT(2) 
PARAMETRIC_REPRESENTATION_CONTEXT() REPRESENTATION_CONTEXT('2D SPACE',''
  ) );
#111 = ORIENTED_EDGE('',*,*,#112,.F.);
#112 = EDGE_CURVE('',#24,#85,#113,.T.);
#113 = SURFACE_CURVE('',#114,(#118,#125),.PCURVE_S1.);
#114 = LINE('',#115,#116);
#115 = CARTESIAN_POINT('',(-28.,-12.,6.));
#116 = VECTOR('',#117,1.);
#117 = DIRECTION('',(0.,1.,0.));
#118 = PCURVE('',#32,#119);
#119 = DEFINITIONAL_REPRESENTATION('',(#120),#124);
#120 = LINE('',#121,#122);
#121 = CARTESIAN_POINT('',(6.,0.));
#122 = VECTOR('',#123,1.);
#123 = DIRECTION('',(0.,-1.));
#124 = ( GEOMETRIC_REPRESENTATION_CONTEXT(2) 
PARAMETRIC_REPRESENTATION_CONTEXT() REPRESENTATION_CONTEXT('2D SPACE',''
  ) );
#125 = PCURVE('',#126,#131);
#126 = PLANE('',#127);
#127 = AXIS2_PLACEMENT_3D('',#128,#129,#130);
#128 = CARTESIAN_POINT('',(-28.,-12.,6.));
#129 = DIRECTION('',(0.,0.,1.));
#130 = DIRECTION('',(1.,0.,0.));
#131 = DEFINITIONAL_REPRESENTATION('',(#132),#136);
#132 = LINE('',#133,#134);
#133 = CARTESIAN_POINT('',(0.,0.));
#134 = VECTOR('',#135,1.);
#135 = DIRECTION('',(0.,1.));
#136 = ( GEOMETRIC_REPRESENTATION_CONTEXT(2) 
PARAMETRIC_REPRESENTATION_CONTEXT() REPRESENTATION_CONTEXT('2D SPACE',''
  ) );
#137 = ADVANCED_FACE('',(#138),#44,.F.);
#138 = FACE_BOUND('',#139,.F.);
#139 = EDGE_LOOP('',(#140,#163,#164,#187));
#140 = ORIENTED_EDGE('',*,*,#141,.F.);
#141 = EDGE_CURVE('',#22,#142,#144,.T.);
#142 = VERTEX_POINT('',#143);
#143 = CARTESIAN_POINT('',(28.,-12.,0.));
#144 = SURFACE_CURVE('',#145,(#149,#156),.PCURVE_S1.);
#145 = LINE('',#146,#147);
#146 = CARTESIAN_POINT('',(-28.,-12.,0.));
#147 = VECTOR('',#148,1.);
#148 = DIRECTION('',(1.,0.,0.));
#149 = PCURVE('',#44,#150);
#150 = DEFINITIONAL_REPRESENTATION('',(#151),#155);
#151 = LINE('',#152,#153);
#152 = CARTESIAN_POINT('',(0.,0.));
#153 = VECTOR('',#154,1.);
#154 = DIRECTION('',(0.,1.));
#155 = ( GEOMETRIC_REPRESENTATION_CONTEXT(2) 
PARAMETRIC_REPRESENTATION_CONTEXT() REPRESENTATION_CONTEXT('2D SPACE',''
  ) );
#156 = PCURVE('',#72,#157);
#157 = DEFINITIONAL_REPRESENTATION('',(#158),#162);
#158 = LINE('',#159,#160);
#159 = CARTESIAN_POINT('',(0.,0.));
#160 = VECTOR('',#161,1.);
#161 = DIRECTION('',(1.,0.));
#162 = ( GEOMETRIC_REPRESENTATION_CONTEXT(2) 
PARAMETRIC_REPRESENTATION_CONTEXT() REPRESENTATION_CONTEXT('2D SPACE',''
  ) );
#163 = ORIENTED_EDGE('',*,*,#21,.T.);
#164 = ORIENTED_EDGE('',*,*,#165,.T.);
#165 = EDGE_CURVE('',#24,#166,#168,.T.);
#166 = VERTEX_POINT('',#167);
#167 = CARTESIAN_POINT('',(28.,-12.,6.));
#168 = SURFACE_CURVE('',#169,(#173,#180),.PCURVE_S1.);
#169 = LINE('',#170,#171);
#170 = CARTESIAN_POINT('',(-28.,-12.,6.));
#171 = VECTOR('',#172,1.);
#172 = DIRECTION('',(1.,0.,0.));
#173 = PCURVE('',#44,#174);
#174 = DEFINITIONAL_REPRESENTATION('',(#175),#179);
#175 = LINE('',#176,#177);
#176 = CARTESIAN_POINT('',(6.,0.));
#177 = VECTOR('',#178,1.);
#178 = DIRECTION('',(0.,1.));
#179 = ( GEOMETRIC_REPRESENTATION_CONTEXT(2) 
PARAMETRIC_REPRESENTATION_CONTEXT() REPRESENTATION_CONTEXT('2D SPACE',''
  ) );
#180 = PCURVE('',#126,#181);
#181 = DEFINITIONAL_REPRESENTATION('',(#182),#186);
#182 = LINE('',#183,#184);
#183 = CARTESIAN_POINT('',(0.,0.));
#184 = VECTOR('',#185,1.);
#185 = DIRECTION('',(1.,0.));
#186 = ( GEOMETRIC_REPRESENTATION_CONTEXT(2) 
PARAMETRIC_REPRESENTATION_CONTEXT() REPRESENTATION_CONTEXT('2D SPACE',''
  ) );
#187 = ORIENTED_EDGE('',*,*,#188,.F.);
#188 = EDGE_CURVE('',#142,#166,#189,.T.);
#189 = SURFACE_CURVE('',#190,(#194,#201),.PCURVE_S1.);
#190 = LINE('',#191,#192);
#191 = CARTESIAN_POINT('',(28.,-12.,0.));
#192 = VECTOR('',#193,1.);
#193 = DIRECTION('',(0.,0.,1.));
#194 = PCURVE('',#44,#195);
#195 = DEFINITIONAL_REPRESENTATION('',(#196),#200);
#196 = LINE('',#197,#198);
#197 = CARTESIAN_POINT('',(0.,56.));
#198 = VECTOR('',#199,1.);
#199 = DIRECTION('',(1.,0.));
#200 = ( GEOMETRIC_REPRESENTATION_CONTEXT(2) 
PARAMETRIC_REPRESENTATION_CONTEXT() REPRESENTATION_CONTEXT('2D SPACE',''
  ) );
#201 = PCURVE('',#202,#207);
#202 = PLANE('',#203);
#203 = AXIS2_PLACEMENT_3D('',#204,#205,#206);
#204 = CARTESIAN_POINT('',(28.,-12.,0.));
#205 = DIRECTION('',(1.,0.,0.));
#206 = DIRECTION('',(0.,0.,1.));
#207 = DEFINITIONAL_REPRESENTATION('',(#208),#212);
#208 = LINE('',#209,#210);
#209 = CARTESIAN_POINT('',(0.,0.));
#210 = VECTOR('',#211,1.);
#211 = DIRECTION('',(1.,0.));
#212 = ( GEOMETRIC_REPRESENTATION_CONTEXT(2) 
PARAMETRIC_REPRESENTATION_CONTEXT() REPRESENTATION_CONTEXT('2D SPACE',''
  ) );
#213 = ADVANCED_FACE('',(#214,#262,#293,#324,#430),#126,.T.);
#214 = FACE_BOUND('',#215,.T.);
#215 = EDGE_LOOP('',(#216,#217,#218,#241));
#216 = ORIENTED_EDGE('',*,*,#112,.F.);
#217 = ORIENTED_EDGE('',*,*,#165,.T.);
#218 = ORIENTED_EDGE('',*,*,#219,.T.);
#219 = EDGE_CURVE('',#166,#220,#222,.T.);
#220 = VERTEX_POINT('',#221);
#221 = CARTESIAN_POINT('',(28.,12.,6.));
#222 = SURFACE_CURVE('',#223,(#227,#234),.PCURVE_S1.);
#223 = LINE('',#224,#225);
#224 = CARTESIAN_POINT('',(28.,-12.,6.));
#225 = VECTOR('',#226,1.);
#226 = DIRECTION('',(0.,1.,0.));
#227 = PCURVE('',#126,#228);
#228 = DEFINITIONAL_REPRESENTATION('',(#229),#233);
#229 = LINE('',#230,#231);
#230 = CARTESIAN_POINT('',(56.,0.));
#231 = VECTOR('',#232,1.);
#232 = DIRECTION('',(0.,1.));
#233 = ( GEOMETRIC_REPRESENTATION_CONTEXT(2) 
PARAMETRIC_REPRESENTATION_CONTEXT() REPRESENTATION_CONTEXT('2D SPACE',''
  ) );
#234 = PCURVE('',#202,#235);
#235 = DEFINITIONAL_REPRESENTATION('',(#236),#240);
#236 = LINE('',#237,#238);
#237 = CARTESIAN_POINT('',(6.,0.));
#238 = VECTOR('',#239,1.);
#239 = DIRECTION('',(0.,-1.));
#240 = ( GEOMETRIC_REPRESENTATION_CONTEXT(2) 
PARAMETRIC_REPRESENTATION_CONTEXT() REPRESENTATION_CONTEXT('2D SPACE',''
  ) );
#241 = ORIENTED_EDGE('',*,*,#242,.F.);
#242 = EDGE_CURVE('',#85,#220,#243,.T.);
#243 = SURFACE_CURVE('',#244,(#248,#255),.PCURVE_S1.);
#244 = LINE('',#245,#246);
#245 = CARTESIAN_POINT('',(-28.,12.,6.));
#246 = VECTOR('',#247,1.);
#247 = DIRECTION('',(1.,0.,0.));
#248 = PCURVE('',#126,#249);
#249 = DEFINITIONAL_REPRESENTATION('',(#250),#254);
#250 = LINE('',#251,#252);
#251 = CARTESIAN_POINT('',(0.,24.));
#252 = VECTOR('',#253,1.);
#253 = DIRECTION('',(1.,0.));
#254 = ( GEOMETRIC_REPRESENTATION_CONTEXT(2) 
PARAMETRIC_REPRESENTATION_CONTEXT() REPRESENTATION_CONTEXT('2D SPACE',''
  ) );
#255 = PCURVE('',#100,#256);
#256 = DEFINITIONAL_REPRESENTATION('',(#257),#261);
#257 = LINE('',#258,#259);
#258 = CARTESIAN_POINT('',(6.,0.));
#259 = VECTOR('',#260,1.);
#260 = DIRECTION('',(0.,1.));
#261 = ( GEOMETRIC_REPRESENTATION_CONTEXT(2) 
PARAMETRIC_REPRESENTATION_CONTEXT() REPRESENTATION_CONTEXT('2D SPACE',''
  ) );
#262 = FACE_BOUND('',#263,.T.);
#263 = EDGE_LOOP('',(#264));
#264 = ORIENTED_EDGE('',*,*,#265,.F.);
#265 = EDGE_CURVE('',#266,#266,#268,.T.);
#266 = VERTEX_POINT('',#267);
#267 = CARTESIAN_POINT('',(-18.585,-4.163799117101E-16,6.));
#268 = SURFACE_CURVE('',#269,(#274,#281),.PCURVE_S1.);
#269 = CIRCLE('',#270,1.7);
#270 = AXIS2_PLACEMENT_3D('',#271,#272,#273);
#271 = CARTESIAN_POINT('',(-20.285,0.,6.));
#272 = DIRECTION('',(0.,0.,1.));
#273 = DIRECTION('',(1.,0.,-0.));
#274 = PCURVE('',#126,#275);
#275 = DEFINITIONAL_REPRESENTATION('',(#276),#280);
#276 = CIRCLE('',#277,1.7);
#277 = AXIS2_PLACEMENT_2D('',#278,#279);
#278 = CARTESIAN_POINT('',(7.715,12.));
#279 = DIRECTION('',(1.,0.));
#280 = ( GEOMETRIC_REPRESENTATION_CONTEXT(2) 
PARAMETRIC_REPRESENTATION_CONTEXT() REPRESENTATION_CONTEXT('2D SPACE',''
  ) );
#281 = PCURVE('',#282,#287);
#282 = CYLINDRICAL_SURFACE('',#283,1.7);
#283 = AXIS2_PLACEMENT_3D('',#284,#285,#286);
#284 = CARTESIAN_POINT('',(-20.285,0.,-3.));
#285 = DIRECTION('',(0.,0.,1.));
#286 = DIRECTION('',(1.,0.,-0.));
#287 = DEFINITIONAL_REPRESENTATION('',(#288),#292);
#288 = LINE('',#289,#290);
#289 = CARTESIAN_POINT('',(0.,9.));
#290 = VECTOR('',#291,1.);
#291 = DIRECTION('',(1.,0.));
#292 = ( GEOMETRIC_REPRESENTATION_CONTEXT(2) 
PARAMETRIC_REPRESENTATION_CONTEXT() REPRESENTATION_CONTEXT('2D SPACE',''
  ) );
#293 = FACE_BOUND('',#294,.T.);
#294 = EDGE_LOOP('',(#295));
#295 = ORIENTED_EDGE('',*,*,#296,.F.);
#296 = EDGE_CURVE('',#297,#297,#299,.T.);
#297 = VERTEX_POINT('',#298);
#298 = CARTESIAN_POINT('',(21.985,-4.163799117101E-16,6.));
#299 = SURFACE_CURVE('',#300,(#305,#312),.PCURVE_S1.);
#300 = CIRCLE('',#301,1.7);
#301 = AXIS2_PLACEMENT_3D('',#302,#303,#304);
#302 = CARTESIAN_POINT('',(20.285,0.,6.));
#303 = DIRECTION('',(0.,0.,1.));
#304 = DIRECTION('',(1.,0.,-0.));
#305 = PCURVE('',#126,#306);
#306 = DEFINITIONAL_REPRESENTATION('',(#307),#311);
#307 = CIRCLE('',#308,1.7);
#308 = AXIS2_PLACEMENT_2D('',#309,#310);
#309 = CARTESIAN_POINT('',(48.285,12.));
#310 = DIRECTION('',(1.,0.));
#311 = ( GEOMETRIC_REPRESENTATION_CONTEXT(2) 
PARAMETRIC_REPRESENTATION_CONTEXT() REPRESENTATION_CONTEXT('2D SPACE',''
  ) );
#312 = PCURVE('',#313,#318);
#313 = CYLINDRICAL_SURFACE('',#314,1.7);
#314 = AXIS2_PLACEMENT_3D('',#315,#316,#317);
#315 = CARTESIAN_POINT('',(20.285,0.,-3.));
#316 = DIRECTION('',(0.,0.,1.));
#317 = DIRECTION('',(1.,0.,-0.));
#318 = DEFINITIONAL_REPRESENTATION('',(#319),#323);
#319 = LINE('',#320,#321);
#320 = CARTESIAN_POINT('',(0.,9.));
#321 = VECTOR('',#322,1.);
#322 = DIRECTION('',(1.,0.));
#323 = ( GEOMETRIC_REPRESENTATION_CONTEXT(2) 
PARAMETRIC_REPRESENTATION_CONTEXT() REPRESENTATION_CONTEXT('2D SPACE',''
  ) );
#324 = FACE_BOUND('',#325,.T.);
#325 = EDGE_LOOP('',(#326,#354,#380,#406));
#326 = ORIENTED_EDGE('',*,*,#327,.F.);
#327 = EDGE_CURVE('',#328,#330,#332,.T.);
#328 = VERTEX_POINT('',#329);
#329 = CARTESIAN_POINT('',(-12.,0.,6.));
#330 = VERTEX_POINT('',#331);
#331 = CARTESIAN_POINT('',(-8.,0.,6.));
#332 = SURFACE_CURVE('',#333,(#337,#343),.PCURVE_S1.);
#333 = LINE('',#334,#335);
#334 = CARTESIAN_POINT('',(-20.,0.,6.));
#335 = VECTOR('',#336,1.);
#336 = DIRECTION('',(1.,0.,-0.));
#337 = PCURVE('',#126,#338);
#338 = DEFINITIONAL_REPRESENTATION('',(#339),#342);
#339 = B_SPLINE_CURVE_WITH_KNOTS('',1,(#340,#341),.UNSPECIFIED.,.F.,.F.,
  (2,2),(8.,12.),.PIECEWISE_BEZIER_KNOTS.);
#340 = CARTESIAN_POINT('',(16.,12.));
#341 = CARTESIAN_POINT('',(20.,12.));
#342 = ( GEOMETRIC_REPRESENTATION_CONTEXT(2) 
PARAMETRIC_REPRESENTATION_CONTEXT() REPRESENTATION_CONTEXT('2D SPACE',''
  ) );
#343 = PCURVE('',#344,#349);
#344 = PLANE('',#345);
#345 = AXIS2_PLACEMENT_3D('',#346,#347,#348);
#346 = CARTESIAN_POINT('',(-12.,0.,3.));
#347 = DIRECTION('',(0.,-1.,0.));
#348 = DIRECTION('',(0.,0.,1.));
#349 = DEFINITIONAL_REPRESENTATION('',(#350),#353);
#350 = B_SPLINE_CURVE_WITH_KNOTS('',1,(#351,#352),.UNSPECIFIED.,.F.,.F.,
  (2,2),(8.,12.),.PIECEWISE_BEZIER_KNOTS.);
#351 = CARTESIAN_POINT('',(3.,0.));
#352 = CARTESIAN_POINT('',(3.,-4.));
#353 = ( GEOMETRIC_REPRESENTATION_CONTEXT(2) 
PARAMETRIC_REPRESENTATION_CONTEXT() REPRESENTATION_CONTEXT('2D SPACE',''
  ) );
#354 = ORIENTED_EDGE('',*,*,#355,.F.);
#355 = EDGE_CURVE('',#356,#328,#358,.T.);
#356 = VERTEX_POINT('',#357);
#357 = CARTESIAN_POINT('',(-12.,9.,6.));
#358 = SURFACE_CURVE('',#359,(#363,#369),.PCURVE_S1.);
#359 = LINE('',#360,#361);
#360 = CARTESIAN_POINT('',(-12.,4.969840027858,6.));
#361 = VECTOR('',#362,1.);
#362 = DIRECTION('',(0.,-1.,0.));
#363 = PCURVE('',#126,#364);
#364 = DEFINITIONAL_REPRESENTATION('',(#365),#368);
#365 = B_SPLINE_CURVE_WITH_KNOTS('',1,(#366,#367),.UNSPECIFIED.,.F.,.F.,
  (2,2),(-7.030159972142,4.969840027858),.PIECEWISE_BEZIER_KNOTS.);
#366 = CARTESIAN_POINT('',(16.,24.));
#367 = CARTESIAN_POINT('',(16.,12.));
#368 = ( GEOMETRIC_REPRESENTATION_CONTEXT(2) 
PARAMETRIC_REPRESENTATION_CONTEXT() REPRESENTATION_CONTEXT('2D SPACE',''
  ) );
#369 = PCURVE('',#370,#375);
#370 = PLANE('',#371);
#371 = AXIS2_PLACEMENT_3D('',#372,#373,#374);
#372 = CARTESIAN_POINT('',(-12.,21.939680055716,15.060319944284));
#373 = DIRECTION('',(-1.,-0.,-0.));
#374 = DIRECTION('',(0.,0.,-1.));
#375 = DEFINITIONAL_REPRESENTATION('',(#376),#379);
#376 = B_SPLINE_CURVE_WITH_KNOTS('',1,(#377,#378),.UNSPECIFIED.,.F.,.F.,
  (2,2),(-7.030159972142,4.969840027858),.PIECEWISE_BEZIER_KNOTS.);
#377 = CARTESIAN_POINT('',(9.060319944284,9.939680055716));
#378 = CARTESIAN_POINT('',(9.060319944284,21.939680055716));
#379 = ( GEOMETRIC_REPRESENTATION_CONTEXT(2) 
PARAMETRIC_REPRESENTATION_CONTEXT() REPRESENTATION_CONTEXT('2D SPACE',''
  ) );
#380 = ORIENTED_EDGE('',*,*,#381,.F.);
#381 = EDGE_CURVE('',#382,#356,#384,.T.);
#382 = VERTEX_POINT('',#383);
#383 = CARTESIAN_POINT('',(-8.,9.,6.));
#384 = SURFACE_CURVE('',#385,(#389,#395),.PCURVE_S1.);
#385 = LINE('',#386,#387);
#386 = CARTESIAN_POINT('',(-20.,9.,6.));
#387 = VECTOR('',#388,1.);
#388 = DIRECTION('',(-1.,0.,0.));
#389 = PCURVE('',#126,#390);
#390 = DEFINITIONAL_REPRESENTATION('',(#391),#394);
#391 = B_SPLINE_CURVE_WITH_KNOTS('',1,(#392,#393),.UNSPECIFIED.,.F.,.F.,
  (2,2),(-12.,-8.),.PIECEWISE_BEZIER_KNOTS.);
#392 = CARTESIAN_POINT('',(20.,21.));
#393 = CARTESIAN_POINT('',(16.,21.));
#394 = ( GEOMETRIC_REPRESENTATION_CONTEXT(2) 
PARAMETRIC_REPRESENTATION_CONTEXT() REPRESENTATION_CONTEXT('2D SPACE',''
  ) );
#395 = PCURVE('',#396,#401);
#396 = PLANE('',#397);
#397 = AXIS2_PLACEMENT_3D('',#398,#399,#400);
#398 = CARTESIAN_POINT('',(-12.,51.,20.));
#399 = DIRECTION('',(0.,0.316227766017,-0.948683298051));
#400 = DIRECTION('',(0.,-0.948683298051,-0.316227766017));
#401 = DEFINITIONAL_REPRESENTATION('',(#402),#405);
#402 = B_SPLINE_CURVE_WITH_KNOTS('',1,(#403,#404),.UNSPECIFIED.,.F.,.F.,
  (2,2),(-12.,-8.),.PIECEWISE_BEZIER_KNOTS.);
#403 = CARTESIAN_POINT('',(44.271887242357,-4.));
#404 = CARTESIAN_POINT('',(44.271887242357,0.));
#405 = ( GEOMETRIC_REPRESENTATION_CONTEXT(2) 
PARAMETRIC_REPRESENTATION_CONTEXT() REPRESENTATION_CONTEXT('2D SPACE',''
  ) );
#406 = ORIENTED_EDGE('',*,*,#407,.T.);
#407 = EDGE_CURVE('',#382,#330,#408,.T.);
#408 = SURFACE_CURVE('',#409,(#413,#419),.PCURVE_S1.);
#409 = LINE('',#410,#411);
#410 = CARTESIAN_POINT('',(-8.,4.969840027858,6.));
#411 = VECTOR('',#412,1.);
#412 = DIRECTION('',(0.,-1.,0.));
#413 = PCURVE('',#126,#414);
#414 = DEFINITIONAL_REPRESENTATION('',(#415),#418);
#415 = B_SPLINE_CURVE_WITH_KNOTS('',1,(#416,#417),.UNSPECIFIED.,.F.,.F.,
  (2,2),(-7.030159972142,4.969840027858),.PIECEWISE_BEZIER_KNOTS.);
#416 = CARTESIAN_POINT('',(20.,24.));
#417 = CARTESIAN_POINT('',(20.,12.));
#418 = ( GEOMETRIC_REPRESENTATION_CONTEXT(2) 
PARAMETRIC_REPRESENTATION_CONTEXT() REPRESENTATION_CONTEXT('2D SPACE',''
  ) );
#419 = PCURVE('',#420,#425);
#420 = PLANE('',#421);
#421 = AXIS2_PLACEMENT_3D('',#422,#423,#424);
#422 = CARTESIAN_POINT('',(-8.,21.939680055716,15.060319944284));
#423 = DIRECTION('',(-1.,-0.,-0.));
#424 = DIRECTION('',(0.,0.,-1.));
#425 = DEFINITIONAL_REPRESENTATION('',(#426),#429);
#426 = B_SPLINE_CURVE_WITH_KNOTS('',1,(#427,#428),.UNSPECIFIED.,.F.,.F.,
  (2,2),(-7.030159972142,4.969840027858),.PIECEWISE_BEZIER_KNOTS.);
#427 = CARTESIAN_POINT('',(9.060319944284,9.939680055716));
#428 = CARTESIAN_POINT('',(9.060319944284,21.939680055716));
#429 = ( GEOMETRIC_REPRESENTATION_CONTEXT(2) 
PARAMETRIC_REPRESENTATION_CONTEXT() REPRESENTATION_CONTEXT('2D SPACE',''
  ) );
#430 = FACE_BOUND('',#431,.T.);
#431 = EDGE_LOOP('',(#432,#460,#486,#512));
#432 = ORIENTED_EDGE('',*,*,#433,.F.);
#433 = EDGE_CURVE('',#434,#436,#438,.T.);
#434 = VERTEX_POINT('',#435);
#435 = CARTESIAN_POINT('',(8.,0.,6.));
#436 = VERTEX_POINT('',#437);
#437 = CARTESIAN_POINT('',(12.,0.,6.));
#438 = SURFACE_CURVE('',#439,(#443,#449),.PCURVE_S1.);
#439 = LINE('',#440,#441);
#440 = CARTESIAN_POINT('',(-10.,0.,6.));
#441 = VECTOR('',#442,1.);
#442 = DIRECTION('',(1.,0.,-0.));
#443 = PCURVE('',#126,#444);
#444 = DEFINITIONAL_REPRESENTATION('',(#445),#448);
#445 = B_SPLINE_CURVE_WITH_KNOTS('',1,(#446,#447),.UNSPECIFIED.,.F.,.F.,
  (2,2),(18.,22.),.PIECEWISE_BEZIER_KNOTS.);
#446 = CARTESIAN_POINT('',(36.,12.));
#447 = CARTESIAN_POINT('',(40.,12.));
#448 = ( GEOMETRIC_REPRESENTATION_CONTEXT(2) 
PARAMETRIC_REPRESENTATION_CONTEXT() REPRESENTATION_CONTEXT('2D SPACE',''
  ) );
#449 = PCURVE('',#450,#455);
#450 = PLANE('',#451);
#451 = AXIS2_PLACEMENT_3D('',#452,#453,#454);
#452 = CARTESIAN_POINT('',(8.,0.,3.));
#453 = DIRECTION('',(0.,-1.,0.));
#454 = DIRECTION('',(0.,0.,1.));
#455 = DEFINITIONAL_REPRESENTATION('',(#456),#459);
#456 = B_SPLINE_CURVE_WITH_KNOTS('',1,(#457,#458),.UNSPECIFIED.,.F.,.F.,
  (2,2),(18.,22.),.PIECEWISE_BEZIER_KNOTS.);
#457 = CARTESIAN_POINT('',(3.,0.));
#458 = CARTESIAN_POINT('',(3.,-4.));
#459 = ( GEOMETRIC_REPRESENTATION_CONTEXT(2) 
PARAMETRIC_REPRESENTATION_CONTEXT() REPRESENTATION_CONTEXT('2D SPACE',''
  ) );
#460 = ORIENTED_EDGE('',*,*,#461,.F.);
#461 = EDGE_CURVE('',#462,#434,#464,.T.);
#462 = VERTEX_POINT('',#463);
#463 = CARTESIAN_POINT('',(8.,9.,6.));
#464 = SURFACE_CURVE('',#465,(#469,#475),.PCURVE_S1.);
#465 = LINE('',#466,#467);
#466 = CARTESIAN_POINT('',(8.,4.969840027858,6.));
#467 = VECTOR('',#468,1.);
#468 = DIRECTION('',(0.,-1.,0.));
#469 = PCURVE('',#126,#470);
#470 = DEFINITIONAL_REPRESENTATION('',(#471),#474);
#471 = B_SPLINE_CURVE_WITH_KNOTS('',1,(#472,#473),.UNSPECIFIED.,.F.,.F.,
  (2,2),(-7.030159972142,4.969840027858),.PIECEWISE_BEZIER_KNOTS.);
#472 = CARTESIAN_POINT('',(36.,24.));
#473 = CARTESIAN_POINT('',(36.,12.));
#474 = ( GEOMETRIC_REPRESENTATION_CONTEXT(2) 
PARAMETRIC_REPRESENTATION_CONTEXT() REPRESENTATION_CONTEXT('2D SPACE',''
  ) );
#475 = PCURVE('',#476,#481);
#476 = PLANE('',#477);
#477 = AXIS2_PLACEMENT_3D('',#478,#479,#480);
#478 = CARTESIAN_POINT('',(8.,21.939680055716,15.060319944284));
#479 = DIRECTION('',(-1.,-0.,-0.));
#480 = DIRECTION('',(0.,0.,-1.));
#481 = DEFINITIONAL_REPRESENTATION('',(#482),#485);
#482 = B_SPLINE_CURVE_WITH_KNOTS('',1,(#483,#484),.UNSPECIFIED.,.F.,.F.,
  (2,2),(-7.030159972142,4.969840027858),.PIECEWISE_BEZIER_KNOTS.);
#483 = CARTESIAN_POINT('',(9.060319944284,9.939680055716));
#484 = CARTESIAN_POINT('',(9.060319944284,21.939680055716));
#485 = ( GEOMETRIC_REPRESENTATION_CONTEXT(2) 
PARAMETRIC_REPRESENTATION_CONTEXT() REPRESENTATION_CONTEXT('2D SPACE',''
  ) );
#486 = ORIENTED_EDGE('',*,*,#487,.F.);
#487 = EDGE_CURVE('',#488,#462,#490,.T.);
#488 = VERTEX_POINT('',#489);
#489 = CARTESIAN_POINT('',(12.,9.,6.));
#490 = SURFACE_CURVE('',#491,(#495,#501),.PCURVE_S1.);
#491 = LINE('',#492,#493);
#492 = CARTESIAN_POINT('',(-10.,9.,6.));
#493 = VECTOR('',#494,1.);
#494 = DIRECTION('',(-1.,0.,0.));
#495 = PCURVE('',#126,#496);
#496 = DEFINITIONAL_REPRESENTATION('',(#497),#500);
#497 = B_SPLINE_CURVE_WITH_KNOTS('',1,(#498,#499),.UNSPECIFIED.,.F.,.F.,
  (2,2),(-22.,-18.),.PIECEWISE_BEZIER_KNOTS.);
#498 = CARTESIAN_POINT('',(40.,21.));
#499 = CARTESIAN_POINT('',(36.,21.));
#500 = ( GEOMETRIC_REPRESENTATION_CONTEXT(2) 
PARAMETRIC_REPRESENTATION_CONTEXT() REPRESENTATION_CONTEXT('2D SPACE',''
  ) );
#501 = PCURVE('',#502,#507);
#502 = PLANE('',#503);
#503 = AXIS2_PLACEMENT_3D('',#504,#505,#506);
#504 = CARTESIAN_POINT('',(8.,51.,20.));
#505 = DIRECTION('',(0.,0.316227766017,-0.948683298051));
#506 = DIRECTION('',(0.,-0.948683298051,-0.316227766017));
#507 = DEFINITIONAL_REPRESENTATION('',(#508),#511);
#508 = B_SPLINE_CURVE_WITH_KNOTS('',1,(#509,#510),.UNSPECIFIED.,.F.,.F.,
  (2,2),(-22.,-18.),.PIECEWISE_BEZIER_KNOTS.);
#509 = CARTESIAN_POINT('',(44.271887242357,-4.));
#510 = CARTESIAN_POINT('',(44.271887242357,0.));
#511 = ( GEOMETRIC_REPRESENTATION_CONTEXT(2) 
PARAMETRIC_REPRESENTATION_CONTEXT() REPRESENTATION_CONTEXT('2D SPACE',''
  ) );
#512 = ORIENTED_EDGE('',*,*,#513,.T.);
#513 = EDGE_CURVE('',#488,#436,#514,.T.);
#514 = SURFACE_CURVE('',#515,(#519,#525),.PCURVE_S1.);
#515 = LINE('',#516,#517);
#516 = CARTESIAN_POINT('',(12.,4.969840027858,6.));
#517 = VECTOR('',#518,1.);
#518 = DIRECTION('',(0.,-1.,0.));
#519 = PCURVE('',#126,#520);
#520 = DEFINITIONAL_REPRESENTATION('',(#521),#524);
#521 = B_SPLINE_CURVE_WITH_KNOTS('',1,(#522,#523),.UNSPECIFIED.,.F.,.F.,
  (2,2),(-7.030159972142,4.969840027858),.PIECEWISE_BEZIER_KNOTS.);
#522 = CARTESIAN_POINT('',(40.,24.));
#523 = CARTESIAN_POINT('',(40.,12.));
#524 = ( GEOMETRIC_REPRESENTATION_CONTEXT(2) 
PARAMETRIC_REPRESENTATION_CONTEXT() REPRESENTATION_CONTEXT('2D SPACE',''
  ) );
#525 = PCURVE('',#526,#531);
#526 = PLANE('',#527);
#527 = AXIS2_PLACEMENT_3D('',#528,#529,#530);
#528 = CARTESIAN_POINT('',(12.,21.939680055716,15.060319944284));
#529 = DIRECTION('',(-1.,-0.,-0.));
#530 = DIRECTION('',(0.,0.,-1.));
#531 = DEFINITIONAL_REPRESENTATION('',(#532),#535);
#532 = B_SPLINE_CURVE_WITH_KNOTS('',1,(#533,#534),.UNSPECIFIED.,.F.,.F.,
  (2,2),(-7.030159972142,4.969840027858),.PIECEWISE_BEZIER_KNOTS.);
#533 = CARTESIAN_POINT('',(9.060319944284,9.939680055716));
#534 = CARTESIAN_POINT('',(9.060319944284,21.939680055716));
#535 = ( GEOMETRIC_REPRESENTATION_CONTEXT(2) 
PARAMETRIC_REPRESENTATION_CONTEXT() REPRESENTATION_CONTEXT('2D SPACE',''
  ) );
#536 = ADVANCED_FACE('',(#537),#100,.T.);
#537 = FACE_BOUND('',#538,.T.);
#538 = EDGE_LOOP('',(#539,#562,#563,#564));
#539 = ORIENTED_EDGE('',*,*,#540,.F.);
#540 = EDGE_CURVE('',#57,#541,#543,.T.);
#541 = VERTEX_POINT('',#542);
#542 = CARTESIAN_POINT('',(28.,12.,0.));
#543 = SURFACE_CURVE('',#544,(#548,#555),.PCURVE_S1.);
#544 = LINE('',#545,#546);
#545 = CARTESIAN_POINT('',(-28.,12.,0.));
#546 = VECTOR('',#547,1.);
#547 = DIRECTION('',(1.,0.,0.));
#548 = PCURVE('',#100,#549);
#549 = DEFINITIONAL_REPRESENTATION('',(#550),#554);
#550 = LINE('',#551,#552);
#551 = CARTESIAN_POINT('',(0.,0.));
#552 = VECTOR('',#553,1.);
#553 = DIRECTION('',(0.,1.));
#554 = ( GEOMETRIC_REPRESENTATION_CONTEXT(2) 
PARAMETRIC_REPRESENTATION_CONTEXT() REPRESENTATION_CONTEXT('2D SPACE',''
  ) );
#555 = PCURVE('',#72,#556);
#556 = DEFINITIONAL_REPRESENTATION('',(#557),#561);
#557 = LINE('',#558,#559);
#558 = CARTESIAN_POINT('',(0.,24.));
#559 = VECTOR('',#560,1.);
#560 = DIRECTION('',(1.,0.));
#561 = ( GEOMETRIC_REPRESENTATION_CONTEXT(2) 
PARAMETRIC_REPRESENTATION_CONTEXT() REPRESENTATION_CONTEXT('2D SPACE',''
  ) );
#562 = ORIENTED_EDGE('',*,*,#84,.T.);
#563 = ORIENTED_EDGE('',*,*,#242,.T.);
#564 = ORIENTED_EDGE('',*,*,#565,.F.);
#565 = EDGE_CURVE('',#541,#220,#566,.T.);
#566 = SURFACE_CURVE('',#567,(#571,#578),.PCURVE_S1.);
#567 = LINE('',#568,#569);
#568 = CARTESIAN_POINT('',(28.,12.,0.));
#569 = VECTOR('',#570,1.);
#570 = DIRECTION('',(0.,0.,1.));
#571 = PCURVE('',#100,#572);
#572 = DEFINITIONAL_REPRESENTATION('',(#573),#577);
#573 = LINE('',#574,#575);
#574 = CARTESIAN_POINT('',(0.,56.));
#575 = VECTOR('',#576,1.);
#576 = DIRECTION('',(1.,0.));
#577 = ( GEOMETRIC_REPRESENTATION_CONTEXT(2) 
PARAMETRIC_REPRESENTATION_CONTEXT() REPRESENTATION_CONTEXT('2D SPACE',''
  ) );
#578 = PCURVE('',#202,#579);
#579 = DEFINITIONAL_REPRESENTATION('',(#580),#584);
#580 = LINE('',#581,#582);
#581 = CARTESIAN_POINT('',(0.,-24.));
#582 = VECTOR('',#583,1.);
#583 = DIRECTION('',(1.,0.));
#584 = ( GEOMETRIC_REPRESENTATION_CONTEXT(2) 
PARAMETRIC_REPRESENTATION_CONTEXT() REPRESENTATION_CONTEXT('2D SPACE',''
  ) );
#585 = ADVANCED_FACE('',(#586,#612,#638),#72,.F.);
#586 = FACE_BOUND('',#587,.F.);
#587 = EDGE_LOOP('',(#588,#589,#590,#611));
#588 = ORIENTED_EDGE('',*,*,#56,.F.);
#589 = ORIENTED_EDGE('',*,*,#141,.T.);
#590 = ORIENTED_EDGE('',*,*,#591,.T.);
#591 = EDGE_CURVE('',#142,#541,#592,.T.);
#592 = SURFACE_CURVE('',#593,(#597,#604),.PCURVE_S1.);
#593 = LINE('',#594,#595);
#594 = CARTESIAN_POINT('',(28.,-12.,0.));
#595 = VECTOR('',#596,1.);
#596 = DIRECTION('',(0.,1.,0.));
#597 = PCURVE('',#72,#598);
#598 = DEFINITIONAL_REPRESENTATION('',(#599),#603);
#599 = LINE('',#600,#601);
#600 = CARTESIAN_POINT('',(56.,0.));
#601 = VECTOR('',#602,1.);
#602 = DIRECTION('',(0.,1.));
#603 = ( GEOMETRIC_REPRESENTATION_CONTEXT(2) 
PARAMETRIC_REPRESENTATION_CONTEXT() REPRESENTATION_CONTEXT('2D SPACE',''
  ) );
#604 = PCURVE('',#202,#605);
#605 = DEFINITIONAL_REPRESENTATION('',(#606),#610);
#606 = LINE('',#607,#608);
#607 = CARTESIAN_POINT('',(0.,0.));
#608 = VECTOR('',#609,1.);
#609 = DIRECTION('',(0.,-1.));
#610 = ( GEOMETRIC_REPRESENTATION_CONTEXT(2) 
PARAMETRIC_REPRESENTATION_CONTEXT() REPRESENTATION_CONTEXT('2D SPACE',''
  ) );
#611 = ORIENTED_EDGE('',*,*,#540,.F.);
#612 = FACE_BOUND('',#613,.F.);
#613 = EDGE_LOOP('',(#614));
#614 = ORIENTED_EDGE('',*,*,#615,.F.);
#615 = EDGE_CURVE('',#616,#616,#618,.T.);
#616 = VERTEX_POINT('',#617);
#617 = CARTESIAN_POINT('',(-18.585,-4.163799117101E-16,0.));
#618 = SURFACE_CURVE('',#619,(#624,#631),.PCURVE_S1.);
#619 = CIRCLE('',#620,1.7);
#620 = AXIS2_PLACEMENT_3D('',#621,#622,#623);
#621 = CARTESIAN_POINT('',(-20.285,0.,0.));
#622 = DIRECTION('',(0.,0.,1.));
#623 = DIRECTION('',(1.,0.,-0.));
#624 = PCURVE('',#72,#625);
#625 = DEFINITIONAL_REPRESENTATION('',(#626),#630);
#626 = CIRCLE('',#627,1.7);
#627 = AXIS2_PLACEMENT_2D('',#628,#629);
#628 = CARTESIAN_POINT('',(7.715,12.));
#629 = DIRECTION('',(1.,0.));
#630 = ( GEOMETRIC_REPRESENTATION_CONTEXT(2) 
PARAMETRIC_REPRESENTATION_CONTEXT() REPRESENTATION_CONTEXT('2D SPACE',''
  ) );
#631 = PCURVE('',#282,#632);
#632 = DEFINITIONAL_REPRESENTATION('',(#633),#637);
#633 = LINE('',#634,#635);
#634 = CARTESIAN_POINT('',(0.,3.));
#635 = VECTOR('',#636,1.);
#636 = DIRECTION('',(1.,0.));
#637 = ( GEOMETRIC_REPRESENTATION_CONTEXT(2) 
PARAMETRIC_REPRESENTATION_CONTEXT() REPRESENTATION_CONTEXT('2D SPACE',''
  ) );
#638 = FACE_BOUND('',#639,.F.);
#639 = EDGE_LOOP('',(#640));
#640 = ORIENTED_EDGE('',*,*,#641,.F.);
#641 = EDGE_CURVE('',#642,#642,#644,.T.);
#642 = VERTEX_POINT('',#643);
#643 = CARTESIAN_POINT('',(21.985,-4.163799117101E-16,0.));
#644 = SURFACE_CURVE('',#645,(#650,#657),.PCURVE_S1.);
#645 = CIRCLE('',#646,1.7);
#646 = AXIS2_PLACEMENT_3D('',#647,#648,#649);
#647 = CARTESIAN_POINT('',(20.285,0.,0.));
#648 = DIRECTION('',(0.,0.,1.));
#649 = DIRECTION('',(1.,0.,-0.));
#650 = PCURVE('',#72,#651);
#651 = DEFINITIONAL_REPRESENTATION('',(#652),#656);
#652 = CIRCLE('',#653,1.7);
#653 = AXIS2_PLACEMENT_2D('',#654,#655);
#654 = CARTESIAN_POINT('',(48.285,12.));
#655 = DIRECTION('',(1.,0.));
#656 = ( GEOMETRIC_REPRESENTATION_CONTEXT(2) 
PARAMETRIC_REPRESENTATION_CONTEXT() REPRESENTATION_CONTEXT('2D SPACE',''
  ) );
#657 = PCURVE('',#313,#658);
#658 = DEFINITIONAL_REPRESENTATION('',(#659),#663);
#659 = LINE('',#660,#661);
#660 = CARTESIAN_POINT('',(0.,3.));
#661 = VECTOR('',#662,1.);
#662 = DIRECTION('',(1.,0.));
#663 = ( GEOMETRIC_REPRESENTATION_CONTEXT(2) 
PARAMETRIC_REPRESENTATION_CONTEXT() REPRESENTATION_CONTEXT('2D SPACE',''
  ) );
#664 = ADVANCED_FACE('',(#665),#202,.T.);
#665 = FACE_BOUND('',#666,.T.);
#666 = EDGE_LOOP('',(#667,#668,#669,#670));
#667 = ORIENTED_EDGE('',*,*,#188,.F.);
#668 = ORIENTED_EDGE('',*,*,#591,.T.);
#669 = ORIENTED_EDGE('',*,*,#565,.T.);
#670 = ORIENTED_EDGE('',*,*,#219,.F.);
#671 = ADVANCED_FACE('',(#672),#282,.F.);
#672 = FACE_BOUND('',#673,.F.);
#673 = EDGE_LOOP('',(#674,#675,#696,#697));
#674 = ORIENTED_EDGE('',*,*,#265,.F.);
#675 = ORIENTED_EDGE('',*,*,#676,.F.);
#676 = EDGE_CURVE('',#616,#266,#677,.T.);
#677 = SEAM_CURVE('',#678,(#682,#689),.PCURVE_S1.);
#678 = LINE('',#679,#680);
#679 = CARTESIAN_POINT('',(-18.585,-4.163799117101E-16,-3.));
#680 = VECTOR('',#681,1.);
#681 = DIRECTION('',(0.,0.,1.));
#682 = PCURVE('',#282,#683);
#683 = DEFINITIONAL_REPRESENTATION('',(#684),#688);
#684 = LINE('',#685,#686);
#685 = CARTESIAN_POINT('',(6.28318530718,-0.));
#686 = VECTOR('',#687,1.);
#687 = DIRECTION('',(0.,1.));
#688 = ( GEOMETRIC_REPRESENTATION_CONTEXT(2) 
PARAMETRIC_REPRESENTATION_CONTEXT() REPRESENTATION_CONTEXT('2D SPACE',''
  ) );
#689 = PCURVE('',#282,#690);
#690 = DEFINITIONAL_REPRESENTATION('',(#691),#695);
#691 = LINE('',#692,#693);
#692 = CARTESIAN_POINT('',(0.,-0.));
#693 = VECTOR('',#694,1.);
#694 = DIRECTION('',(0.,1.));
#695 = ( GEOMETRIC_REPRESENTATION_CONTEXT(2) 
PARAMETRIC_REPRESENTATION_CONTEXT() REPRESENTATION_CONTEXT('2D SPACE',''
  ) );
#696 = ORIENTED_EDGE('',*,*,#615,.T.);
#697 = ORIENTED_EDGE('',*,*,#676,.T.);
#698 = ADVANCED_FACE('',(#699),#313,.F.);
#699 = FACE_BOUND('',#700,.F.);
#700 = EDGE_LOOP('',(#701,#702,#723,#724));
#701 = ORIENTED_EDGE('',*,*,#296,.F.);
#702 = ORIENTED_EDGE('',*,*,#703,.F.);
#703 = EDGE_CURVE('',#642,#297,#704,.T.);
#704 = SEAM_CURVE('',#705,(#709,#716),.PCURVE_S1.);
#705 = LINE('',#706,#707);
#706 = CARTESIAN_POINT('',(21.985,-4.163799117101E-16,-3.));
#707 = VECTOR('',#708,1.);
#708 = DIRECTION('',(0.,0.,1.));
#709 = PCURVE('',#313,#710);
#710 = DEFINITIONAL_REPRESENTATION('',(#711),#715);
#711 = LINE('',#712,#713);
#712 = CARTESIAN_POINT('',(6.28318530718,-0.));
#713 = VECTOR('',#714,1.);
#714 = DIRECTION('',(0.,1.));
#715 = ( GEOMETRIC_REPRESENTATION_CONTEXT(2) 
PARAMETRIC_REPRESENTATION_CONTEXT() REPRESENTATION_CONTEXT('2D SPACE',''
  ) );
#716 = PCURVE('',#313,#717);
#717 = DEFINITIONAL_REPRESENTATION('',(#718),#722);
#718 = LINE('',#719,#720);
#719 = CARTESIAN_POINT('',(0.,-0.));
#720 = VECTOR('',#721,1.);
#721 = DIRECTION('',(0.,1.));
#722 = ( GEOMETRIC_REPRESENTATION_CONTEXT(2) 
PARAMETRIC_REPRESENTATION_CONTEXT() REPRESENTATION_CONTEXT('2D SPACE',''
  ) );
#723 = ORIENTED_EDGE('',*,*,#641,.T.);
#724 = ORIENTED_EDGE('',*,*,#703,.T.);
#725 = ADVANCED_FACE('',(#726),#344,.T.);
#726 = FACE_BOUND('',#727,.T.);
#727 = EDGE_LOOP('',(#728,#751,#752,#775));
#728 = ORIENTED_EDGE('',*,*,#729,.F.);
#729 = EDGE_CURVE('',#328,#730,#732,.T.);
#730 = VERTEX_POINT('',#731);
#731 = CARTESIAN_POINT('',(-12.,0.,17.));
#732 = SURFACE_CURVE('',#733,(#737,#744),.PCURVE_S1.);
#733 = LINE('',#734,#735);
#734 = CARTESIAN_POINT('',(-12.,0.,3.));
#735 = VECTOR('',#736,1.);
#736 = DIRECTION('',(0.,0.,1.));
#737 = PCURVE('',#344,#738);
#738 = DEFINITIONAL_REPRESENTATION('',(#739),#743);
#739 = LINE('',#740,#741);
#740 = CARTESIAN_POINT('',(0.,0.));
#741 = VECTOR('',#742,1.);
#742 = DIRECTION('',(1.,0.));
#743 = ( GEOMETRIC_REPRESENTATION_CONTEXT(2) 
PARAMETRIC_REPRESENTATION_CONTEXT() REPRESENTATION_CONTEXT('2D SPACE',''
  ) );
#744 = PCURVE('',#370,#745);
#745 = DEFINITIONAL_REPRESENTATION('',(#746),#750);
#746 = LINE('',#747,#748);
#747 = CARTESIAN_POINT('',(12.060319944284,21.939680055716));
#748 = VECTOR('',#749,1.);
#749 = DIRECTION('',(-1.,0.));
#750 = ( GEOMETRIC_REPRESENTATION_CONTEXT(2) 
PARAMETRIC_REPRESENTATION_CONTEXT() REPRESENTATION_CONTEXT('2D SPACE',''
  ) );
#751 = ORIENTED_EDGE('',*,*,#327,.T.);
#752 = ORIENTED_EDGE('',*,*,#753,.T.);
#753 = EDGE_CURVE('',#330,#754,#756,.T.);
#754 = VERTEX_POINT('',#755);
#755 = CARTESIAN_POINT('',(-8.,0.,17.));
#756 = SURFACE_CURVE('',#757,(#761,#768),.PCURVE_S1.);
#757 = LINE('',#758,#759);
#758 = CARTESIAN_POINT('',(-8.,0.,3.));
#759 = VECTOR('',#760,1.);
#760 = DIRECTION('',(0.,0.,1.));
#761 = PCURVE('',#344,#762);
#762 = DEFINITIONAL_REPRESENTATION('',(#763),#767);
#763 = LINE('',#764,#765);
#764 = CARTESIAN_POINT('',(0.,-4.));
#765 = VECTOR('',#766,1.);
#766 = DIRECTION('',(1.,0.));
#767 = ( GEOMETRIC_REPRESENTATION_CONTEXT(2) 
PARAMETRIC_REPRESENTATION_CONTEXT() REPRESENTATION_CONTEXT('2D SPACE',''
  ) );
#768 = PCURVE('',#420,#769);
#769 = DEFINITIONAL_REPRESENTATION('',(#770),#774);
#770 = LINE('',#771,#772);
#771 = CARTESIAN_POINT('',(12.060319944284,21.939680055716));
#772 = VECTOR('',#773,1.);
#773 = DIRECTION('',(-1.,0.));
#774 = ( GEOMETRIC_REPRESENTATION_CONTEXT(2) 
PARAMETRIC_REPRESENTATION_CONTEXT() REPRESENTATION_CONTEXT('2D SPACE',''
  ) );
#775 = ORIENTED_EDGE('',*,*,#776,.F.);
#776 = EDGE_CURVE('',#730,#754,#777,.T.);
#777 = SURFACE_CURVE('',#778,(#782,#788),.PCURVE_S1.);
#778 = LINE('',#779,#780);
#779 = CARTESIAN_POINT('',(-13.,0.,17.));
#780 = VECTOR('',#781,1.);
#781 = DIRECTION('',(1.,0.,-0.));
#782 = PCURVE('',#344,#783);
#783 = DEFINITIONAL_REPRESENTATION('',(#784),#787);
#784 = B_SPLINE_CURVE_WITH_KNOTS('',1,(#785,#786),.UNSPECIFIED.,.F.,.F.,
  (2,2),(1.,5.),.PIECEWISE_BEZIER_KNOTS.);
#785 = CARTESIAN_POINT('',(14.,0.));
#786 = CARTESIAN_POINT('',(14.,-4.));
#787 = ( GEOMETRIC_REPRESENTATION_CONTEXT(2) 
PARAMETRIC_REPRESENTATION_CONTEXT() REPRESENTATION_CONTEXT('2D SPACE',''
  ) );
#788 = PCURVE('',#789,#794);
#789 = PLANE('',#790);
#790 = AXIS2_PLACEMENT_3D('',#791,#792,#793);
#791 = CARTESIAN_POINT('',(-14.,-0.5,17.));
#792 = DIRECTION('',(0.,0.,1.));
#793 = DIRECTION('',(1.,0.,0.));
#794 = DEFINITIONAL_REPRESENTATION('',(#795),#798);
#795 = B_SPLINE_CURVE_WITH_KNOTS('',1,(#796,#797),.UNSPECIFIED.,.F.,.F.,
  (2,2),(1.,5.),.PIECEWISE_BEZIER_KNOTS.);
#796 = CARTESIAN_POINT('',(2.,0.5));
#797 = CARTESIAN_POINT('',(6.,0.5));
#798 = ( GEOMETRIC_REPRESENTATION_CONTEXT(2) 
PARAMETRIC_REPRESENTATION_CONTEXT() REPRESENTATION_CONTEXT('2D SPACE',''
  ) );
#799 = ADVANCED_FACE('',(#800),#420,.F.);
#800 = FACE_BOUND('',#801,.F.);
#801 = EDGE_LOOP('',(#802,#823,#844,#845));
#802 = ORIENTED_EDGE('',*,*,#803,.F.);
#803 = EDGE_CURVE('',#804,#754,#806,.T.);
#804 = VERTEX_POINT('',#805);
#805 = CARTESIAN_POINT('',(-8.,42.,17.));
#806 = SURFACE_CURVE('',#807,(#811,#817),.PCURVE_S1.);
#807 = LINE('',#808,#809);
#808 = CARTESIAN_POINT('',(-8.,10.719840027858,17.));
#809 = VECTOR('',#810,1.);
#810 = DIRECTION('',(0.,-1.,0.));
#811 = PCURVE('',#420,#812);
#812 = DEFINITIONAL_REPRESENTATION('',(#813),#816);
#813 = B_SPLINE_CURVE_WITH_KNOTS('',1,(#814,#815),.UNSPECIFIED.,.F.,.F.,
  (2,2),(-40.28015997214,10.719840027858),.PIECEWISE_BEZIER_KNOTS.);
#814 = CARTESIAN_POINT('',(-1.939680055716,-29.06031994428));
#815 = CARTESIAN_POINT('',(-1.939680055716,21.939680055716));
#816 = ( GEOMETRIC_REPRESENTATION_CONTEXT(2) 
PARAMETRIC_REPRESENTATION_CONTEXT() REPRESENTATION_CONTEXT('2D SPACE',''
  ) );
#817 = PCURVE('',#789,#818);
#818 = DEFINITIONAL_REPRESENTATION('',(#819),#822);
#819 = B_SPLINE_CURVE_WITH_KNOTS('',1,(#820,#821),.UNSPECIFIED.,.F.,.F.,
  (2,2),(-40.28015997214,10.719840027858),.PIECEWISE_BEZIER_KNOTS.);
#820 = CARTESIAN_POINT('',(6.,51.5));
#821 = CARTESIAN_POINT('',(6.,0.5));
#822 = ( GEOMETRIC_REPRESENTATION_CONTEXT(2) 
PARAMETRIC_REPRESENTATION_CONTEXT() REPRESENTATION_CONTEXT('2D SPACE',''
  ) );
#823 = ORIENTED_EDGE('',*,*,#824,.T.);
#824 = EDGE_CURVE('',#804,#382,#825,.T.);
#825 = SURFACE_CURVE('',#826,(#830,#837),.PCURVE_S1.);
#826 = LINE('',#827,#828);
#827 = CARTESIAN_POINT('',(-8.,51.,20.));
#828 = VECTOR('',#829,1.);
#829 = DIRECTION('',(0.,-0.948683298051,-0.316227766017));
#830 = PCURVE('',#420,#831);
#831 = DEFINITIONAL_REPRESENTATION('',(#832),#836);
#832 = LINE('',#833,#834);
#833 = CARTESIAN_POINT('',(-4.939680055716,-29.06031994428));
#834 = VECTOR('',#835,1.);
#835 = DIRECTION('',(0.316227766017,0.948683298051));
#836 = ( GEOMETRIC_REPRESENTATION_CONTEXT(2) 
PARAMETRIC_REPRESENTATION_CONTEXT() REPRESENTATION_CONTEXT('2D SPACE',''
  ) );
#837 = PCURVE('',#396,#838);
#838 = DEFINITIONAL_REPRESENTATION('',(#839),#843);
#839 = LINE('',#840,#841);
#840 = CARTESIAN_POINT('',(0.,-4.));
#841 = VECTOR('',#842,1.);
#842 = DIRECTION('',(1.,0.));
#843 = ( GEOMETRIC_REPRESENTATION_CONTEXT(2) 
PARAMETRIC_REPRESENTATION_CONTEXT() REPRESENTATION_CONTEXT('2D SPACE',''
  ) );
#844 = ORIENTED_EDGE('',*,*,#407,.T.);
#845 = ORIENTED_EDGE('',*,*,#753,.T.);
#846 = ADVANCED_FACE('',(#847),#396,.T.);
#847 = FACE_BOUND('',#848,.T.);
#848 = EDGE_LOOP('',(#849,#872,#891,#892));
#849 = ORIENTED_EDGE('',*,*,#850,.F.);
#850 = EDGE_CURVE('',#851,#356,#853,.T.);
#851 = VERTEX_POINT('',#852);
#852 = CARTESIAN_POINT('',(-12.,42.,17.));
#853 = SURFACE_CURVE('',#854,(#858,#865),.PCURVE_S1.);
#854 = LINE('',#855,#856);
#855 = CARTESIAN_POINT('',(-12.,51.,20.));
#856 = VECTOR('',#857,1.);
#857 = DIRECTION('',(0.,-0.948683298051,-0.316227766017));
#858 = PCURVE('',#396,#859);
#859 = DEFINITIONAL_REPRESENTATION('',(#860),#864);
#860 = LINE('',#861,#862);
#861 = CARTESIAN_POINT('',(0.,0.));
#862 = VECTOR('',#863,1.);
#863 = DIRECTION('',(1.,0.));
#864 = ( GEOMETRIC_REPRESENTATION_CONTEXT(2) 
PARAMETRIC_REPRESENTATION_CONTEXT() REPRESENTATION_CONTEXT('2D SPACE',''
  ) );
#865 = PCURVE('',#370,#866);
#866 = DEFINITIONAL_REPRESENTATION('',(#867),#871);
#867 = LINE('',#868,#869);
#868 = CARTESIAN_POINT('',(-4.939680055716,-29.06031994428));
#869 = VECTOR('',#870,1.);
#870 = DIRECTION('',(0.316227766017,0.948683298051));
#871 = ( GEOMETRIC_REPRESENTATION_CONTEXT(2) 
PARAMETRIC_REPRESENTATION_CONTEXT() REPRESENTATION_CONTEXT('2D SPACE',''
  ) );
#872 = ORIENTED_EDGE('',*,*,#873,.F.);
#873 = EDGE_CURVE('',#804,#851,#874,.T.);
#874 = SURFACE_CURVE('',#875,(#879,#885),.PCURVE_S1.);
#875 = LINE('',#876,#877);
#876 = CARTESIAN_POINT('',(-13.,42.,17.));
#877 = VECTOR('',#878,1.);
#878 = DIRECTION('',(-1.,0.,0.));
#879 = PCURVE('',#396,#880);
#880 = DEFINITIONAL_REPRESENTATION('',(#881),#884);
#881 = B_SPLINE_CURVE_WITH_KNOTS('',1,(#882,#883),.UNSPECIFIED.,.F.,.F.,
  (2,2),(-5.,-1.),.PIECEWISE_BEZIER_KNOTS.);
#882 = CARTESIAN_POINT('',(9.486832980505,-4.));
#883 = CARTESIAN_POINT('',(9.486832980505,0.));
#884 = ( GEOMETRIC_REPRESENTATION_CONTEXT(2) 
PARAMETRIC_REPRESENTATION_CONTEXT() REPRESENTATION_CONTEXT('2D SPACE',''
  ) );
#885 = PCURVE('',#789,#886);
#886 = DEFINITIONAL_REPRESENTATION('',(#887),#890);
#887 = B_SPLINE_CURVE_WITH_KNOTS('',1,(#888,#889),.UNSPECIFIED.,.F.,.F.,
  (2,2),(-5.,-1.),.PIECEWISE_BEZIER_KNOTS.);
#888 = CARTESIAN_POINT('',(6.,42.5));
#889 = CARTESIAN_POINT('',(2.,42.5));
#890 = ( GEOMETRIC_REPRESENTATION_CONTEXT(2) 
PARAMETRIC_REPRESENTATION_CONTEXT() REPRESENTATION_CONTEXT('2D SPACE',''
  ) );
#891 = ORIENTED_EDGE('',*,*,#824,.T.);
#892 = ORIENTED_EDGE('',*,*,#381,.T.);
#893 = ADVANCED_FACE('',(#894),#370,.T.);
#894 = FACE_BOUND('',#895,.T.);
#895 = EDGE_LOOP('',(#896,#915,#916,#917));
#896 = ORIENTED_EDGE('',*,*,#897,.F.);
#897 = EDGE_CURVE('',#851,#730,#898,.T.);
#898 = SURFACE_CURVE('',#899,(#903,#909),.PCURVE_S1.);
#899 = LINE('',#900,#901);
#900 = CARTESIAN_POINT('',(-12.,10.719840027858,17.));
#901 = VECTOR('',#902,1.);
#902 = DIRECTION('',(0.,-1.,0.));
#903 = PCURVE('',#370,#904);
#904 = DEFINITIONAL_REPRESENTATION('',(#905),#908);
#905 = B_SPLINE_CURVE_WITH_KNOTS('',1,(#906,#907),.UNSPECIFIED.,.F.,.F.,
  (2,2),(-40.28015997214,10.719840027858),.PIECEWISE_BEZIER_KNOTS.);
#906 = CARTESIAN_POINT('',(-1.939680055716,-29.06031994428));
#907 = CARTESIAN_POINT('',(-1.939680055716,21.939680055716));
#908 = ( GEOMETRIC_REPRESENTATION_CONTEXT(2) 
PARAMETRIC_REPRESENTATION_CONTEXT() REPRESENTATION_CONTEXT('2D SPACE',''
  ) );
#909 = PCURVE('',#789,#910);
#910 = DEFINITIONAL_REPRESENTATION('',(#911),#914);
#911 = B_SPLINE_CURVE_WITH_KNOTS('',1,(#912,#913),.UNSPECIFIED.,.F.,.F.,
  (2,2),(-40.28015997214,10.719840027858),.PIECEWISE_BEZIER_KNOTS.);
#912 = CARTESIAN_POINT('',(2.,51.5));
#913 = CARTESIAN_POINT('',(2.,0.5));
#914 = ( GEOMETRIC_REPRESENTATION_CONTEXT(2) 
PARAMETRIC_REPRESENTATION_CONTEXT() REPRESENTATION_CONTEXT('2D SPACE',''
  ) );
#915 = ORIENTED_EDGE('',*,*,#850,.T.);
#916 = ORIENTED_EDGE('',*,*,#355,.T.);
#917 = ORIENTED_EDGE('',*,*,#729,.T.);
#918 = ADVANCED_FACE('',(#919),#450,.T.);
#919 = FACE_BOUND('',#920,.T.);
#920 = EDGE_LOOP('',(#921,#944,#945,#968));
#921 = ORIENTED_EDGE('',*,*,#922,.F.);
#922 = EDGE_CURVE('',#434,#923,#925,.T.);
#923 = VERTEX_POINT('',#924);
#924 = CARTESIAN_POINT('',(8.,0.,17.));
#925 = SURFACE_CURVE('',#926,(#930,#937),.PCURVE_S1.);
#926 = LINE('',#927,#928);
#927 = CARTESIAN_POINT('',(8.,0.,3.));
#928 = VECTOR('',#929,1.);
#929 = DIRECTION('',(0.,0.,1.));
#930 = PCURVE('',#450,#931);
#931 = DEFINITIONAL_REPRESENTATION('',(#932),#936);
#932 = LINE('',#933,#934);
#933 = CARTESIAN_POINT('',(0.,0.));
#934 = VECTOR('',#935,1.);
#935 = DIRECTION('',(1.,0.));
#936 = ( GEOMETRIC_REPRESENTATION_CONTEXT(2) 
PARAMETRIC_REPRESENTATION_CONTEXT() REPRESENTATION_CONTEXT('2D SPACE',''
  ) );
#937 = PCURVE('',#476,#938);
#938 = DEFINITIONAL_REPRESENTATION('',(#939),#943);
#939 = LINE('',#940,#941);
#940 = CARTESIAN_POINT('',(12.060319944284,21.939680055716));
#941 = VECTOR('',#942,1.);
#942 = DIRECTION('',(-1.,0.));
#943 = ( GEOMETRIC_REPRESENTATION_CONTEXT(2) 
PARAMETRIC_REPRESENTATION_CONTEXT() REPRESENTATION_CONTEXT('2D SPACE',''
  ) );
#944 = ORIENTED_EDGE('',*,*,#433,.T.);
#945 = ORIENTED_EDGE('',*,*,#946,.T.);
#946 = EDGE_CURVE('',#436,#947,#949,.T.);
#947 = VERTEX_POINT('',#948);
#948 = CARTESIAN_POINT('',(12.,0.,17.));
#949 = SURFACE_CURVE('',#950,(#954,#961),.PCURVE_S1.);
#950 = LINE('',#951,#952);
#951 = CARTESIAN_POINT('',(12.,0.,3.));
#952 = VECTOR('',#953,1.);
#953 = DIRECTION('',(0.,0.,1.));
#954 = PCURVE('',#450,#955);
#955 = DEFINITIONAL_REPRESENTATION('',(#956),#960);
#956 = LINE('',#957,#958);
#957 = CARTESIAN_POINT('',(0.,-4.));
#958 = VECTOR('',#959,1.);
#959 = DIRECTION('',(1.,0.));
#960 = ( GEOMETRIC_REPRESENTATION_CONTEXT(2) 
PARAMETRIC_REPRESENTATION_CONTEXT() REPRESENTATION_CONTEXT('2D SPACE',''
  ) );
#961 = PCURVE('',#526,#962);
#962 = DEFINITIONAL_REPRESENTATION('',(#963),#967);
#963 = LINE('',#964,#965);
#964 = CARTESIAN_POINT('',(12.060319944284,21.939680055716));
#965 = VECTOR('',#966,1.);
#966 = DIRECTION('',(-1.,0.));
#967 = ( GEOMETRIC_REPRESENTATION_CONTEXT(2) 
PARAMETRIC_REPRESENTATION_CONTEXT() REPRESENTATION_CONTEXT('2D SPACE',''
  ) );
#968 = ORIENTED_EDGE('',*,*,#969,.F.);
#969 = EDGE_CURVE('',#923,#947,#970,.T.);
#970 = SURFACE_CURVE('',#971,(#975,#981),.PCURVE_S1.);
#971 = LINE('',#972,#973);
#972 = CARTESIAN_POINT('',(-3.,0.,17.));
#973 = VECTOR('',#974,1.);
#974 = DIRECTION('',(1.,0.,-0.));
#975 = PCURVE('',#450,#976);
#976 = DEFINITIONAL_REPRESENTATION('',(#977),#980);
#977 = B_SPLINE_CURVE_WITH_KNOTS('',1,(#978,#979),.UNSPECIFIED.,.F.,.F.,
  (2,2),(11.,15.),.PIECEWISE_BEZIER_KNOTS.);
#978 = CARTESIAN_POINT('',(14.,0.));
#979 = CARTESIAN_POINT('',(14.,-4.));
#980 = ( GEOMETRIC_REPRESENTATION_CONTEXT(2) 
PARAMETRIC_REPRESENTATION_CONTEXT() REPRESENTATION_CONTEXT('2D SPACE',''
  ) );
#981 = PCURVE('',#789,#982);
#982 = DEFINITIONAL_REPRESENTATION('',(#983),#986);
#983 = B_SPLINE_CURVE_WITH_KNOTS('',1,(#984,#985),.UNSPECIFIED.,.F.,.F.,
  (2,2),(11.,15.),.PIECEWISE_BEZIER_KNOTS.);
#984 = CARTESIAN_POINT('',(22.,0.5));
#985 = CARTESIAN_POINT('',(26.,0.5));
#986 = ( GEOMETRIC_REPRESENTATION_CONTEXT(2) 
PARAMETRIC_REPRESENTATION_CONTEXT() REPRESENTATION_CONTEXT('2D SPACE',''
  ) );
#987 = ADVANCED_FACE('',(#988),#526,.F.);
#988 = FACE_BOUND('',#989,.F.);
#989 = EDGE_LOOP('',(#990,#1011,#1032,#1033));
#990 = ORIENTED_EDGE('',*,*,#991,.F.);
#991 = EDGE_CURVE('',#992,#947,#994,.T.);
#992 = VERTEX_POINT('',#993);
#993 = CARTESIAN_POINT('',(12.,42.,17.));
#994 = SURFACE_CURVE('',#995,(#999,#1005),.PCURVE_S1.);
#995 = LINE('',#996,#997);
#996 = CARTESIAN_POINT('',(12.,10.719840027858,17.));
#997 = VECTOR('',#998,1.);
#998 = DIRECTION('',(0.,-1.,0.));
#999 = PCURVE('',#526,#1000);
#1000 = DEFINITIONAL_REPRESENTATION('',(#1001),#1004);
#1001 = B_SPLINE_CURVE_WITH_KNOTS('',1,(#1002,#1003),.UNSPECIFIED.,.F.,
  .F.,(2,2),(-40.28015997214,10.719840027858),.PIECEWISE_BEZIER_KNOTS.);
#1002 = CARTESIAN_POINT('',(-1.939680055716,-29.06031994428));
#1003 = CARTESIAN_POINT('',(-1.939680055716,21.939680055716));
#1004 = ( GEOMETRIC_REPRESENTATION_CONTEXT(2) 
PARAMETRIC_REPRESENTATION_CONTEXT() REPRESENTATION_CONTEXT('2D SPACE',''
  ) );
#1005 = PCURVE('',#789,#1006);
#1006 = DEFINITIONAL_REPRESENTATION('',(#1007),#1010);
#1007 = B_SPLINE_CURVE_WITH_KNOTS('',1,(#1008,#1009),.UNSPECIFIED.,.F.,
  .F.,(2,2),(-40.28015997214,10.719840027858),.PIECEWISE_BEZIER_KNOTS.);
#1008 = CARTESIAN_POINT('',(26.,51.5));
#1009 = CARTESIAN_POINT('',(26.,0.5));
#1010 = ( GEOMETRIC_REPRESENTATION_CONTEXT(2) 
PARAMETRIC_REPRESENTATION_CONTEXT() REPRESENTATION_CONTEXT('2D SPACE',''
  ) );
#1011 = ORIENTED_EDGE('',*,*,#1012,.T.);
#1012 = EDGE_CURVE('',#992,#488,#1013,.T.);
#1013 = SURFACE_CURVE('',#1014,(#1018,#1025),.PCURVE_S1.);
#1014 = LINE('',#1015,#1016);
#1015 = CARTESIAN_POINT('',(12.,51.,20.));
#1016 = VECTOR('',#1017,1.);
#1017 = DIRECTION('',(0.,-0.948683298051,-0.316227766017));
#1018 = PCURVE('',#526,#1019);
#1019 = DEFINITIONAL_REPRESENTATION('',(#1020),#1024);
#1020 = LINE('',#1021,#1022);
#1021 = CARTESIAN_POINT('',(-4.939680055716,-29.06031994428));
#1022 = VECTOR('',#1023,1.);
#1023 = DIRECTION('',(0.316227766017,0.948683298051));
#1024 = ( GEOMETRIC_REPRESENTATION_CONTEXT(2) 
PARAMETRIC_REPRESENTATION_CONTEXT() REPRESENTATION_CONTEXT('2D SPACE',''
  ) );
#1025 = PCURVE('',#502,#1026);
#1026 = DEFINITIONAL_REPRESENTATION('',(#1027),#1031);
#1027 = LINE('',#1028,#1029);
#1028 = CARTESIAN_POINT('',(0.,-4.));
#1029 = VECTOR('',#1030,1.);
#1030 = DIRECTION('',(1.,0.));
#1031 = ( GEOMETRIC_REPRESENTATION_CONTEXT(2) 
PARAMETRIC_REPRESENTATION_CONTEXT() REPRESENTATION_CONTEXT('2D SPACE',''
  ) );
#1032 = ORIENTED_EDGE('',*,*,#513,.T.);
#1033 = ORIENTED_EDGE('',*,*,#946,.T.);
#1034 = ADVANCED_FACE('',(#1035),#502,.T.);
#1035 = FACE_BOUND('',#1036,.T.);
#1036 = EDGE_LOOP('',(#1037,#1060,#1079,#1080));
#1037 = ORIENTED_EDGE('',*,*,#1038,.F.);
#1038 = EDGE_CURVE('',#1039,#462,#1041,.T.);
#1039 = VERTEX_POINT('',#1040);
#1040 = CARTESIAN_POINT('',(8.,42.,17.));
#1041 = SURFACE_CURVE('',#1042,(#1046,#1053),.PCURVE_S1.);
#1042 = LINE('',#1043,#1044);
#1043 = CARTESIAN_POINT('',(8.,51.,20.));
#1044 = VECTOR('',#1045,1.);
#1045 = DIRECTION('',(0.,-0.948683298051,-0.316227766017));
#1046 = PCURVE('',#502,#1047);
#1047 = DEFINITIONAL_REPRESENTATION('',(#1048),#1052);
#1048 = LINE('',#1049,#1050);
#1049 = CARTESIAN_POINT('',(0.,0.));
#1050 = VECTOR('',#1051,1.);
#1051 = DIRECTION('',(1.,0.));
#1052 = ( GEOMETRIC_REPRESENTATION_CONTEXT(2) 
PARAMETRIC_REPRESENTATION_CONTEXT() REPRESENTATION_CONTEXT('2D SPACE',''
  ) );
#1053 = PCURVE('',#476,#1054);
#1054 = DEFINITIONAL_REPRESENTATION('',(#1055),#1059);
#1055 = LINE('',#1056,#1057);
#1056 = CARTESIAN_POINT('',(-4.939680055716,-29.06031994428));
#1057 = VECTOR('',#1058,1.);
#1058 = DIRECTION('',(0.316227766017,0.948683298051));
#1059 = ( GEOMETRIC_REPRESENTATION_CONTEXT(2) 
PARAMETRIC_REPRESENTATION_CONTEXT() REPRESENTATION_CONTEXT('2D SPACE',''
  ) );
#1060 = ORIENTED_EDGE('',*,*,#1061,.F.);
#1061 = EDGE_CURVE('',#992,#1039,#1062,.T.);
#1062 = SURFACE_CURVE('',#1063,(#1067,#1073),.PCURVE_S1.);
#1063 = LINE('',#1064,#1065);
#1064 = CARTESIAN_POINT('',(-3.,42.,17.));
#1065 = VECTOR('',#1066,1.);
#1066 = DIRECTION('',(-1.,0.,0.));
#1067 = PCURVE('',#502,#1068);
#1068 = DEFINITIONAL_REPRESENTATION('',(#1069),#1072);
#1069 = B_SPLINE_CURVE_WITH_KNOTS('',1,(#1070,#1071),.UNSPECIFIED.,.F.,
  .F.,(2,2),(-15.,-11.),.PIECEWISE_BEZIER_KNOTS.);
#1070 = CARTESIAN_POINT('',(9.486832980505,-4.));
#1071 = CARTESIAN_POINT('',(9.486832980505,0.));
#1072 = ( GEOMETRIC_REPRESENTATION_CONTEXT(2) 
PARAMETRIC_REPRESENTATION_CONTEXT() REPRESENTATION_CONTEXT('2D SPACE',''
  ) );
#1073 = PCURVE('',#789,#1074);
#1074 = DEFINITIONAL_REPRESENTATION('',(#1075),#1078);
#1075 = B_SPLINE_CURVE_WITH_KNOTS('',1,(#1076,#1077),.UNSPECIFIED.,.F.,
  .F.,(2,2),(-15.,-11.),.PIECEWISE_BEZIER_KNOTS.);
#1076 = CARTESIAN_POINT('',(26.,42.5));
#1077 = CARTESIAN_POINT('',(22.,42.5));
#1078 = ( GEOMETRIC_REPRESENTATION_CONTEXT(2) 
PARAMETRIC_REPRESENTATION_CONTEXT() REPRESENTATION_CONTEXT('2D SPACE',''
  ) );
#1079 = ORIENTED_EDGE('',*,*,#1012,.T.);
#1080 = ORIENTED_EDGE('',*,*,#487,.T.);
#1081 = ADVANCED_FACE('',(#1082),#476,.T.);
#1082 = FACE_BOUND('',#1083,.T.);
#1083 = EDGE_LOOP('',(#1084,#1103,#1104,#1105));
#1084 = ORIENTED_EDGE('',*,*,#1085,.F.);
#1085 = EDGE_CURVE('',#1039,#923,#1086,.T.);
#1086 = SURFACE_CURVE('',#1087,(#1091,#1097),.PCURVE_S1.);
#1087 = LINE('',#1088,#1089);
#1088 = CARTESIAN_POINT('',(8.,10.719840027858,17.));
#1089 = VECTOR('',#1090,1.);
#1090 = DIRECTION('',(0.,-1.,0.));
#1091 = PCURVE('',#476,#1092);
#1092 = DEFINITIONAL_REPRESENTATION('',(#1093),#1096);
#1093 = B_SPLINE_CURVE_WITH_KNOTS('',1,(#1094,#1095),.UNSPECIFIED.,.F.,
  .F.,(2,2),(-40.28015997214,10.719840027858),.PIECEWISE_BEZIER_KNOTS.);
#1094 = CARTESIAN_POINT('',(-1.939680055716,-29.06031994428));
#1095 = CARTESIAN_POINT('',(-1.939680055716,21.939680055716));
#1096 = ( GEOMETRIC_REPRESENTATION_CONTEXT(2) 
PARAMETRIC_REPRESENTATION_CONTEXT() REPRESENTATION_CONTEXT('2D SPACE',''
  ) );
#1097 = PCURVE('',#789,#1098);
#1098 = DEFINITIONAL_REPRESENTATION('',(#1099),#1102);
#1099 = B_SPLINE_CURVE_WITH_KNOTS('',1,(#1100,#1101),.UNSPECIFIED.,.F.,
  .F.,(2,2),(-40.28015997214,10.719840027858),.PIECEWISE_BEZIER_KNOTS.);
#1100 = CARTESIAN_POINT('',(22.,51.5));
#1101 = CARTESIAN_POINT('',(22.,0.5));
#1102 = ( GEOMETRIC_REPRESENTATION_CONTEXT(2) 
PARAMETRIC_REPRESENTATION_CONTEXT() REPRESENTATION_CONTEXT('2D SPACE',''
  ) );
#1103 = ORIENTED_EDGE('',*,*,#1038,.T.);
#1104 = ORIENTED_EDGE('',*,*,#461,.T.);
#1105 = ORIENTED_EDGE('',*,*,#922,.T.);
#1106 = ADVANCED_FACE('',(#1107,#1221,#1227),#789,.F.);
#1107 = FACE_BOUND('',#1108,.F.);
#1108 = EDGE_LOOP('',(#1109,#1139,#1167,#1195));
#1109 = ORIENTED_EDGE('',*,*,#1110,.F.);
#1110 = EDGE_CURVE('',#1111,#1113,#1115,.T.);
#1111 = VERTEX_POINT('',#1112);
#1112 = CARTESIAN_POINT('',(-14.,-0.5,17.));
#1113 = VERTEX_POINT('',#1114);
#1114 = CARTESIAN_POINT('',(-14.,52.5,17.));
#1115 = SURFACE_CURVE('',#1116,(#1120,#1127),.PCURVE_S1.);
#1116 = LINE('',#1117,#1118);
#1117 = CARTESIAN_POINT('',(-14.,-0.5,17.));
#1118 = VECTOR('',#1119,1.);
#1119 = DIRECTION('',(0.,1.,0.));
#1120 = PCURVE('',#789,#1121);
#1121 = DEFINITIONAL_REPRESENTATION('',(#1122),#1126);
#1122 = LINE('',#1123,#1124);
#1123 = CARTESIAN_POINT('',(0.,0.));
#1124 = VECTOR('',#1125,1.);
#1125 = DIRECTION('',(0.,1.));
#1126 = ( GEOMETRIC_REPRESENTATION_CONTEXT(2) 
PARAMETRIC_REPRESENTATION_CONTEXT() REPRESENTATION_CONTEXT('2D SPACE',''
  ) );
#1127 = PCURVE('',#1128,#1133);
#1128 = PLANE('',#1129);
#1129 = AXIS2_PLACEMENT_3D('',#1130,#1131,#1132);
#1130 = CARTESIAN_POINT('',(-14.,-0.5,17.));
#1131 = DIRECTION('',(1.,0.,0.));
#1132 = DIRECTION('',(0.,0.,1.));
#1133 = DEFINITIONAL_REPRESENTATION('',(#1134),#1138);
#1134 = LINE('',#1135,#1136);
#1135 = CARTESIAN_POINT('',(0.,0.));
#1136 = VECTOR('',#1137,1.);
#1137 = DIRECTION('',(0.,-1.));
#1138 = ( GEOMETRIC_REPRESENTATION_CONTEXT(2) 
PARAMETRIC_REPRESENTATION_CONTEXT() REPRESENTATION_CONTEXT('2D SPACE',''
  ) );
#1139 = ORIENTED_EDGE('',*,*,#1140,.T.);
#1140 = EDGE_CURVE('',#1111,#1141,#1143,.T.);
#1141 = VERTEX_POINT('',#1142);
#1142 = CARTESIAN_POINT('',(14.,-0.5,17.));
#1143 = SURFACE_CURVE('',#1144,(#1148,#1155),.PCURVE_S1.);
#1144 = LINE('',#1145,#1146);
#1145 = CARTESIAN_POINT('',(-14.,-0.5,17.));
#1146 = VECTOR('',#1147,1.);
#1147 = DIRECTION('',(1.,0.,0.));
#1148 = PCURVE('',#789,#1149);
#1149 = DEFINITIONAL_REPRESENTATION('',(#1150),#1154);
#1150 = LINE('',#1151,#1152);
#1151 = CARTESIAN_POINT('',(0.,0.));
#1152 = VECTOR('',#1153,1.);
#1153 = DIRECTION('',(1.,0.));
#1154 = ( GEOMETRIC_REPRESENTATION_CONTEXT(2) 
PARAMETRIC_REPRESENTATION_CONTEXT() REPRESENTATION_CONTEXT('2D SPACE',''
  ) );
#1155 = PCURVE('',#1156,#1161);
#1156 = PLANE('',#1157);
#1157 = AXIS2_PLACEMENT_3D('',#1158,#1159,#1160);
#1158 = CARTESIAN_POINT('',(-14.,-0.5,17.));
#1159 = DIRECTION('',(0.,1.,0.));
#1160 = DIRECTION('',(0.,0.,1.));
#1161 = DEFINITIONAL_REPRESENTATION('',(#1162),#1166);
#1162 = LINE('',#1163,#1164);
#1163 = CARTESIAN_POINT('',(0.,0.));
#1164 = VECTOR('',#1165,1.);
#1165 = DIRECTION('',(0.,1.));
#1166 = ( GEOMETRIC_REPRESENTATION_CONTEXT(2) 
PARAMETRIC_REPRESENTATION_CONTEXT() REPRESENTATION_CONTEXT('2D SPACE',''
  ) );
#1167 = ORIENTED_EDGE('',*,*,#1168,.T.);
#1168 = EDGE_CURVE('',#1141,#1169,#1171,.T.);
#1169 = VERTEX_POINT('',#1170);
#1170 = CARTESIAN_POINT('',(14.,52.5,17.));
#1171 = SURFACE_CURVE('',#1172,(#1176,#1183),.PCURVE_S1.);
#1172 = LINE('',#1173,#1174);
#1173 = CARTESIAN_POINT('',(14.,-0.5,17.));
#1174 = VECTOR('',#1175,1.);
#1175 = DIRECTION('',(0.,1.,0.));
#1176 = PCURVE('',#789,#1177);
#1177 = DEFINITIONAL_REPRESENTATION('',(#1178),#1182);
#1178 = LINE('',#1179,#1180);
#1179 = CARTESIAN_POINT('',(28.,0.));
#1180 = VECTOR('',#1181,1.);
#1181 = DIRECTION('',(0.,1.));
#1182 = ( GEOMETRIC_REPRESENTATION_CONTEXT(2) 
PARAMETRIC_REPRESENTATION_CONTEXT() REPRESENTATION_CONTEXT('2D SPACE',''
  ) );
#1183 = PCURVE('',#1184,#1189);
#1184 = PLANE('',#1185);
#1185 = AXIS2_PLACEMENT_3D('',#1186,#1187,#1188);
#1186 = CARTESIAN_POINT('',(14.,-0.5,17.));
#1187 = DIRECTION('',(1.,0.,0.));
#1188 = DIRECTION('',(0.,0.,1.));
#1189 = DEFINITIONAL_REPRESENTATION('',(#1190),#1194);
#1190 = LINE('',#1191,#1192);
#1191 = CARTESIAN_POINT('',(0.,0.));
#1192 = VECTOR('',#1193,1.);
#1193 = DIRECTION('',(0.,-1.));
#1194 = ( GEOMETRIC_REPRESENTATION_CONTEXT(2) 
PARAMETRIC_REPRESENTATION_CONTEXT() REPRESENTATION_CONTEXT('2D SPACE',''
  ) );
#1195 = ORIENTED_EDGE('',*,*,#1196,.F.);
#1196 = EDGE_CURVE('',#1113,#1169,#1197,.T.);
#1197 = SURFACE_CURVE('',#1198,(#1202,#1209),.PCURVE_S1.);
#1198 = LINE('',#1199,#1200);
#1199 = CARTESIAN_POINT('',(-14.,52.5,17.));
#1200 = VECTOR('',#1201,1.);
#1201 = DIRECTION('',(1.,0.,0.));
#1202 = PCURVE('',#789,#1203);
#1203 = DEFINITIONAL_REPRESENTATION('',(#1204),#1208);
#1204 = LINE('',#1205,#1206);
#1205 = CARTESIAN_POINT('',(0.,53.));
#1206 = VECTOR('',#1207,1.);
#1207 = DIRECTION('',(1.,0.));
#1208 = ( GEOMETRIC_REPRESENTATION_CONTEXT(2) 
PARAMETRIC_REPRESENTATION_CONTEXT() REPRESENTATION_CONTEXT('2D SPACE',''
  ) );
#1209 = PCURVE('',#1210,#1215);
#1210 = PLANE('',#1211);
#1211 = AXIS2_PLACEMENT_3D('',#1212,#1213,#1214);
#1212 = CARTESIAN_POINT('',(-14.,52.5,17.));
#1213 = DIRECTION('',(0.,1.,0.));
#1214 = DIRECTION('',(0.,0.,1.));
#1215 = DEFINITIONAL_REPRESENTATION('',(#1216),#1220);
#1216 = LINE('',#1217,#1218);
#1217 = CARTESIAN_POINT('',(0.,0.));
#1218 = VECTOR('',#1219,1.);
#1219 = DIRECTION('',(0.,1.));
#1220 = ( GEOMETRIC_REPRESENTATION_CONTEXT(2) 
PARAMETRIC_REPRESENTATION_CONTEXT() REPRESENTATION_CONTEXT('2D SPACE',''
  ) );
#1221 = FACE_BOUND('',#1222,.F.);
#1222 = EDGE_LOOP('',(#1223,#1224,#1225,#1226));
#1223 = ORIENTED_EDGE('',*,*,#776,.F.);
#1224 = ORIENTED_EDGE('',*,*,#897,.F.);
#1225 = ORIENTED_EDGE('',*,*,#873,.F.);
#1226 = ORIENTED_EDGE('',*,*,#803,.T.);
#1227 = FACE_BOUND('',#1228,.F.);
#1228 = EDGE_LOOP('',(#1229,#1230,#1231,#1232));
#1229 = ORIENTED_EDGE('',*,*,#969,.F.);
#1230 = ORIENTED_EDGE('',*,*,#1085,.F.);
#1231 = ORIENTED_EDGE('',*,*,#1061,.F.);
#1232 = ORIENTED_EDGE('',*,*,#991,.T.);
#1233 = ADVANCED_FACE('',(#1234),#1128,.F.);
#1234 = FACE_BOUND('',#1235,.F.);
#1235 = EDGE_LOOP('',(#1236,#1259,#1260,#1283));
#1236 = ORIENTED_EDGE('',*,*,#1237,.F.);
#1237 = EDGE_CURVE('',#1111,#1238,#1240,.T.);
#1238 = VERTEX_POINT('',#1239);
#1239 = CARTESIAN_POINT('',(-14.,-0.5,23.));
#1240 = SURFACE_CURVE('',#1241,(#1245,#1252),.PCURVE_S1.);
#1241 = LINE('',#1242,#1243);
#1242 = CARTESIAN_POINT('',(-14.,-0.5,17.));
#1243 = VECTOR('',#1244,1.);
#1244 = DIRECTION('',(0.,0.,1.));
#1245 = PCURVE('',#1128,#1246);
#1246 = DEFINITIONAL_REPRESENTATION('',(#1247),#1251);
#1247 = LINE('',#1248,#1249);
#1248 = CARTESIAN_POINT('',(0.,0.));
#1249 = VECTOR('',#1250,1.);
#1250 = DIRECTION('',(1.,0.));
#1251 = ( GEOMETRIC_REPRESENTATION_CONTEXT(2) 
PARAMETRIC_REPRESENTATION_CONTEXT() REPRESENTATION_CONTEXT('2D SPACE',''
  ) );
#1252 = PCURVE('',#1156,#1253);
#1253 = DEFINITIONAL_REPRESENTATION('',(#1254),#1258);
#1254 = LINE('',#1255,#1256);
#1255 = CARTESIAN_POINT('',(0.,0.));
#1256 = VECTOR('',#1257,1.);
#1257 = DIRECTION('',(1.,0.));
#1258 = ( GEOMETRIC_REPRESENTATION_CONTEXT(2) 
PARAMETRIC_REPRESENTATION_CONTEXT() REPRESENTATION_CONTEXT('2D SPACE',''
  ) );
#1259 = ORIENTED_EDGE('',*,*,#1110,.T.);
#1260 = ORIENTED_EDGE('',*,*,#1261,.T.);
#1261 = EDGE_CURVE('',#1113,#1262,#1264,.T.);
#1262 = VERTEX_POINT('',#1263);
#1263 = CARTESIAN_POINT('',(-14.,52.5,23.));
#1264 = SURFACE_CURVE('',#1265,(#1269,#1276),.PCURVE_S1.);
#1265 = LINE('',#1266,#1267);
#1266 = CARTESIAN_POINT('',(-14.,52.5,17.));
#1267 = VECTOR('',#1268,1.);
#1268 = DIRECTION('',(0.,0.,1.));
#1269 = PCURVE('',#1128,#1270);
#1270 = DEFINITIONAL_REPRESENTATION('',(#1271),#1275);
#1271 = LINE('',#1272,#1273);
#1272 = CARTESIAN_POINT('',(0.,-53.));
#1273 = VECTOR('',#1274,1.);
#1274 = DIRECTION('',(1.,0.));
#1275 = ( GEOMETRIC_REPRESENTATION_CONTEXT(2) 
PARAMETRIC_REPRESENTATION_CONTEXT() REPRESENTATION_CONTEXT('2D SPACE',''
  ) );
#1276 = PCURVE('',#1210,#1277);
#1277 = DEFINITIONAL_REPRESENTATION('',(#1278),#1282);
#1278 = LINE('',#1279,#1280);
#1279 = CARTESIAN_POINT('',(0.,0.));
#1280 = VECTOR('',#1281,1.);
#1281 = DIRECTION('',(1.,0.));
#1282 = ( GEOMETRIC_REPRESENTATION_CONTEXT(2) 
PARAMETRIC_REPRESENTATION_CONTEXT() REPRESENTATION_CONTEXT('2D SPACE',''
  ) );
#1283 = ORIENTED_EDGE('',*,*,#1284,.F.);
#1284 = EDGE_CURVE('',#1238,#1262,#1285,.T.);
#1285 = SURFACE_CURVE('',#1286,(#1290,#1297),.PCURVE_S1.);
#1286 = LINE('',#1287,#1288);
#1287 = CARTESIAN_POINT('',(-14.,-0.5,23.));
#1288 = VECTOR('',#1289,1.);
#1289 = DIRECTION('',(0.,1.,0.));
#1290 = PCURVE('',#1128,#1291);
#1291 = DEFINITIONAL_REPRESENTATION('',(#1292),#1296);
#1292 = LINE('',#1293,#1294);
#1293 = CARTESIAN_POINT('',(6.,0.));
#1294 = VECTOR('',#1295,1.);
#1295 = DIRECTION('',(0.,-1.));
#1296 = ( GEOMETRIC_REPRESENTATION_CONTEXT(2) 
PARAMETRIC_REPRESENTATION_CONTEXT() REPRESENTATION_CONTEXT('2D SPACE',''
  ) );
#1297 = PCURVE('',#1298,#1303);
#1298 = PLANE('',#1299);
#1299 = AXIS2_PLACEMENT_3D('',#1300,#1301,#1302);
#1300 = CARTESIAN_POINT('',(-14.,-0.5,23.));
#1301 = DIRECTION('',(0.,0.,1.));
#1302 = DIRECTION('',(1.,0.,0.));
#1303 = DEFINITIONAL_REPRESENTATION('',(#1304),#1308);
#1304 = LINE('',#1305,#1306);
#1305 = CARTESIAN_POINT('',(0.,0.));
#1306 = VECTOR('',#1307,1.);
#1307 = DIRECTION('',(0.,1.));
#1308 = ( GEOMETRIC_REPRESENTATION_CONTEXT(2) 
PARAMETRIC_REPRESENTATION_CONTEXT() REPRESENTATION_CONTEXT('2D SPACE',''
  ) );
#1309 = ADVANCED_FACE('',(#1310),#1210,.T.);
#1310 = FACE_BOUND('',#1311,.T.);
#1311 = EDGE_LOOP('',(#1312,#1313,#1314,#1337));
#1312 = ORIENTED_EDGE('',*,*,#1196,.F.);
#1313 = ORIENTED_EDGE('',*,*,#1261,.T.);
#1314 = ORIENTED_EDGE('',*,*,#1315,.T.);
#1315 = EDGE_CURVE('',#1262,#1316,#1318,.T.);
#1316 = VERTEX_POINT('',#1317);
#1317 = CARTESIAN_POINT('',(14.,52.5,23.));
#1318 = SURFACE_CURVE('',#1319,(#1323,#1330),.PCURVE_S1.);
#1319 = LINE('',#1320,#1321);
#1320 = CARTESIAN_POINT('',(-14.,52.5,23.));
#1321 = VECTOR('',#1322,1.);
#1322 = DIRECTION('',(1.,0.,0.));
#1323 = PCURVE('',#1210,#1324);
#1324 = DEFINITIONAL_REPRESENTATION('',(#1325),#1329);
#1325 = LINE('',#1326,#1327);
#1326 = CARTESIAN_POINT('',(6.,0.));
#1327 = VECTOR('',#1328,1.);
#1328 = DIRECTION('',(0.,1.));
#1329 = ( GEOMETRIC_REPRESENTATION_CONTEXT(2) 
PARAMETRIC_REPRESENTATION_CONTEXT() REPRESENTATION_CONTEXT('2D SPACE',''
  ) );
#1330 = PCURVE('',#1298,#1331);
#1331 = DEFINITIONAL_REPRESENTATION('',(#1332),#1336);
#1332 = LINE('',#1333,#1334);
#1333 = CARTESIAN_POINT('',(0.,53.));
#1334 = VECTOR('',#1335,1.);
#1335 = DIRECTION('',(1.,0.));
#1336 = ( GEOMETRIC_REPRESENTATION_CONTEXT(2) 
PARAMETRIC_REPRESENTATION_CONTEXT() REPRESENTATION_CONTEXT('2D SPACE',''
  ) );
#1337 = ORIENTED_EDGE('',*,*,#1338,.F.);
#1338 = EDGE_CURVE('',#1169,#1316,#1339,.T.);
#1339 = SURFACE_CURVE('',#1340,(#1344,#1351),.PCURVE_S1.);
#1340 = LINE('',#1341,#1342);
#1341 = CARTESIAN_POINT('',(14.,52.5,17.));
#1342 = VECTOR('',#1343,1.);
#1343 = DIRECTION('',(0.,0.,1.));
#1344 = PCURVE('',#1210,#1345);
#1345 = DEFINITIONAL_REPRESENTATION('',(#1346),#1350);
#1346 = LINE('',#1347,#1348);
#1347 = CARTESIAN_POINT('',(0.,28.));
#1348 = VECTOR('',#1349,1.);
#1349 = DIRECTION('',(1.,0.));
#1350 = ( GEOMETRIC_REPRESENTATION_CONTEXT(2) 
PARAMETRIC_REPRESENTATION_CONTEXT() REPRESENTATION_CONTEXT('2D SPACE',''
  ) );
#1351 = PCURVE('',#1184,#1352);
#1352 = DEFINITIONAL_REPRESENTATION('',(#1353),#1357);
#1353 = LINE('',#1354,#1355);
#1354 = CARTESIAN_POINT('',(0.,-53.));
#1355 = VECTOR('',#1356,1.);
#1356 = DIRECTION('',(1.,0.));
#1357 = ( GEOMETRIC_REPRESENTATION_CONTEXT(2) 
PARAMETRIC_REPRESENTATION_CONTEXT() REPRESENTATION_CONTEXT('2D SPACE',''
  ) );
#1358 = ADVANCED_FACE('',(#1359),#1156,.F.);
#1359 = FACE_BOUND('',#1360,.F.);
#1360 = EDGE_LOOP('',(#1361,#1362,#1363,#1386));
#1361 = ORIENTED_EDGE('',*,*,#1140,.F.);
#1362 = ORIENTED_EDGE('',*,*,#1237,.T.);
#1363 = ORIENTED_EDGE('',*,*,#1364,.T.);
#1364 = EDGE_CURVE('',#1238,#1365,#1367,.T.);
#1365 = VERTEX_POINT('',#1366);
#1366 = CARTESIAN_POINT('',(14.,-0.5,23.));
#1367 = SURFACE_CURVE('',#1368,(#1372,#1379),.PCURVE_S1.);
#1368 = LINE('',#1369,#1370);
#1369 = CARTESIAN_POINT('',(-14.,-0.5,23.));
#1370 = VECTOR('',#1371,1.);
#1371 = DIRECTION('',(1.,0.,0.));
#1372 = PCURVE('',#1156,#1373);
#1373 = DEFINITIONAL_REPRESENTATION('',(#1374),#1378);
#1374 = LINE('',#1375,#1376);
#1375 = CARTESIAN_POINT('',(6.,0.));
#1376 = VECTOR('',#1377,1.);
#1377 = DIRECTION('',(0.,1.));
#1378 = ( GEOMETRIC_REPRESENTATION_CONTEXT(2) 
PARAMETRIC_REPRESENTATION_CONTEXT() REPRESENTATION_CONTEXT('2D SPACE',''
  ) );
#1379 = PCURVE('',#1298,#1380);
#1380 = DEFINITIONAL_REPRESENTATION('',(#1381),#1385);
#1381 = LINE('',#1382,#1383);
#1382 = CARTESIAN_POINT('',(0.,0.));
#1383 = VECTOR('',#1384,1.);
#1384 = DIRECTION('',(1.,0.));
#1385 = ( GEOMETRIC_REPRESENTATION_CONTEXT(2) 
PARAMETRIC_REPRESENTATION_CONTEXT() REPRESENTATION_CONTEXT('2D SPACE',''
  ) );
#1386 = ORIENTED_EDGE('',*,*,#1387,.F.);
#1387 = EDGE_CURVE('',#1141,#1365,#1388,.T.);
#1388 = SURFACE_CURVE('',#1389,(#1393,#1400),.PCURVE_S1.);
#1389 = LINE('',#1390,#1391);
#1390 = CARTESIAN_POINT('',(14.,-0.5,17.));
#1391 = VECTOR('',#1392,1.);
#1392 = DIRECTION('',(0.,0.,1.));
#1393 = PCURVE('',#1156,#1394);
#1394 = DEFINITIONAL_REPRESENTATION('',(#1395),#1399);
#1395 = LINE('',#1396,#1397);
#1396 = CARTESIAN_POINT('',(0.,28.));
#1397 = VECTOR('',#1398,1.);
#1398 = DIRECTION('',(1.,0.));
#1399 = ( GEOMETRIC_REPRESENTATION_CONTEXT(2) 
PARAMETRIC_REPRESENTATION_CONTEXT() REPRESENTATION_CONTEXT('2D SPACE',''
  ) );
#1400 = PCURVE('',#1184,#1401);
#1401 = DEFINITIONAL_REPRESENTATION('',(#1402),#1406);
#1402 = LINE('',#1403,#1404);
#1403 = CARTESIAN_POINT('',(0.,0.));
#1404 = VECTOR('',#1405,1.);
#1405 = DIRECTION('',(1.,0.));
#1406 = ( GEOMETRIC_REPRESENTATION_CONTEXT(2) 
PARAMETRIC_REPRESENTATION_CONTEXT() REPRESENTATION_CONTEXT('2D SPACE',''
  ) );
#1407 = ADVANCED_FACE('',(#1408),#1184,.T.);
#1408 = FACE_BOUND('',#1409,.T.);
#1409 = EDGE_LOOP('',(#1410,#1411,#1412,#1413));
#1410 = ORIENTED_EDGE('',*,*,#1387,.F.);
#1411 = ORIENTED_EDGE('',*,*,#1168,.T.);
#1412 = ORIENTED_EDGE('',*,*,#1338,.T.);
#1413 = ORIENTED_EDGE('',*,*,#1414,.F.);
#1414 = EDGE_CURVE('',#1365,#1316,#1415,.T.);
#1415 = SURFACE_CURVE('',#1416,(#1420,#1427),.PCURVE_S1.);
#1416 = LINE('',#1417,#1418);
#1417 = CARTESIAN_POINT('',(14.,-0.5,23.));
#1418 = VECTOR('',#1419,1.);
#1419 = DIRECTION('',(0.,1.,0.));
#1420 = PCURVE('',#1184,#1421);
#1421 = DEFINITIONAL_REPRESENTATION('',(#1422),#1426);
#1422 = LINE('',#1423,#1424);
#1423 = CARTESIAN_POINT('',(6.,0.));
#1424 = VECTOR('',#1425,1.);
#1425 = DIRECTION('',(0.,-1.));
#1426 = ( GEOMETRIC_REPRESENTATION_CONTEXT(2) 
PARAMETRIC_REPRESENTATION_CONTEXT() REPRESENTATION_CONTEXT('2D SPACE',''
  ) );
#1427 = PCURVE('',#1298,#1428);
#1428 = DEFINITIONAL_REPRESENTATION('',(#1429),#1433);
#1429 = LINE('',#1430,#1431);
#1430 = CARTESIAN_POINT('',(28.,0.));
#1431 = VECTOR('',#1432,1.);
#1432 = DIRECTION('',(0.,1.));
#1433 = ( GEOMETRIC_REPRESENTATION_CONTEXT(2) 
PARAMETRIC_REPRESENTATION_CONTEXT() REPRESENTATION_CONTEXT('2D SPACE',''
  ) );
#1434 = ADVANCED_FACE('',(#1435,#1441),#1298,.T.);
#1435 = FACE_BOUND('',#1436,.T.);
#1436 = EDGE_LOOP('',(#1437,#1438,#1439,#1440));
#1437 = ORIENTED_EDGE('',*,*,#1284,.F.);
#1438 = ORIENTED_EDGE('',*,*,#1364,.T.);
#1439 = ORIENTED_EDGE('',*,*,#1414,.T.);
#1440 = ORIENTED_EDGE('',*,*,#1315,.F.);
#1441 = FACE_BOUND('',#1442,.T.);
#1442 = EDGE_LOOP('',(#1443,#1471,#1497,#1523));
#1443 = ORIENTED_EDGE('',*,*,#1444,.F.);
#1444 = EDGE_CURVE('',#1445,#1447,#1449,.T.);
#1445 = VERTEX_POINT('',#1446);
#1446 = CARTESIAN_POINT('',(9.,38.5,23.));
#1447 = VERTEX_POINT('',#1448);
#1448 = CARTESIAN_POINT('',(9.,45.5,23.));
#1449 = SURFACE_CURVE('',#1450,(#1454,#1460),.PCURVE_S1.);
#1450 = LINE('',#1451,#1452);
#1451 = CARTESIAN_POINT('',(9.,19.,23.));
#1452 = VECTOR('',#1453,1.);
#1453 = DIRECTION('',(0.,1.,0.));
#1454 = PCURVE('',#1298,#1455);
#1455 = DEFINITIONAL_REPRESENTATION('',(#1456),#1459);
#1456 = B_SPLINE_CURVE_WITH_KNOTS('',1,(#1457,#1458),.UNSPECIFIED.,.F.,
  .F.,(2,2),(19.5,26.5),.PIECEWISE_BEZIER_KNOTS.);
#1457 = CARTESIAN_POINT('',(23.,39.));
#1458 = CARTESIAN_POINT('',(23.,46.));
#1459 = ( GEOMETRIC_REPRESENTATION_CONTEXT(2) 
PARAMETRIC_REPRESENTATION_CONTEXT() REPRESENTATION_CONTEXT('2D SPACE',''
  ) );
#1460 = PCURVE('',#1461,#1466);
#1461 = PLANE('',#1462);
#1462 = AXIS2_PLACEMENT_3D('',#1463,#1464,#1465);
#1463 = CARTESIAN_POINT('',(9.,38.5,18.));
#1464 = DIRECTION('',(1.,0.,0.));
#1465 = DIRECTION('',(0.,0.,1.));
#1466 = DEFINITIONAL_REPRESENTATION('',(#1467),#1470);
#1467 = B_SPLINE_CURVE_WITH_KNOTS('',1,(#1468,#1469),.UNSPECIFIED.,.F.,
  .F.,(2,2),(19.5,26.5),.PIECEWISE_BEZIER_KNOTS.);
#1468 = CARTESIAN_POINT('',(5.,0.));
#1469 = CARTESIAN_POINT('',(5.,-7.));
#1470 = ( GEOMETRIC_REPRESENTATION_CONTEXT(2) 
PARAMETRIC_REPRESENTATION_CONTEXT() REPRESENTATION_CONTEXT('2D SPACE',''
  ) );
#1471 = ORIENTED_EDGE('',*,*,#1472,.T.);
#1472 = EDGE_CURVE('',#1445,#1473,#1475,.T.);
#1473 = VERTEX_POINT('',#1474);
#1474 = CARTESIAN_POINT('',(-9.,38.5,23.));
#1475 = SURFACE_CURVE('',#1476,(#1480,#1486),.PCURVE_S1.);
#1476 = LINE('',#1477,#1478);
#1477 = CARTESIAN_POINT('',(-11.5,38.5,23.));
#1478 = VECTOR('',#1479,1.);
#1479 = DIRECTION('',(-1.,0.,0.));
#1480 = PCURVE('',#1298,#1481);
#1481 = DEFINITIONAL_REPRESENTATION('',(#1482),#1485);
#1482 = B_SPLINE_CURVE_WITH_KNOTS('',1,(#1483,#1484),.UNSPECIFIED.,.F.,
  .F.,(2,2),(-20.5,-2.5),.PIECEWISE_BEZIER_KNOTS.);
#1483 = CARTESIAN_POINT('',(23.,39.));
#1484 = CARTESIAN_POINT('',(5.,39.));
#1485 = ( GEOMETRIC_REPRESENTATION_CONTEXT(2) 
PARAMETRIC_REPRESENTATION_CONTEXT() REPRESENTATION_CONTEXT('2D SPACE',''
  ) );
#1486 = PCURVE('',#1487,#1492);
#1487 = PLANE('',#1488);
#1488 = AXIS2_PLACEMENT_3D('',#1489,#1490,#1491);
#1489 = CARTESIAN_POINT('',(-9.,38.5,18.));
#1490 = DIRECTION('',(0.,1.,0.));
#1491 = DIRECTION('',(0.,0.,1.));
#1492 = DEFINITIONAL_REPRESENTATION('',(#1493),#1496);
#1493 = B_SPLINE_CURVE_WITH_KNOTS('',1,(#1494,#1495),.UNSPECIFIED.,.F.,
  .F.,(2,2),(-20.5,-2.5),.PIECEWISE_BEZIER_KNOTS.);
#1494 = CARTESIAN_POINT('',(5.,18.));
#1495 = CARTESIAN_POINT('',(5.,0.));
#1496 = ( GEOMETRIC_REPRESENTATION_CONTEXT(2) 
PARAMETRIC_REPRESENTATION_CONTEXT() REPRESENTATION_CONTEXT('2D SPACE',''
  ) );
#1497 = ORIENTED_EDGE('',*,*,#1498,.T.);
#1498 = EDGE_CURVE('',#1473,#1499,#1501,.T.);
#1499 = VERTEX_POINT('',#1500);
#1500 = CARTESIAN_POINT('',(-9.,45.5,23.));
#1501 = SURFACE_CURVE('',#1502,(#1506,#1512),.PCURVE_S1.);
#1502 = LINE('',#1503,#1504);
#1503 = CARTESIAN_POINT('',(-9.,19.,23.));
#1504 = VECTOR('',#1505,1.);
#1505 = DIRECTION('',(0.,1.,0.));
#1506 = PCURVE('',#1298,#1507);
#1507 = DEFINITIONAL_REPRESENTATION('',(#1508),#1511);
#1508 = B_SPLINE_CURVE_WITH_KNOTS('',1,(#1509,#1510),.UNSPECIFIED.,.F.,
  .F.,(2,2),(19.5,26.5),.PIECEWISE_BEZIER_KNOTS.);
#1509 = CARTESIAN_POINT('',(5.,39.));
#1510 = CARTESIAN_POINT('',(5.,46.));
#1511 = ( GEOMETRIC_REPRESENTATION_CONTEXT(2) 
PARAMETRIC_REPRESENTATION_CONTEXT() REPRESENTATION_CONTEXT('2D SPACE',''
  ) );
#1512 = PCURVE('',#1513,#1518);
#1513 = PLANE('',#1514);
#1514 = AXIS2_PLACEMENT_3D('',#1515,#1516,#1517);
#1515 = CARTESIAN_POINT('',(-9.,38.5,18.));
#1516 = DIRECTION('',(1.,0.,0.));
#1517 = DIRECTION('',(0.,0.,1.));
#1518 = DEFINITIONAL_REPRESENTATION('',(#1519),#1522);
#1519 = B_SPLINE_CURVE_WITH_KNOTS('',1,(#1520,#1521),.UNSPECIFIED.,.F.,
  .F.,(2,2),(19.5,26.5),.PIECEWISE_BEZIER_KNOTS.);
#1520 = CARTESIAN_POINT('',(5.,0.));
#1521 = CARTESIAN_POINT('',(5.,-7.));
#1522 = ( GEOMETRIC_REPRESENTATION_CONTEXT(2) 
PARAMETRIC_REPRESENTATION_CONTEXT() REPRESENTATION_CONTEXT('2D SPACE',''
  ) );
#1523 = ORIENTED_EDGE('',*,*,#1524,.F.);
#1524 = EDGE_CURVE('',#1447,#1499,#1525,.T.);
#1525 = SURFACE_CURVE('',#1526,(#1530,#1536),.PCURVE_S1.);
#1526 = LINE('',#1527,#1528);
#1527 = CARTESIAN_POINT('',(-11.5,45.5,23.));
#1528 = VECTOR('',#1529,1.);
#1529 = DIRECTION('',(-1.,0.,0.));
#1530 = PCURVE('',#1298,#1531);
#1531 = DEFINITIONAL_REPRESENTATION('',(#1532),#1535);
#1532 = B_SPLINE_CURVE_WITH_KNOTS('',1,(#1533,#1534),.UNSPECIFIED.,.F.,
  .F.,(2,2),(-20.5,-2.5),.PIECEWISE_BEZIER_KNOTS.);
#1533 = CARTESIAN_POINT('',(23.,46.));
#1534 = CARTESIAN_POINT('',(5.,46.));
#1535 = ( GEOMETRIC_REPRESENTATION_CONTEXT(2) 
PARAMETRIC_REPRESENTATION_CONTEXT() REPRESENTATION_CONTEXT('2D SPACE',''
  ) );
#1536 = PCURVE('',#1537,#1542);
#1537 = PLANE('',#1538);
#1538 = AXIS2_PLACEMENT_3D('',#1539,#1540,#1541);
#1539 = CARTESIAN_POINT('',(-9.,45.5,18.));
#1540 = DIRECTION('',(0.,1.,0.));
#1541 = DIRECTION('',(0.,0.,1.));
#1542 = DEFINITIONAL_REPRESENTATION('',(#1543),#1546);
#1543 = B_SPLINE_CURVE_WITH_KNOTS('',1,(#1544,#1545),.UNSPECIFIED.,.F.,
  .F.,(2,2),(-20.5,-2.5),.PIECEWISE_BEZIER_KNOTS.);
#1544 = CARTESIAN_POINT('',(5.,18.));
#1545 = CARTESIAN_POINT('',(5.,0.));
#1546 = ( GEOMETRIC_REPRESENTATION_CONTEXT(2) 
PARAMETRIC_REPRESENTATION_CONTEXT() REPRESENTATION_CONTEXT('2D SPACE',''
  ) );
#1547 = ADVANCED_FACE('',(#1548),#1461,.T.);
#1548 = FACE_BOUND('',#1549,.T.);
#1549 = EDGE_LOOP('',(#1550,#1580,#1601,#1602,#1625,#1652));
#1550 = ORIENTED_EDGE('',*,*,#1551,.F.);
#1551 = EDGE_CURVE('',#1552,#1554,#1556,.T.);
#1552 = VERTEX_POINT('',#1553);
#1553 = CARTESIAN_POINT('',(9.,38.5,73.));
#1554 = VERTEX_POINT('',#1555);
#1555 = CARTESIAN_POINT('',(9.,42.674512162658,73.));
#1556 = SURFACE_CURVE('',#1557,(#1561,#1568),.PCURVE_S1.);
#1557 = LINE('',#1558,#1559);
#1558 = CARTESIAN_POINT('',(9.,38.5,73.));
#1559 = VECTOR('',#1560,1.);
#1560 = DIRECTION('',(0.,1.,0.));
#1561 = PCURVE('',#1461,#1562);
#1562 = DEFINITIONAL_REPRESENTATION('',(#1563),#1567);
#1563 = LINE('',#1564,#1565);
#1564 = CARTESIAN_POINT('',(55.,0.));
#1565 = VECTOR('',#1566,1.);
#1566 = DIRECTION('',(0.,-1.));
#1567 = ( GEOMETRIC_REPRESENTATION_CONTEXT(2) 
PARAMETRIC_REPRESENTATION_CONTEXT() REPRESENTATION_CONTEXT('2D SPACE',''
  ) );
#1568 = PCURVE('',#1569,#1574);
#1569 = PLANE('',#1570);
#1570 = AXIS2_PLACEMENT_3D('',#1571,#1572,#1573);
#1571 = CARTESIAN_POINT('',(0.264133250733,62.,73.));
#1572 = DIRECTION('',(0.,0.,1.));
#1573 = DIRECTION('',(1.,0.,-0.));
#1574 = DEFINITIONAL_REPRESENTATION('',(#1575),#1579);
#1575 = LINE('',#1576,#1577);
#1576 = CARTESIAN_POINT('',(8.735866749267,-23.5));
#1577 = VECTOR('',#1578,1.);
#1578 = DIRECTION('',(0.,1.));
#1579 = ( GEOMETRIC_REPRESENTATION_CONTEXT(2) 
PARAMETRIC_REPRESENTATION_CONTEXT() REPRESENTATION_CONTEXT('2D SPACE',''
  ) );
#1580 = ORIENTED_EDGE('',*,*,#1581,.F.);
#1581 = EDGE_CURVE('',#1445,#1552,#1582,.T.);
#1582 = SURFACE_CURVE('',#1583,(#1587,#1594),.PCURVE_S1.);
#1583 = LINE('',#1584,#1585);
#1584 = CARTESIAN_POINT('',(9.,38.5,18.));
#1585 = VECTOR('',#1586,1.);
#1586 = DIRECTION('',(0.,0.,1.));
#1587 = PCURVE('',#1461,#1588);
#1588 = DEFINITIONAL_REPRESENTATION('',(#1589),#1593);
#1589 = LINE('',#1590,#1591);
#1590 = CARTESIAN_POINT('',(0.,0.));
#1591 = VECTOR('',#1592,1.);
#1592 = DIRECTION('',(1.,0.));
#1593 = ( GEOMETRIC_REPRESENTATION_CONTEXT(2) 
PARAMETRIC_REPRESENTATION_CONTEXT() REPRESENTATION_CONTEXT('2D SPACE',''
  ) );
#1594 = PCURVE('',#1487,#1595);
#1595 = DEFINITIONAL_REPRESENTATION('',(#1596),#1600);
#1596 = LINE('',#1597,#1598);
#1597 = CARTESIAN_POINT('',(0.,18.));
#1598 = VECTOR('',#1599,1.);
#1599 = DIRECTION('',(1.,0.));
#1600 = ( GEOMETRIC_REPRESENTATION_CONTEXT(2) 
PARAMETRIC_REPRESENTATION_CONTEXT() REPRESENTATION_CONTEXT('2D SPACE',''
  ) );
#1601 = ORIENTED_EDGE('',*,*,#1444,.T.);
#1602 = ORIENTED_EDGE('',*,*,#1603,.T.);
#1603 = EDGE_CURVE('',#1447,#1604,#1606,.T.);
#1604 = VERTEX_POINT('',#1605);
#1605 = CARTESIAN_POINT('',(9.,45.5,25.));
#1606 = SURFACE_CURVE('',#1607,(#1611,#1618),.PCURVE_S1.);
#1607 = LINE('',#1608,#1609);
#1608 = CARTESIAN_POINT('',(9.,45.5,18.));
#1609 = VECTOR('',#1610,1.);
#1610 = DIRECTION('',(0.,0.,1.));
#1611 = PCURVE('',#1461,#1612);
#1612 = DEFINITIONAL_REPRESENTATION('',(#1613),#1617);
#1613 = LINE('',#1614,#1615);
#1614 = CARTESIAN_POINT('',(0.,-7.));
#1615 = VECTOR('',#1616,1.);
#1616 = DIRECTION('',(1.,0.));
#1617 = ( GEOMETRIC_REPRESENTATION_CONTEXT(2) 
PARAMETRIC_REPRESENTATION_CONTEXT() REPRESENTATION_CONTEXT('2D SPACE',''
  ) );
#1618 = PCURVE('',#1537,#1619);
#1619 = DEFINITIONAL_REPRESENTATION('',(#1620),#1624);
#1620 = LINE('',#1621,#1622);
#1621 = CARTESIAN_POINT('',(0.,18.));
#1622 = VECTOR('',#1623,1.);
#1623 = DIRECTION('',(1.,0.));
#1624 = ( GEOMETRIC_REPRESENTATION_CONTEXT(2) 
PARAMETRIC_REPRESENTATION_CONTEXT() REPRESENTATION_CONTEXT('2D SPACE',''
  ) );
#1625 = ORIENTED_EDGE('',*,*,#1626,.F.);
#1626 = EDGE_CURVE('',#1627,#1604,#1629,.T.);
#1627 = VERTEX_POINT('',#1628);
#1628 = CARTESIAN_POINT('',(9.,42.674512162659,25.));
#1629 = SURFACE_CURVE('',#1630,(#1634,#1640),.PCURVE_S1.);
#1630 = LINE('',#1631,#1632);
#1631 = CARTESIAN_POINT('',(9.,50.25,25.));
#1632 = VECTOR('',#1633,1.);
#1633 = DIRECTION('',(0.,1.,0.));
#1634 = PCURVE('',#1461,#1635);
#1635 = DEFINITIONAL_REPRESENTATION('',(#1636),#1639);
#1636 = B_SPLINE_CURVE_WITH_KNOTS('',1,(#1637,#1638),.UNSPECIFIED.,.F.,
  .F.,(2,2),(-9.25,-4.75),.PIECEWISE_BEZIER_KNOTS.);
#1637 = CARTESIAN_POINT('',(7.,-2.5));
#1638 = CARTESIAN_POINT('',(7.,-7.));
#1639 = ( GEOMETRIC_REPRESENTATION_CONTEXT(2) 
PARAMETRIC_REPRESENTATION_CONTEXT() REPRESENTATION_CONTEXT('2D SPACE',''
  ) );
#1640 = PCURVE('',#1641,#1646);
#1641 = PLANE('',#1642);
#1642 = AXIS2_PLACEMENT_3D('',#1643,#1644,#1645);
#1643 = CARTESIAN_POINT('',(19.,55.,25.));
#1644 = DIRECTION('',(0.,0.,1.));
#1645 = DIRECTION('',(1.,0.,0.));
#1646 = DEFINITIONAL_REPRESENTATION('',(#1647),#1651);
#1647 = LINE('',#1648,#1649);
#1648 = CARTESIAN_POINT('',(-10.,-4.75));
#1649 = VECTOR('',#1650,1.);
#1650 = DIRECTION('',(0.,1.));
#1651 = ( GEOMETRIC_REPRESENTATION_CONTEXT(2) 
PARAMETRIC_REPRESENTATION_CONTEXT() REPRESENTATION_CONTEXT('2D SPACE',''
  ) );
#1652 = ORIENTED_EDGE('',*,*,#1653,.F.);
#1653 = EDGE_CURVE('',#1554,#1627,#1654,.T.);
#1654 = SURFACE_CURVE('',#1655,(#1662,#1672),.PCURVE_S1.);
#1655 = B_SPLINE_CURVE_WITH_KNOTS('',5,(#1656,#1657,#1658,#1659,#1660,
    #1661),.UNSPECIFIED.,.F.,.F.,(6,6),(0.,1.),
  .PIECEWISE_BEZIER_KNOTS.);
#1656 = CARTESIAN_POINT('',(9.,42.674512162659,73.));
#1657 = CARTESIAN_POINT('',(9.,42.674512162659,63.30110657246));
#1658 = CARTESIAN_POINT('',(9.,42.674512162659,54.009233290868));
#1659 = CARTESIAN_POINT('',(9.,42.674512162659,44.307503768706));
#1660 = CARTESIAN_POINT('',(9.,42.674512162659,34.297567408912));
#1661 = CARTESIAN_POINT('',(9.,42.674512162659,24.9999994));
#1662 = PCURVE('',#1461,#1663);
#1663 = DEFINITIONAL_REPRESENTATION('',(#1664),#1671);
#1664 = B_SPLINE_CURVE_WITH_KNOTS('',5,(#1665,#1666,#1667,#1668,#1669,
    #1670),.UNSPECIFIED.,.F.,.F.,(6,6),(0.,1.),
  .PIECEWISE_BEZIER_KNOTS.);
#1665 = CARTESIAN_POINT('',(55.,-4.174512162659));
#1666 = CARTESIAN_POINT('',(45.30110657246,-4.174512162659));
#1667 = CARTESIAN_POINT('',(36.009233290868,-4.174512162659));
#1668 = CARTESIAN_POINT('',(26.307503768706,-4.174512162659));
#1669 = CARTESIAN_POINT('',(16.297567408912,-4.174512162659));
#1670 = CARTESIAN_POINT('',(6.9999994,-4.174512162659));
#1671 = ( GEOMETRIC_REPRESENTATION_CONTEXT(2) 
PARAMETRIC_REPRESENTATION_CONTEXT() REPRESENTATION_CONTEXT('2D SPACE',''
  ) );
#1672 = PCURVE('',#1673,#1681);
#1673 = SURFACE_OF_LINEAR_EXTRUSION('',#1674,#1679);
#1674 = ELLIPSE('',#1675,23.,21.);
#1675 = AXIS2_PLACEMENT_3D('',#1676,#1677,#1678);
#1676 = CARTESIAN_POINT('',(0.,62.,25.));
#1677 = DIRECTION('',(0.,0.,1.));
#1678 = DIRECTION('',(1.,0.,0.));
#1679 = VECTOR('',#1680,1.);
#1680 = DIRECTION('',(-0.,-0.,-1.));
#1681 = DEFINITIONAL_REPRESENTATION('',(#1682),#1689);
#1682 = B_SPLINE_CURVE_WITH_KNOTS('',5,(#1683,#1684,#1685,#1686,#1687,
    #1688),.UNSPECIFIED.,.F.,.F.,(6,6),(0.,1.),
  .PIECEWISE_BEZIER_KNOTS.);
#1683 = CARTESIAN_POINT('',(5.114437513483,-47.9999999952));
#1684 = CARTESIAN_POINT('',(5.114437513483,-38.30110656766));
#1685 = CARTESIAN_POINT('',(5.114437513483,-29.00923330311));
#1686 = CARTESIAN_POINT('',(5.114437513483,-19.30750376174));
#1687 = CARTESIAN_POINT('',(5.114437513483,-9.297567408912));
#1688 = CARTESIAN_POINT('',(5.114437513483,5.999999999062E-07));
#1689 = ( GEOMETRIC_REPRESENTATION_CONTEXT(2) 
PARAMETRIC_REPRESENTATION_CONTEXT() REPRESENTATION_CONTEXT('2D SPACE',''
  ) );
#1690 = ADVANCED_FACE('',(#1691),#1537,.T.);
#1691 = FACE_BOUND('',#1692,.T.);
#1692 = EDGE_LOOP('',(#1693,#1694,#1695,#1718,#1745,#1785,#1808,#1848));
#1693 = ORIENTED_EDGE('',*,*,#1603,.F.);
#1694 = ORIENTED_EDGE('',*,*,#1524,.T.);
#1695 = ORIENTED_EDGE('',*,*,#1696,.T.);
#1696 = EDGE_CURVE('',#1499,#1697,#1699,.T.);
#1697 = VERTEX_POINT('',#1698);
#1698 = CARTESIAN_POINT('',(-9.,45.5,25.));
#1699 = SURFACE_CURVE('',#1700,(#1704,#1711),.PCURVE_S1.);
#1700 = LINE('',#1701,#1702);
#1701 = CARTESIAN_POINT('',(-9.,45.5,18.));
#1702 = VECTOR('',#1703,1.);
#1703 = DIRECTION('',(0.,0.,1.));
#1704 = PCURVE('',#1537,#1705);
#1705 = DEFINITIONAL_REPRESENTATION('',(#1706),#1710);
#1706 = LINE('',#1707,#1708);
#1707 = CARTESIAN_POINT('',(0.,0.));
#1708 = VECTOR('',#1709,1.);
#1709 = DIRECTION('',(1.,0.));
#1710 = ( GEOMETRIC_REPRESENTATION_CONTEXT(2) 
PARAMETRIC_REPRESENTATION_CONTEXT() REPRESENTATION_CONTEXT('2D SPACE',''
  ) );
#1711 = PCURVE('',#1513,#1712);
#1712 = DEFINITIONAL_REPRESENTATION('',(#1713),#1717);
#1713 = LINE('',#1714,#1715);
#1714 = CARTESIAN_POINT('',(0.,-7.));
#1715 = VECTOR('',#1716,1.);
#1716 = DIRECTION('',(1.,0.));
#1717 = ( GEOMETRIC_REPRESENTATION_CONTEXT(2) 
PARAMETRIC_REPRESENTATION_CONTEXT() REPRESENTATION_CONTEXT('2D SPACE',''
  ) );
#1718 = ORIENTED_EDGE('',*,*,#1719,.F.);
#1719 = EDGE_CURVE('',#1720,#1697,#1722,.T.);
#1720 = VERTEX_POINT('',#1721);
#1721 = CARTESIAN_POINT('',(-4.574167614713,45.5,25.));
#1722 = SURFACE_CURVE('',#1723,(#1727,#1733),.PCURVE_S1.);
#1723 = LINE('',#1724,#1725);
#1724 = CARTESIAN_POINT('',(-4.367933374634,45.5,25.));
#1725 = VECTOR('',#1726,1.);
#1726 = DIRECTION('',(-1.,0.,0.));
#1727 = PCURVE('',#1537,#1728);
#1728 = DEFINITIONAL_REPRESENTATION('',(#1729),#1732);
#1729 = B_SPLINE_CURVE_WITH_KNOTS('',1,(#1730,#1731),.UNSPECIFIED.,.F.,
  .F.,(2,2),(-13.36793337463,4.632066625366),.PIECEWISE_BEZIER_KNOTS.);
#1730 = CARTESIAN_POINT('',(7.,18.));
#1731 = CARTESIAN_POINT('',(7.,0.));
#1732 = ( GEOMETRIC_REPRESENTATION_CONTEXT(2) 
PARAMETRIC_REPRESENTATION_CONTEXT() REPRESENTATION_CONTEXT('2D SPACE',''
  ) );
#1733 = PCURVE('',#1734,#1739);
#1734 = PLANE('',#1735);
#1735 = AXIS2_PLACEMENT_3D('',#1736,#1737,#1738);
#1736 = CARTESIAN_POINT('',(0.264133250733,62.,25.));
#1737 = DIRECTION('',(0.,0.,1.));
#1738 = DIRECTION('',(1.,0.,-0.));
#1739 = DEFINITIONAL_REPRESENTATION('',(#1740),#1744);
#1740 = LINE('',#1741,#1742);
#1741 = CARTESIAN_POINT('',(-4.632066625366,-16.5));
#1742 = VECTOR('',#1743,1.);
#1743 = DIRECTION('',(-1.,0.));
#1744 = ( GEOMETRIC_REPRESENTATION_CONTEXT(2) 
PARAMETRIC_REPRESENTATION_CONTEXT() REPRESENTATION_CONTEXT('2D SPACE',''
  ) );
#1745 = ORIENTED_EDGE('',*,*,#1746,.F.);
#1746 = EDGE_CURVE('',#1747,#1720,#1749,.T.);
#1747 = VERTEX_POINT('',#1748);
#1748 = CARTESIAN_POINT('',(-4.57416761471,45.5,73.));
#1749 = SURFACE_CURVE('',#1750,(#1757,#1767),.PCURVE_S1.);
#1750 = B_SPLINE_CURVE_WITH_KNOTS('',5,(#1751,#1752,#1753,#1754,#1755,
    #1756),.UNSPECIFIED.,.F.,.F.,(6,6),(0.,1.),
  .PIECEWISE_BEZIER_KNOTS.);
#1751 = CARTESIAN_POINT('',(-4.574167725458,45.5,73.));
#1752 = CARTESIAN_POINT('',(-4.574167725458,45.5,63.406098929721));
#1753 = CARTESIAN_POINT('',(-4.574167725458,45.5,54.178702908787));
#1754 = CARTESIAN_POINT('',(-4.574167725458,45.5,44.370261542979));
#1755 = CARTESIAN_POINT('',(-4.574167725458,45.5,34.188856115382));
#1756 = CARTESIAN_POINT('',(-4.574167725458,45.5,24.9999988));
#1757 = PCURVE('',#1537,#1758);
#1758 = DEFINITIONAL_REPRESENTATION('',(#1759),#1766);
#1759 = B_SPLINE_CURVE_WITH_KNOTS('',5,(#1760,#1761,#1762,#1763,#1764,
    #1765),.UNSPECIFIED.,.F.,.F.,(6,6),(0.,1.),
  .PIECEWISE_BEZIER_KNOTS.);
#1760 = CARTESIAN_POINT('',(55.,4.425832274542));
#1761 = CARTESIAN_POINT('',(45.406098929721,4.425832274542));
#1762 = CARTESIAN_POINT('',(36.178702908787,4.425832274542));
#1763 = CARTESIAN_POINT('',(26.370261542979,4.425832274542));
#1764 = CARTESIAN_POINT('',(16.188856115382,4.425832274542));
#1765 = CARTESIAN_POINT('',(6.9999988,4.425832274542));
#1766 = ( GEOMETRIC_REPRESENTATION_CONTEXT(2) 
PARAMETRIC_REPRESENTATION_CONTEXT() REPRESENTATION_CONTEXT('2D SPACE',''
  ) );
#1767 = PCURVE('',#1768,#1776);
#1768 = SURFACE_OF_LINEAR_EXTRUSION('',#1769,#1774);
#1769 = ELLIPSE('',#1770,19.,17.);
#1770 = AXIS2_PLACEMENT_3D('',#1771,#1772,#1773);
#1771 = CARTESIAN_POINT('',(0.,62.,24.));
#1772 = DIRECTION('',(0.,0.,1.));
#1773 = DIRECTION('',(1.,0.,0.));
#1774 = VECTOR('',#1775,1.);
#1775 = DIRECTION('',(-0.,-0.,-1.));
#1776 = DEFINITIONAL_REPRESENTATION('',(#1777),#1784);
#1777 = B_SPLINE_CURVE_WITH_KNOTS('',5,(#1778,#1779,#1780,#1781,#1782,
    #1783),.UNSPECIFIED.,.F.,.F.,(6,6),(0.,1.),
  .PIECEWISE_BEZIER_KNOTS.);
#1778 = CARTESIAN_POINT('',(4.469254936643,-48.9999999952));
#1779 = CARTESIAN_POINT('',(4.469254936643,-39.40609892492));
#1780 = CARTESIAN_POINT('',(4.469254936643,-30.1787029211));
#1781 = CARTESIAN_POINT('',(4.469254936643,-20.37026153596));
#1782 = CARTESIAN_POINT('',(4.469254936643,-10.18885611538));
#1783 = CARTESIAN_POINT('',(4.469254936643,-0.9999988));
#1784 = ( GEOMETRIC_REPRESENTATION_CONTEXT(2) 
PARAMETRIC_REPRESENTATION_CONTEXT() REPRESENTATION_CONTEXT('2D SPACE',''
  ) );
#1785 = ORIENTED_EDGE('',*,*,#1786,.T.);
#1786 = EDGE_CURVE('',#1747,#1787,#1789,.T.);
#1787 = VERTEX_POINT('',#1788);
#1788 = CARTESIAN_POINT('',(4.574167742355,45.5,73.));
#1789 = SURFACE_CURVE('',#1790,(#1794,#1801),.PCURVE_S1.);
#1790 = LINE('',#1791,#1792);
#1791 = CARTESIAN_POINT('',(-9.,45.5,73.));
#1792 = VECTOR('',#1793,1.);
#1793 = DIRECTION('',(1.,0.,0.));
#1794 = PCURVE('',#1537,#1795);
#1795 = DEFINITIONAL_REPRESENTATION('',(#1796),#1800);
#1796 = LINE('',#1797,#1798);
#1797 = CARTESIAN_POINT('',(55.,0.));
#1798 = VECTOR('',#1799,1.);
#1799 = DIRECTION('',(0.,1.));
#1800 = ( GEOMETRIC_REPRESENTATION_CONTEXT(2) 
PARAMETRIC_REPRESENTATION_CONTEXT() REPRESENTATION_CONTEXT('2D SPACE',''
  ) );
#1801 = PCURVE('',#1569,#1802);
#1802 = DEFINITIONAL_REPRESENTATION('',(#1803),#1807);
#1803 = LINE('',#1804,#1805);
#1804 = CARTESIAN_POINT('',(-9.264133250733,-16.5));
#1805 = VECTOR('',#1806,1.);
#1806 = DIRECTION('',(1.,0.));
#1807 = ( GEOMETRIC_REPRESENTATION_CONTEXT(2) 
PARAMETRIC_REPRESENTATION_CONTEXT() REPRESENTATION_CONTEXT('2D SPACE',''
  ) );
#1808 = ORIENTED_EDGE('',*,*,#1809,.T.);
#1809 = EDGE_CURVE('',#1787,#1810,#1812,.T.);
#1810 = VERTEX_POINT('',#1811);
#1811 = CARTESIAN_POINT('',(4.574167742355,45.5,25.));
#1812 = SURFACE_CURVE('',#1813,(#1820,#1830),.PCURVE_S1.);
#1813 = B_SPLINE_CURVE_WITH_KNOTS('',5,(#1814,#1815,#1816,#1817,#1818,
    #1819),.UNSPECIFIED.,.F.,.F.,(6,6),(0.,1.),
  .PIECEWISE_BEZIER_KNOTS.);
#1814 = CARTESIAN_POINT('',(4.574167725458,45.5,73.));
#1815 = CARTESIAN_POINT('',(4.574167725458,45.5,63.406098929721));
#1816 = CARTESIAN_POINT('',(4.574167725458,45.5,54.178702908787));
#1817 = CARTESIAN_POINT('',(4.574167725458,45.5,44.370261542979));
#1818 = CARTESIAN_POINT('',(4.574167725458,45.5,34.188856115382));
#1819 = CARTESIAN_POINT('',(4.574167725458,45.5,24.9999988));
#1820 = PCURVE('',#1537,#1821);
#1821 = DEFINITIONAL_REPRESENTATION('',(#1822),#1829);
#1822 = B_SPLINE_CURVE_WITH_KNOTS('',5,(#1823,#1824,#1825,#1826,#1827,
    #1828),.UNSPECIFIED.,.F.,.F.,(6,6),(0.,1.),
  .PIECEWISE_BEZIER_KNOTS.);
#1823 = CARTESIAN_POINT('',(55.,13.574167725458));
#1824 = CARTESIAN_POINT('',(45.406098929721,13.574167725458));
#1825 = CARTESIAN_POINT('',(36.178702908787,13.574167725458));
#1826 = CARTESIAN_POINT('',(26.370261542979,13.574167725458));
#1827 = CARTESIAN_POINT('',(16.188856115382,13.574167725458));
#1828 = CARTESIAN_POINT('',(6.9999988,13.574167725458));
#1829 = ( GEOMETRIC_REPRESENTATION_CONTEXT(2) 
PARAMETRIC_REPRESENTATION_CONTEXT() REPRESENTATION_CONTEXT('2D SPACE',''
  ) );
#1830 = PCURVE('',#1831,#1839);
#1831 = SURFACE_OF_LINEAR_EXTRUSION('',#1832,#1837);
#1832 = ELLIPSE('',#1833,19.,17.);
#1833 = AXIS2_PLACEMENT_3D('',#1834,#1835,#1836);
#1834 = CARTESIAN_POINT('',(0.,62.,24.));
#1835 = DIRECTION('',(0.,0.,1.));
#1836 = DIRECTION('',(1.,0.,0.));
#1837 = VECTOR('',#1838,1.);
#1838 = DIRECTION('',(-0.,-0.,-1.));
#1839 = DEFINITIONAL_REPRESENTATION('',(#1840),#1847);
#1840 = B_SPLINE_CURVE_WITH_KNOTS('',5,(#1841,#1842,#1843,#1844,#1845,
    #1846),.UNSPECIFIED.,.F.,.F.,(6,6),(0.,1.),
  .PIECEWISE_BEZIER_KNOTS.);
#1841 = CARTESIAN_POINT('',(4.955523024127,-48.9999999952));
#1842 = CARTESIAN_POINT('',(4.955523024127,-39.40609892492));
#1843 = CARTESIAN_POINT('',(4.955523024127,-30.1787029211));
#1844 = CARTESIAN_POINT('',(4.955523024127,-20.37026153596));
#1845 = CARTESIAN_POINT('',(4.955523024127,-10.18885611538));
#1846 = CARTESIAN_POINT('',(4.955523024127,-0.9999988));
#1847 = ( GEOMETRIC_REPRESENTATION_CONTEXT(2) 
PARAMETRIC_REPRESENTATION_CONTEXT() REPRESENTATION_CONTEXT('2D SPACE',''
  ) );
#1848 = ORIENTED_EDGE('',*,*,#1849,.F.);
#1849 = EDGE_CURVE('',#1604,#1810,#1850,.T.);
#1850 = SURFACE_CURVE('',#1851,(#1855,#1861),.PCURVE_S1.);
#1851 = LINE('',#1852,#1853);
#1852 = CARTESIAN_POINT('',(-4.367933374634,45.5,25.));
#1853 = VECTOR('',#1854,1.);
#1854 = DIRECTION('',(-1.,0.,0.));
#1855 = PCURVE('',#1537,#1856);
#1856 = DEFINITIONAL_REPRESENTATION('',(#1857),#1860);
#1857 = B_SPLINE_CURVE_WITH_KNOTS('',1,(#1858,#1859),.UNSPECIFIED.,.F.,
  .F.,(2,2),(-13.36793337463,4.632066625366),.PIECEWISE_BEZIER_KNOTS.);
#1858 = CARTESIAN_POINT('',(7.,18.));
#1859 = CARTESIAN_POINT('',(7.,0.));
#1860 = ( GEOMETRIC_REPRESENTATION_CONTEXT(2) 
PARAMETRIC_REPRESENTATION_CONTEXT() REPRESENTATION_CONTEXT('2D SPACE',''
  ) );
#1861 = PCURVE('',#1641,#1862);
#1862 = DEFINITIONAL_REPRESENTATION('',(#1863),#1867);
#1863 = LINE('',#1864,#1865);
#1864 = CARTESIAN_POINT('',(-23.36793337463,-9.5));
#1865 = VECTOR('',#1866,1.);
#1866 = DIRECTION('',(-1.,0.));
#1867 = ( GEOMETRIC_REPRESENTATION_CONTEXT(2) 
PARAMETRIC_REPRESENTATION_CONTEXT() REPRESENTATION_CONTEXT('2D SPACE',''
  ) );
#1868 = ADVANCED_FACE('',(#1869),#1513,.F.);
#1869 = FACE_BOUND('',#1870,.F.);
#1870 = EDGE_LOOP('',(#1871,#1896,#1917,#1918,#1919,#1941));
#1871 = ORIENTED_EDGE('',*,*,#1872,.F.);
#1872 = EDGE_CURVE('',#1873,#1875,#1877,.T.);
#1873 = VERTEX_POINT('',#1874);
#1874 = CARTESIAN_POINT('',(-9.,38.5,73.));
#1875 = VERTEX_POINT('',#1876);
#1876 = CARTESIAN_POINT('',(-9.,42.674512162658,73.));
#1877 = SURFACE_CURVE('',#1878,(#1882,#1889),.PCURVE_S1.);
#1878 = LINE('',#1879,#1880);
#1879 = CARTESIAN_POINT('',(-9.,38.5,73.));
#1880 = VECTOR('',#1881,1.);
#1881 = DIRECTION('',(0.,1.,0.));
#1882 = PCURVE('',#1513,#1883);
#1883 = DEFINITIONAL_REPRESENTATION('',(#1884),#1888);
#1884 = LINE('',#1885,#1886);
#1885 = CARTESIAN_POINT('',(55.,0.));
#1886 = VECTOR('',#1887,1.);
#1887 = DIRECTION('',(0.,-1.));
#1888 = ( GEOMETRIC_REPRESENTATION_CONTEXT(2) 
PARAMETRIC_REPRESENTATION_CONTEXT() REPRESENTATION_CONTEXT('2D SPACE',''
  ) );
#1889 = PCURVE('',#1569,#1890);
#1890 = DEFINITIONAL_REPRESENTATION('',(#1891),#1895);
#1891 = LINE('',#1892,#1893);
#1892 = CARTESIAN_POINT('',(-9.264133250733,-23.5));
#1893 = VECTOR('',#1894,1.);
#1894 = DIRECTION('',(0.,1.));
#1895 = ( GEOMETRIC_REPRESENTATION_CONTEXT(2) 
PARAMETRIC_REPRESENTATION_CONTEXT() REPRESENTATION_CONTEXT('2D SPACE',''
  ) );
#1896 = ORIENTED_EDGE('',*,*,#1897,.F.);
#1897 = EDGE_CURVE('',#1473,#1873,#1898,.T.);
#1898 = SURFACE_CURVE('',#1899,(#1903,#1910),.PCURVE_S1.);
#1899 = LINE('',#1900,#1901);
#1900 = CARTESIAN_POINT('',(-9.,38.5,18.));
#1901 = VECTOR('',#1902,1.);
#1902 = DIRECTION('',(0.,0.,1.));
#1903 = PCURVE('',#1513,#1904);
#1904 = DEFINITIONAL_REPRESENTATION('',(#1905),#1909);
#1905 = LINE('',#1906,#1907);
#1906 = CARTESIAN_POINT('',(0.,0.));
#1907 = VECTOR('',#1908,1.);
#1908 = DIRECTION('',(1.,0.));
#1909 = ( GEOMETRIC_REPRESENTATION_CONTEXT(2) 
PARAMETRIC_REPRESENTATION_CONTEXT() REPRESENTATION_CONTEXT('2D SPACE',''
  ) );
#1910 = PCURVE('',#1487,#1911);
#1911 = DEFINITIONAL_REPRESENTATION('',(#1912),#1916);
#1912 = LINE('',#1913,#1914);
#1913 = CARTESIAN_POINT('',(0.,0.));
#1914 = VECTOR('',#1915,1.);
#1915 = DIRECTION('',(1.,0.));
#1916 = ( GEOMETRIC_REPRESENTATION_CONTEXT(2) 
PARAMETRIC_REPRESENTATION_CONTEXT() REPRESENTATION_CONTEXT('2D SPACE',''
  ) );
#1917 = ORIENTED_EDGE('',*,*,#1498,.T.);
#1918 = ORIENTED_EDGE('',*,*,#1696,.T.);
#1919 = ORIENTED_EDGE('',*,*,#1920,.F.);
#1920 = EDGE_CURVE('',#1921,#1697,#1923,.T.);
#1921 = VERTEX_POINT('',#1922);
#1922 = CARTESIAN_POINT('',(-9.,42.674512162659,25.));
#1923 = SURFACE_CURVE('',#1924,(#1928,#1934),.PCURVE_S1.);
#1924 = LINE('',#1925,#1926);
#1925 = CARTESIAN_POINT('',(-9.,50.25,25.));
#1926 = VECTOR('',#1927,1.);
#1927 = DIRECTION('',(0.,1.,0.));
#1928 = PCURVE('',#1513,#1929);
#1929 = DEFINITIONAL_REPRESENTATION('',(#1930),#1933);
#1930 = B_SPLINE_CURVE_WITH_KNOTS('',1,(#1931,#1932),.UNSPECIFIED.,.F.,
  .F.,(2,2),(-9.25,-4.75),.PIECEWISE_BEZIER_KNOTS.);
#1931 = CARTESIAN_POINT('',(7.,-2.5));
#1932 = CARTESIAN_POINT('',(7.,-7.));
#1933 = ( GEOMETRIC_REPRESENTATION_CONTEXT(2) 
PARAMETRIC_REPRESENTATION_CONTEXT() REPRESENTATION_CONTEXT('2D SPACE',''
  ) );
#1934 = PCURVE('',#1734,#1935);
#1935 = DEFINITIONAL_REPRESENTATION('',(#1936),#1940);
#1936 = LINE('',#1937,#1938);
#1937 = CARTESIAN_POINT('',(-9.264133250733,-11.75));
#1938 = VECTOR('',#1939,1.);
#1939 = DIRECTION('',(0.,1.));
#1940 = ( GEOMETRIC_REPRESENTATION_CONTEXT(2) 
PARAMETRIC_REPRESENTATION_CONTEXT() REPRESENTATION_CONTEXT('2D SPACE',''
  ) );
#1941 = ORIENTED_EDGE('',*,*,#1942,.F.);
#1942 = EDGE_CURVE('',#1875,#1921,#1943,.T.);
#1943 = SURFACE_CURVE('',#1944,(#1951,#1961),.PCURVE_S1.);
#1944 = B_SPLINE_CURVE_WITH_KNOTS('',5,(#1945,#1946,#1947,#1948,#1949,
    #1950),.UNSPECIFIED.,.F.,.F.,(6,6),(0.,1.),
  .PIECEWISE_BEZIER_KNOTS.);
#1945 = CARTESIAN_POINT('',(-9.,42.674512162659,73.));
#1946 = CARTESIAN_POINT('',(-9.,42.674512162659,63.30110657246));
#1947 = CARTESIAN_POINT('',(-9.,42.674512162659,54.009233290868));
#1948 = CARTESIAN_POINT('',(-9.,42.674512162659,44.307503768706));
#1949 = CARTESIAN_POINT('',(-9.,42.674512162659,34.297567408912));
#1950 = CARTESIAN_POINT('',(-9.,42.674512162659,24.9999994));
#1951 = PCURVE('',#1513,#1952);
#1952 = DEFINITIONAL_REPRESENTATION('',(#1953),#1960);
#1953 = B_SPLINE_CURVE_WITH_KNOTS('',5,(#1954,#1955,#1956,#1957,#1958,
    #1959),.UNSPECIFIED.,.F.,.F.,(6,6),(0.,1.),
  .PIECEWISE_BEZIER_KNOTS.);
#1954 = CARTESIAN_POINT('',(55.,-4.174512162659));
#1955 = CARTESIAN_POINT('',(45.30110657246,-4.174512162659));
#1956 = CARTESIAN_POINT('',(36.009233290868,-4.174512162659));
#1957 = CARTESIAN_POINT('',(26.307503768706,-4.174512162659));
#1958 = CARTESIAN_POINT('',(16.297567408912,-4.174512162659));
#1959 = CARTESIAN_POINT('',(6.9999994,-4.174512162659));
#1960 = ( GEOMETRIC_REPRESENTATION_CONTEXT(2) 
PARAMETRIC_REPRESENTATION_CONTEXT() REPRESENTATION_CONTEXT('2D SPACE',''
  ) );
#1961 = PCURVE('',#1962,#1970);
#1962 = SURFACE_OF_LINEAR_EXTRUSION('',#1963,#1968);
#1963 = ELLIPSE('',#1964,23.,21.);
#1964 = AXIS2_PLACEMENT_3D('',#1965,#1966,#1967);
#1965 = CARTESIAN_POINT('',(0.,62.,25.));
#1966 = DIRECTION('',(0.,0.,1.));
#1967 = DIRECTION('',(1.,0.,0.));
#1968 = VECTOR('',#1969,1.);
#1969 = DIRECTION('',(-0.,-0.,-1.));
#1970 = DEFINITIONAL_REPRESENTATION('',(#1971),#1978);
#1971 = B_SPLINE_CURVE_WITH_KNOTS('',5,(#1972,#1973,#1974,#1975,#1976,
    #1977),.UNSPECIFIED.,.F.,.F.,(6,6),(0.,1.),
  .PIECEWISE_BEZIER_KNOTS.);
#1972 = CARTESIAN_POINT('',(4.310340447287,-47.9999999952));
#1973 = CARTESIAN_POINT('',(4.310340447287,-38.30110656766));
#1974 = CARTESIAN_POINT('',(4.310340447287,-29.00923330311));
#1975 = CARTESIAN_POINT('',(4.310340447287,-19.30750376174));
#1976 = CARTESIAN_POINT('',(4.310340447287,-9.297567408912));
#1977 = CARTESIAN_POINT('',(4.310340447287,5.999999999062E-07));
#1978 = ( GEOMETRIC_REPRESENTATION_CONTEXT(2) 
PARAMETRIC_REPRESENTATION_CONTEXT() REPRESENTATION_CONTEXT('2D SPACE',''
  ) );
#1979 = ADVANCED_FACE('',(#1980),#1487,.F.);
#1980 = FACE_BOUND('',#1981,.F.);
#1981 = EDGE_LOOP('',(#1982,#1983,#1984,#1985));
#1982 = ORIENTED_EDGE('',*,*,#1581,.F.);
#1983 = ORIENTED_EDGE('',*,*,#1472,.T.);
#1984 = ORIENTED_EDGE('',*,*,#1897,.T.);
#1985 = ORIENTED_EDGE('',*,*,#1986,.T.);
#1986 = EDGE_CURVE('',#1873,#1552,#1987,.T.);
#1987 = SURFACE_CURVE('',#1988,(#1992,#1999),.PCURVE_S1.);
#1988 = LINE('',#1989,#1990);
#1989 = CARTESIAN_POINT('',(-9.,38.5,73.));
#1990 = VECTOR('',#1991,1.);
#1991 = DIRECTION('',(1.,0.,0.));
#1992 = PCURVE('',#1487,#1993);
#1993 = DEFINITIONAL_REPRESENTATION('',(#1994),#1998);
#1994 = LINE('',#1995,#1996);
#1995 = CARTESIAN_POINT('',(55.,0.));
#1996 = VECTOR('',#1997,1.);
#1997 = DIRECTION('',(0.,1.));
#1998 = ( GEOMETRIC_REPRESENTATION_CONTEXT(2) 
PARAMETRIC_REPRESENTATION_CONTEXT() REPRESENTATION_CONTEXT('2D SPACE',''
  ) );
#1999 = PCURVE('',#1569,#2000);
#2000 = DEFINITIONAL_REPRESENTATION('',(#2001),#2005);
#2001 = LINE('',#2002,#2003);
#2002 = CARTESIAN_POINT('',(-9.264133250733,-23.5));
#2003 = VECTOR('',#2004,1.);
#2004 = DIRECTION('',(1.,0.));
#2005 = ( GEOMETRIC_REPRESENTATION_CONTEXT(2) 
PARAMETRIC_REPRESENTATION_CONTEXT() REPRESENTATION_CONTEXT('2D SPACE',''
  ) );
#2006 = ADVANCED_FACE('',(#2007),#1569,.T.);
#2007 = FACE_BOUND('',#2008,.T.);
#2008 = EDGE_LOOP('',(#2009,#2039,#2507,#2508,#2978,#3006,#3034,#3062,
    #3090,#3112,#3113,#3114,#3115,#3139,#3167,#3195));
#2009 = ORIENTED_EDGE('',*,*,#2010,.F.);
#2010 = EDGE_CURVE('',#2011,#2013,#2015,.T.);
#2011 = VERTEX_POINT('',#2012);
#2012 = CARTESIAN_POINT('',(19.,62.,73.));
#2013 = VERTEX_POINT('',#2014);
#2014 = CARTESIAN_POINT('',(19.,63.,73.));
#2015 = SURFACE_CURVE('',#2016,(#2020,#2027),.PCURVE_S1.);
#2016 = LINE('',#2017,#2018);
#2017 = CARTESIAN_POINT('',(19.,55.,73.));
#2018 = VECTOR('',#2019,1.);
#2019 = DIRECTION('',(0.,1.,0.));
#2020 = PCURVE('',#1569,#2021);
#2021 = DEFINITIONAL_REPRESENTATION('',(#2022),#2026);
#2022 = LINE('',#2023,#2024);
#2023 = CARTESIAN_POINT('',(18.735866749267,-7.));
#2024 = VECTOR('',#2025,1.);
#2025 = DIRECTION('',(0.,1.));
#2026 = ( GEOMETRIC_REPRESENTATION_CONTEXT(2) 
PARAMETRIC_REPRESENTATION_CONTEXT() REPRESENTATION_CONTEXT('2D SPACE',''
  ) );
#2027 = PCURVE('',#2028,#2033);
#2028 = PLANE('',#2029);
#2029 = AXIS2_PLACEMENT_3D('',#2030,#2031,#2032);
#2030 = CARTESIAN_POINT('',(19.,55.,25.));
#2031 = DIRECTION('',(1.,0.,0.));
#2032 = DIRECTION('',(0.,0.,1.));
#2033 = DEFINITIONAL_REPRESENTATION('',(#2034),#2038);
#2034 = LINE('',#2035,#2036);
#2035 = CARTESIAN_POINT('',(48.,0.));
#2036 = VECTOR('',#2037,1.);
#2037 = DIRECTION('',(0.,-1.));
#2038 = ( GEOMETRIC_REPRESENTATION_CONTEXT(2) 
PARAMETRIC_REPRESENTATION_CONTEXT() REPRESENTATION_CONTEXT('2D SPACE',''
  ) );
#2039 = ORIENTED_EDGE('',*,*,#2040,.T.);
#2040 = EDGE_CURVE('',#2011,#1787,#2041,.T.);
#2041 = SURFACE_CURVE('',#2042,(#2195,#2351),.PCURVE_S1.);
#2042 = B_SPLINE_CURVE_WITH_KNOTS('',7,(#2043,#2044,#2045,#2046,#2047,
    #2048,#2049,#2050,#2051,#2052,#2053,#2054,#2055,#2056,#2057,#2058,
    #2059,#2060,#2061,#2062,#2063,#2064,#2065,#2066,#2067,#2068,#2069,
    #2070,#2071,#2072,#2073,#2074,#2075,#2076,#2077,#2078,#2079,#2080,
    #2081,#2082,#2083,#2084,#2085,#2086,#2087,#2088,#2089,#2090,#2091,
    #2092,#2093,#2094,#2095,#2096,#2097,#2098,#2099,#2100,#2101,#2102,
    #2103,#2104,#2105,#2106,#2107,#2108,#2109,#2110,#2111,#2112,#2113,
    #2114,#2115,#2116,#2117,#2118,#2119,#2120,#2121,#2122,#2123,#2124,
    #2125,#2126,#2127,#2128,#2129,#2130,#2131,#2132,#2133,#2134,#2135,
    #2136,#2137,#2138,#2139,#2140,#2141,#2142,#2143,#2144,#2145,#2146,
    #2147,#2148,#2149,#2150,#2151,#2152,#2153,#2154,#2155,#2156,#2157,
    #2158,#2159,#2160,#2161,#2162,#2163,#2164,#2165,#2166,#2167,#2168,
    #2169,#2170,#2171,#2172,#2173,#2174,#2175,#2176,#2177,#2178,#2179,
    #2180,#2181,#2182,#2183,#2184,#2185,#2186,#2187,#2188,#2189,#2190,
    #2191,#2192,#2193,#2194),.UNSPECIFIED.,.T.,.F.,(8,6,6,6,6,6,6,6,6,6,
    6,6,6,6,6,6,6,6,6,6,6,6,6,6,6,8),(0.,7.043369104029E-02,
    0.109624242041,0.1529641563,0.181814591167,0.249996511953,
    0.298375721734,0.318177115675,0.347027562595,0.390367494959,
    0.429558062332,0.451662178973,0.466898977587,0.500000815999,
    0.548338035635,0.570442131551,0.609632662179,0.652972553907,
    0.681822973776,0.750004859117,0.798384043748,0.818185427396,
    0.847035859317,0.890375769151,0.92956631615,1.),.UNSPECIFIED.);
#2043 = CARTESIAN_POINT('',(19.,62.,73.));
#2044 = CARTESIAN_POINT('',(19.000000133312,60.861379023905,73.));
#2045 = CARTESIAN_POINT('',(18.900559278019,59.722254554346,73.));
#2046 = CARTESIAN_POINT('',(18.701524270965,58.5939858966,73.));
#2047 = CARTESIAN_POINT('',(18.405394718961,57.486712082329,73.));
#2048 = CARTESIAN_POINT('',(18.016317298415,56.409571133934,73.));
#2049 = CARTESIAN_POINT('',(17.539863774333,55.370750948939,73.));
#2050 = CARTESIAN_POINT('',(16.673131457797,53.82481488306,73.));
#2051 = CARTESIAN_POINT('',(16.338307247316,53.286125989811,73.));
#2052 = CARTESIAN_POINT('',(15.979642370283,52.762578767739,73.));
#2053 = CARTESIAN_POINT('',(15.598324483345,52.255181934288,73.));
#2054 = CARTESIAN_POINT('',(15.195579585396,51.764808625503,73.));
#2055 = CARTESIAN_POINT('',(14.772650646028,51.292212218213,73.));
#2056 = CARTESIAN_POINT('',(13.842118387895,50.335786221999,73.));
#2057 = CARTESIAN_POINT('',(13.330289570209,49.856062955952,73.));
#2058 = CARTESIAN_POINT('',(12.796959678365,49.39973787923,73.));
#2059 = CARTESIAN_POINT('',(12.243787427563,48.967518619083,73.));
#2060 = CARTESIAN_POINT('',(11.672402998483,48.559976956591,73.));
#2061 = CARTESIAN_POINT('',(11.084390685008,48.17757087842,73.));
#2062 = CARTESIAN_POINT('',(10.079788524945,47.583083290753,73.));
#2063 = CARTESIAN_POINT('',(9.671614011964,47.35680184064,73.));
#2064 = CARTESIAN_POINT('',(9.257197996753,47.141930257518,73.));
#2065 = CARTESIAN_POINT('',(8.836982179282,46.938560254309,73.));
#2066 = CARTESIAN_POINT('',(8.411399080777,46.746769111164,73.));
#2067 = CARTESIAN_POINT('',(7.980871158754,46.566621509055,73.));
#2068 = CARTESIAN_POINT('',(6.517634295153,46.000074879297,73.));
#2069 = CARTESIAN_POINT('',(5.464219242305,45.667341387007,73.));
#2070 = CARTESIAN_POINT('',(4.390896795307,45.400622620953,73.));
#2071 = CARTESIAN_POINT('',(3.30285271279,45.200360267338,73.));
#2072 = CARTESIAN_POINT('',(2.205126275129,45.066792112936,73.));
#2073 = CARTESIAN_POINT('',(1.102602960201,45.000000058964,73.));
#2074 = CARTESIAN_POINT('',(-0.782363628914,45.000000182824,73.));
#2075 = CARTESIAN_POINT('',(-1.564713040388,45.033627938098,73.));
#2076 = CARTESIAN_POINT('',(-2.345337360673,45.100883185157,73.));
#2077 = CARTESIAN_POINT('',(-3.122496770019,45.20173948673,73.));
#2078 = CARTESIAN_POINT('',(-3.894423114198,45.336138077036,73.));
#2079 = CARTESIAN_POINT('',(-4.659320516034,45.503981889872,73.));
#2080 = CARTESIAN_POINT('',(-5.724812031765,45.787458567809,73.));
#2081 = CARTESIAN_POINT('',(-6.032772721005,45.875366040977,73.));
#2082 = CARTESIAN_POINT('',(-6.339121636504,45.968842168357,73.));
#2083 = CARTESIAN_POINT('',(-6.64373060937,46.067875252109,73.));
#2084 = CARTESIAN_POINT('',(-6.946469719966,46.172451734405,73.));
#2085 = CARTESIAN_POINT('',(-7.247207297907,46.282556197428,73.));
#2086 = CARTESIAN_POINT('',(-7.980871158751,46.566621509054,73.));
#2087 = CARTESIAN_POINT('',(-8.411399080774,46.746769111162,73.));
#2088 = CARTESIAN_POINT('',(-8.836982179279,46.938560254308,73.));
#2089 = CARTESIAN_POINT('',(-9.257197996749,47.141930257517,73.));
#2090 = CARTESIAN_POINT('',(-9.67161401196,47.356801840638,73.));
#2091 = CARTESIAN_POINT('',(-10.07978852494,47.583083290751,73.));
#2092 = CARTESIAN_POINT('',(-11.084390685,48.177570878418,73.));
#2093 = CARTESIAN_POINT('',(-11.67240299848,48.559976956589,73.));
#2094 = CARTESIAN_POINT('',(-12.24378742756,48.967518619081,73.));
#2095 = CARTESIAN_POINT('',(-12.79695967836,49.399737879228,73.));
#2096 = CARTESIAN_POINT('',(-13.3302895702,49.85606295595,73.));
#2097 = CARTESIAN_POINT('',(-13.84211838789,50.335786221996,73.));
#2098 = CARTESIAN_POINT('',(-14.77265064602,51.292212218211,73.));
#2099 = CARTESIAN_POINT('',(-15.19557958539,51.764808625501,73.));
#2100 = CARTESIAN_POINT('',(-15.59832448334,52.255181934285,73.));
#2101 = CARTESIAN_POINT('',(-15.97964237028,52.762578767737,73.));
#2102 = CARTESIAN_POINT('',(-16.33830724731,53.286125989809,73.));
#2103 = CARTESIAN_POINT('',(-16.67313145779,53.824814883057,73.));
#2104 = CARTESIAN_POINT('',(-17.15775087186,54.689200488342,73.));
#2105 = CARTESIAN_POINT('',(-17.32457355511,55.005365825556,73.));
#2106 = CARTESIAN_POINT('',(-17.48325356013,55.325773734051,73.));
#2107 = CARTESIAN_POINT('',(-17.63359733156,55.650204164401,73.));
#2108 = CARTESIAN_POINT('',(-17.77542079134,55.978423943432,73.));
#2109 = CARTESIAN_POINT('',(-17.90855082281,56.310186095849,73.));
#2110 = CARTESIAN_POINT('',(-18.11849252018,56.876180856155,73.));
#2111 = CARTESIAN_POINT('',(-18.1999515677,57.108692082676,73.));
#2112 = CARTESIAN_POINT('',(-18.27715110349,57.342677494472,73.));
#2113 = CARTESIAN_POINT('',(-18.3500417687,57.578049195473,73.));
#2114 = CARTESIAN_POINT('',(-18.41857763943,57.814716744493,73.));
#2115 = CARTESIAN_POINT('',(-18.48271622678,58.052587155229,73.));
#2116 = CARTESIAN_POINT('',(-18.67212152782,58.810742461947,73.));
#2117 = CARTESIAN_POINT('',(-18.78088962713,59.335159617121,73.));
#2118 = CARTESIAN_POINT('',(-18.86832092487,59.863818593738,73.));
#2119 = CARTESIAN_POINT('',(-18.93410656858,60.395695689363,73.));
#2120 = CARTESIAN_POINT('',(-18.97803565505,60.929740807641,73.));
#2121 = CARTESIAN_POINT('',(-19.00000018201,61.464876998774,73.));
#2122 = CARTESIAN_POINT('',(-19.00000005891,62.781417518203,73.));
#2123 = CARTESIAN_POINT('',(-18.95316494132,63.562919260549,73.));
#2124 = CARTESIAN_POINT('',(-18.85947785469,64.340987374408,73.));
#2125 = CARTESIAN_POINT('',(-18.71945552276,65.11228884163,73.));
#2126 = CARTESIAN_POINT('',(-18.53404797714,65.873659775177,73.));
#2127 = CARTESIAN_POINT('',(-18.30459321955,66.622098987998,73.));
#2128 = CARTESIAN_POINT('',(-17.90855082281,67.689813904147,73.));
#2129 = CARTESIAN_POINT('',(-17.77542079134,68.021576056564,73.));
#2130 = CARTESIAN_POINT('',(-17.63359733156,68.349795835595,73.));
#2131 = CARTESIAN_POINT('',(-17.48325356013,68.674226265945,73.));
#2132 = CARTESIAN_POINT('',(-17.32457355512,68.99463417444,73.));
#2133 = CARTESIAN_POINT('',(-17.15775087187,69.310799511654,73.));
#2134 = CARTESIAN_POINT('',(-16.67313145779,70.175185116939,73.));
#2135 = CARTESIAN_POINT('',(-16.33830724731,70.713874010188,73.));
#2136 = CARTESIAN_POINT('',(-15.97964237028,71.237421232259,73.));
#2137 = CARTESIAN_POINT('',(-15.59832448334,71.744818065711,73.));
#2138 = CARTESIAN_POINT('',(-15.19557958539,72.235191374496,73.));
#2139 = CARTESIAN_POINT('',(-14.77265064602,72.707787781786,73.));
#2140 = CARTESIAN_POINT('',(-13.84211838789,73.664213778,73.));
#2141 = CARTESIAN_POINT('',(-13.33028957021,74.143937044047,73.));
#2142 = CARTESIAN_POINT('',(-12.79695967836,74.600262120769,73.));
#2143 = CARTESIAN_POINT('',(-12.24378742756,75.032481380916,73.));
#2144 = CARTESIAN_POINT('',(-11.67240299848,75.440023043408,73.));
#2145 = CARTESIAN_POINT('',(-11.084390685,75.822429121579,73.));
#2146 = CARTESIAN_POINT('',(-10.07978852494,76.416916709247,73.));
#2147 = CARTESIAN_POINT('',(-9.671614011965,76.64319815936,73.));
#2148 = CARTESIAN_POINT('',(-9.257197996754,76.858069742481,73.));
#2149 = CARTESIAN_POINT('',(-8.836982179283,77.06143974569,73.));
#2150 = CARTESIAN_POINT('',(-8.411399080778,77.253230888836,73.));
#2151 = CARTESIAN_POINT('',(-7.980871158755,77.433378490944,73.));
#2152 = CARTESIAN_POINT('',(-6.517634295153,77.999925120702,73.));
#2153 = CARTESIAN_POINT('',(-5.464219242309,78.332658612993,73.));
#2154 = CARTESIAN_POINT('',(-4.390896795307,78.599377379046,73.));
#2155 = CARTESIAN_POINT('',(-3.302852712789,78.799639732662,73.));
#2156 = CARTESIAN_POINT('',(-2.205126275132,78.933207887064,73.));
#2157 = CARTESIAN_POINT('',(-1.1026029602,78.999999941036,73.));
#2158 = CARTESIAN_POINT('',(0.782363628914,78.999999817176,73.));
#2159 = CARTESIAN_POINT('',(1.564713040388,78.966372061902,73.));
#2160 = CARTESIAN_POINT('',(2.345337360673,78.899116814844,73.));
#2161 = CARTESIAN_POINT('',(3.122496770018,78.79826051327,73.));
#2162 = CARTESIAN_POINT('',(3.894423114198,78.663861922964,73.));
#2163 = CARTESIAN_POINT('',(4.659320516034,78.496018110128,73.));
#2164 = CARTESIAN_POINT('',(5.724812031765,78.212541432191,73.));
#2165 = CARTESIAN_POINT('',(6.032772721005,78.124633959023,73.));
#2166 = CARTESIAN_POINT('',(6.339121636504,78.031157831643,73.));
#2167 = CARTESIAN_POINT('',(6.64373060937,77.932124747891,73.));
#2168 = CARTESIAN_POINT('',(6.946469719966,77.827548265595,73.));
#2169 = CARTESIAN_POINT('',(7.247207297907,77.717443802572,73.));
#2170 = CARTESIAN_POINT('',(7.98087115875,77.433378490946,73.));
#2171 = CARTESIAN_POINT('',(8.411399080774,77.253230888838,73.));
#2172 = CARTESIAN_POINT('',(8.836982179279,77.061439745692,73.));
#2173 = CARTESIAN_POINT('',(9.257197996749,76.858069742483,73.));
#2174 = CARTESIAN_POINT('',(9.67161401196,76.643198159362,73.));
#2175 = CARTESIAN_POINT('',(10.079788524943,76.416916709249,73.));
#2176 = CARTESIAN_POINT('',(11.084390685006,75.822429121581,73.));
#2177 = CARTESIAN_POINT('',(11.67240299848,75.440023043411,73.));
#2178 = CARTESIAN_POINT('',(12.24378742756,75.032481380919,73.));
#2179 = CARTESIAN_POINT('',(12.796959678363,74.600262120771,73.));
#2180 = CARTESIAN_POINT('',(13.330289570207,74.14393704405,73.));
#2181 = CARTESIAN_POINT('',(13.842118387893,73.664213778004,73.));
#2182 = CARTESIAN_POINT('',(14.772650646026,72.707787781789,73.));
#2183 = CARTESIAN_POINT('',(15.195579585394,72.235191374499,73.));
#2184 = CARTESIAN_POINT('',(15.598324483343,71.744818065714,73.));
#2185 = CARTESIAN_POINT('',(15.979642370281,71.237421232263,73.));
#2186 = CARTESIAN_POINT('',(16.338307247314,70.713874010191,73.));
#2187 = CARTESIAN_POINT('',(16.673131457795,70.175185116942,73.));
#2188 = CARTESIAN_POINT('',(17.539863774334,68.629249051064,73.));
#2189 = CARTESIAN_POINT('',(18.01631729841,67.590428866065,73.));
#2190 = CARTESIAN_POINT('',(18.405394718967,66.513287917674,73.));
#2191 = CARTESIAN_POINT('',(18.701524270961,65.4060141034,73.));
#2192 = CARTESIAN_POINT('',(18.900559278021,64.277745445654,73.));
#2193 = CARTESIAN_POINT('',(19.000000133311,63.138620976095,73.));
#2194 = CARTESIAN_POINT('',(19.,62.,73.));
#2195 = PCURVE('',#1569,#2196);
#2196 = DEFINITIONAL_REPRESENTATION('',(#2197),#2350);
#2197 = B_SPLINE_CURVE_WITH_KNOTS('',7,(#2198,#2199,#2200,#2201,#2202,
    #2203,#2204,#2205,#2206,#2207,#2208,#2209,#2210,#2211,#2212,#2213,
    #2214,#2215,#2216,#2217,#2218,#2219,#2220,#2221,#2222,#2223,#2224,
    #2225,#2226,#2227,#2228,#2229,#2230,#2231,#2232,#2233,#2234,#2235,
    #2236,#2237,#2238,#2239,#2240,#2241,#2242,#2243,#2244,#2245,#2246,
    #2247,#2248,#2249,#2250,#2251,#2252,#2253,#2254,#2255,#2256,#2257,
    #2258,#2259,#2260,#2261,#2262,#2263,#2264,#2265,#2266,#2267,#2268,
    #2269,#2270,#2271,#2272,#2273,#2274,#2275,#2276,#2277,#2278,#2279,
    #2280,#2281,#2282,#2283,#2284,#2285,#2286,#2287,#2288,#2289,#2290,
    #2291,#2292,#2293,#2294,#2295,#2296,#2297,#2298,#2299,#2300,#2301,
    #2302,#2303,#2304,#2305,#2306,#2307,#2308,#2309,#2310,#2311,#2312,
    #2313,#2314,#2315,#2316,#2317,#2318,#2319,#2320,#2321,#2322,#2323,
    #2324,#2325,#2326,#2327,#2328,#2329,#2330,#2331,#2332,#2333,#2334,
    #2335,#2336,#2337,#2338,#2339,#2340,#2341,#2342,#2343,#2344,#2345,
    #2346,#2347,#2348,#2349),.UNSPECIFIED.,.F.,.F.,(8,6,6,6,6,6,6,6,6,6,
    6,6,6,6,6,6,6,6,6,6,6,6,6,6,6,8),(0.,7.043369104029E-02,
    0.109624242041,0.1529641563,0.181814591167,0.249996511953,
    0.298375721734,0.318177115675,0.347027562595,0.390367494959,
    0.429558062332,0.451662178973,0.466898977587,0.500000815999,
    0.548338035635,0.570442131551,0.609632662179,0.652972553907,
    0.681822973776,0.750004859117,0.798384043748,0.818185427396,
    0.847035859317,0.890375769151,0.92956631615,1.),.UNSPECIFIED.);
#2198 = CARTESIAN_POINT('',(18.735866749267,0.));
#2199 = CARTESIAN_POINT('',(18.735866882579,-1.138620976095));
#2200 = CARTESIAN_POINT('',(18.636426027287,-2.277745445654));
#2201 = CARTESIAN_POINT('',(18.437391020233,-3.4060141034));
#2202 = CARTESIAN_POINT('',(18.141261468228,-4.513287917671));
#2203 = CARTESIAN_POINT('',(17.752184047683,-5.590428866066));
#2204 = CARTESIAN_POINT('',(17.275730523601,-6.629249051061));
#2205 = CARTESIAN_POINT('',(16.408998207064,-8.17518511694));
#2206 = CARTESIAN_POINT('',(16.074173996583,-8.713874010189));
#2207 = CARTESIAN_POINT('',(15.71550911955,-9.237421232261));
#2208 = CARTESIAN_POINT('',(15.334191232612,-9.744818065712));
#2209 = CARTESIAN_POINT('',(14.931446334663,-10.23519137449));
#2210 = CARTESIAN_POINT('',(14.508517395295,-10.70778778178));
#2211 = CARTESIAN_POINT('',(13.577985137163,-11.664213778));
#2212 = CARTESIAN_POINT('',(13.066156319476,-12.14393704404));
#2213 = CARTESIAN_POINT('',(12.532826427632,-12.60026212077));
#2214 = CARTESIAN_POINT('',(11.97965417683,-13.03248138091));
#2215 = CARTESIAN_POINT('',(11.408269747751,-13.4400230434));
#2216 = CARTESIAN_POINT('',(10.820257434276,-13.82242912158));
#2217 = CARTESIAN_POINT('',(9.815655274213,-14.41691670924));
#2218 = CARTESIAN_POINT('',(9.407480761231,-14.64319815936));
#2219 = CARTESIAN_POINT('',(8.99306474602,-14.85806974248));
#2220 = CARTESIAN_POINT('',(8.572848928549,-15.06143974569));
#2221 = CARTESIAN_POINT('',(8.147265830044,-15.25323088883));
#2222 = CARTESIAN_POINT('',(7.716737908022,-15.43337849094));
#2223 = CARTESIAN_POINT('',(6.253501044421,-15.9999251207));
#2224 = CARTESIAN_POINT('',(5.200085991573,-16.33265861299));
#2225 = CARTESIAN_POINT('',(4.126763544575,-16.59937737904));
#2226 = CARTESIAN_POINT('',(3.038719462058,-16.79963973266));
#2227 = CARTESIAN_POINT('',(1.940993024397,-16.93320788706));
#2228 = CARTESIAN_POINT('',(0.838469709468,-16.99999994103));
#2229 = CARTESIAN_POINT('',(-1.046496879647,-16.99999981717));
#2230 = CARTESIAN_POINT('',(-1.82884629112,-16.9663720619));
#2231 = CARTESIAN_POINT('',(-2.609470611406,-16.89911681484));
#2232 = CARTESIAN_POINT('',(-3.386630020751,-16.79826051327));
#2233 = CARTESIAN_POINT('',(-4.158556364931,-16.66386192296));
#2234 = CARTESIAN_POINT('',(-4.923453766767,-16.49601811012));
#2235 = CARTESIAN_POINT('',(-5.988945282498,-16.21254143219));
#2236 = CARTESIAN_POINT('',(-6.296905971738,-16.12463395902));
#2237 = CARTESIAN_POINT('',(-6.603254887237,-16.03115783164));
#2238 = CARTESIAN_POINT('',(-6.907863860103,-15.93212474789));
#2239 = CARTESIAN_POINT('',(-7.210602970699,-15.82754826559));
#2240 = CARTESIAN_POINT('',(-7.511340548639,-15.71744380257));
#2241 = CARTESIAN_POINT('',(-8.245004409483,-15.43337849094));
#2242 = CARTESIAN_POINT('',(-8.675532331506,-15.25323088883));
#2243 = CARTESIAN_POINT('',(-9.101115430011,-15.06143974569));
#2244 = CARTESIAN_POINT('',(-9.521331247482,-14.85806974248));
#2245 = CARTESIAN_POINT('',(-9.935747262693,-14.64319815936));
#2246 = CARTESIAN_POINT('',(-10.34392177567,-14.41691670924));
#2247 = CARTESIAN_POINT('',(-11.34852393573,-13.82242912158));
#2248 = CARTESIAN_POINT('',(-11.93653624921,-13.44002304341));
#2249 = CARTESIAN_POINT('',(-12.50792067829,-13.03248138091));
#2250 = CARTESIAN_POINT('',(-13.06109292909,-12.60026212077));
#2251 = CARTESIAN_POINT('',(-13.59442282093,-12.14393704405));
#2252 = CARTESIAN_POINT('',(-14.10625163862,-11.664213778));
#2253 = CARTESIAN_POINT('',(-15.03678389675,-10.70778778178));
#2254 = CARTESIAN_POINT('',(-15.45971283612,-10.23519137449));
#2255 = CARTESIAN_POINT('',(-15.86245773407,-9.744818065715));
#2256 = CARTESIAN_POINT('',(-16.24377562101,-9.237421232263));
#2257 = CARTESIAN_POINT('',(-16.60244049804,-8.713874010191));
#2258 = CARTESIAN_POINT('',(-16.93726470852,-8.175185116943));
#2259 = CARTESIAN_POINT('',(-17.4218841226,-7.310799511658));
#2260 = CARTESIAN_POINT('',(-17.58870680585,-6.994634174444));
#2261 = CARTESIAN_POINT('',(-17.74738681086,-6.674226265949));
#2262 = CARTESIAN_POINT('',(-17.89773058229,-6.349795835599));
#2263 = CARTESIAN_POINT('',(-18.03955404207,-6.021576056568));
#2264 = CARTESIAN_POINT('',(-18.17268407354,-5.689813904151));
#2265 = CARTESIAN_POINT('',(-18.38262577092,-5.123819143845));
#2266 = CARTESIAN_POINT('',(-18.46408481843,-4.891307917324));
#2267 = CARTESIAN_POINT('',(-18.54128435423,-4.657322505528));
#2268 = CARTESIAN_POINT('',(-18.61417501943,-4.421950804527));
#2269 = CARTESIAN_POINT('',(-18.68271089016,-4.185283255507));
#2270 = CARTESIAN_POINT('',(-18.74684947751,-3.947412844771));
#2271 = CARTESIAN_POINT('',(-18.93625477855,-3.189257538053));
#2272 = CARTESIAN_POINT('',(-19.04502287786,-2.664840382879));
#2273 = CARTESIAN_POINT('',(-19.1324541756,-2.136181406262));
#2274 = CARTESIAN_POINT('',(-19.19823981932,-1.604304310637));
#2275 = CARTESIAN_POINT('',(-19.24216890578,-1.070259192359));
#2276 = CARTESIAN_POINT('',(-19.26413343274,-0.535123001226));
#2277 = CARTESIAN_POINT('',(-19.26413330964,0.781417518203));
#2278 = CARTESIAN_POINT('',(-19.21729819205,1.562919260549));
#2279 = CARTESIAN_POINT('',(-19.12361110542,2.340987374408));
#2280 = CARTESIAN_POINT('',(-18.98358877349,3.11228884163));
#2281 = CARTESIAN_POINT('',(-18.79818122787,3.873659775177));
#2282 = CARTESIAN_POINT('',(-18.56872647028,4.622098987998));
#2283 = CARTESIAN_POINT('',(-18.17268407354,5.689813904147));
#2284 = CARTESIAN_POINT('',(-18.03955404207,6.021576056564));
#2285 = CARTESIAN_POINT('',(-17.89773058229,6.349795835595));
#2286 = CARTESIAN_POINT('',(-17.74738681086,6.674226265945));
#2287 = CARTESIAN_POINT('',(-17.58870680585,6.99463417444));
#2288 = CARTESIAN_POINT('',(-17.4218841226,7.310799511654));
#2289 = CARTESIAN_POINT('',(-16.93726470853,8.175185116939));
#2290 = CARTESIAN_POINT('',(-16.60244049804,8.713874010188));
#2291 = CARTESIAN_POINT('',(-16.24377562101,9.237421232259));
#2292 = CARTESIAN_POINT('',(-15.86245773407,9.744818065711));
#2293 = CARTESIAN_POINT('',(-15.45971283612,10.235191374496));
#2294 = CARTESIAN_POINT('',(-15.03678389676,10.707787781786));
#2295 = CARTESIAN_POINT('',(-14.10625163862,11.664213778));
#2296 = CARTESIAN_POINT('',(-13.59442282094,12.143937044047));
#2297 = CARTESIAN_POINT('',(-13.06109292909,12.600262120769));
#2298 = CARTESIAN_POINT('',(-12.50792067829,13.032481380916));
#2299 = CARTESIAN_POINT('',(-11.93653624921,13.440023043408));
#2300 = CARTESIAN_POINT('',(-11.34852393574,13.822429121579));
#2301 = CARTESIAN_POINT('',(-10.34392177567,14.416916709247));
#2302 = CARTESIAN_POINT('',(-9.935747262697,14.64319815936));
#2303 = CARTESIAN_POINT('',(-9.521331247486,14.858069742481));
#2304 = CARTESIAN_POINT('',(-9.101115430016,15.06143974569));
#2305 = CARTESIAN_POINT('',(-8.67553233151,15.253230888836));
#2306 = CARTESIAN_POINT('',(-8.245004409487,15.433378490944));
#2307 = CARTESIAN_POINT('',(-6.781767545885,15.999925120702));
#2308 = CARTESIAN_POINT('',(-5.728352493041,16.332658612993));
#2309 = CARTESIAN_POINT('',(-4.655030046039,16.599377379046));
#2310 = CARTESIAN_POINT('',(-3.566985963522,16.799639732662));
#2311 = CARTESIAN_POINT('',(-2.469259525864,16.933207887064));
#2312 = CARTESIAN_POINT('',(-1.366736210933,16.999999941036));
#2313 = CARTESIAN_POINT('',(0.518230378181,16.999999817176));
#2314 = CARTESIAN_POINT('',(1.300579789655,16.966372061902));
#2315 = CARTESIAN_POINT('',(2.08120410994,16.899116814844));
#2316 = CARTESIAN_POINT('',(2.858363519286,16.79826051327));
#2317 = CARTESIAN_POINT('',(3.630289863465,16.663861922964));
#2318 = CARTESIAN_POINT('',(4.395187265302,16.496018110128));
#2319 = CARTESIAN_POINT('',(5.460678781033,16.212541432191));
#2320 = CARTESIAN_POINT('',(5.768639470273,16.124633959023));
#2321 = CARTESIAN_POINT('',(6.074988385771,16.031157831643));
#2322 = CARTESIAN_POINT('',(6.379597358638,15.932124747891));
#2323 = CARTESIAN_POINT('',(6.682336469234,15.827548265595));
#2324 = CARTESIAN_POINT('',(6.983074047174,15.717443802572));
#2325 = CARTESIAN_POINT('',(7.716737908018,15.433378490946));
#2326 = CARTESIAN_POINT('',(8.147265830042,15.253230888838));
#2327 = CARTESIAN_POINT('',(8.572848928547,15.061439745692));
#2328 = CARTESIAN_POINT('',(8.993064746017,14.858069742483));
#2329 = CARTESIAN_POINT('',(9.407480761228,14.643198159362));
#2330 = CARTESIAN_POINT('',(9.81565527421,14.416916709249));
#2331 = CARTESIAN_POINT('',(10.820257434273,13.822429121581));
#2332 = CARTESIAN_POINT('',(11.408269747748,13.440023043411));
#2333 = CARTESIAN_POINT('',(11.979654176827,13.032481380919));
#2334 = CARTESIAN_POINT('',(12.53282642763,12.600262120771));
#2335 = CARTESIAN_POINT('',(13.066156319474,12.14393704405));
#2336 = CARTESIAN_POINT('',(13.57798513716,11.664213778004));
#2337 = CARTESIAN_POINT('',(14.508517395293,10.707787781789));
#2338 = CARTESIAN_POINT('',(14.931446334661,10.235191374499));
#2339 = CARTESIAN_POINT('',(15.334191232611,9.744818065714));
#2340 = CARTESIAN_POINT('',(15.715509119549,9.237421232263));
#2341 = CARTESIAN_POINT('',(16.074173996581,8.713874010191));
#2342 = CARTESIAN_POINT('',(16.408998207063,8.175185116942));
#2343 = CARTESIAN_POINT('',(17.275730523602,6.629249051064));
#2344 = CARTESIAN_POINT('',(17.752184047677,5.590428866065));
#2345 = CARTESIAN_POINT('',(18.141261468235,4.513287917674));
#2346 = CARTESIAN_POINT('',(18.437391020228,3.4060141034));
#2347 = CARTESIAN_POINT('',(18.636426027288,2.277745445654));
#2348 = CARTESIAN_POINT('',(18.735866882579,1.138620976095));
#2349 = CARTESIAN_POINT('',(18.735866749267,7.105427357601E-15));
#2350 = ( GEOMETRIC_REPRESENTATION_CONTEXT(2) 
PARAMETRIC_REPRESENTATION_CONTEXT() REPRESENTATION_CONTEXT('2D SPACE',''
  ) );
#2351 = PCURVE('',#1831,#2352);
#2352 = DEFINITIONAL_REPRESENTATION('',(#2353),#2506);
#2353 = B_SPLINE_CURVE_WITH_KNOTS('',7,(#2354,#2355,#2356,#2357,#2358,
    #2359,#2360,#2361,#2362,#2363,#2364,#2365,#2366,#2367,#2368,#2369,
    #2370,#2371,#2372,#2373,#2374,#2375,#2376,#2377,#2378,#2379,#2380,
    #2381,#2382,#2383,#2384,#2385,#2386,#2387,#2388,#2389,#2390,#2391,
    #2392,#2393,#2394,#2395,#2396,#2397,#2398,#2399,#2400,#2401,#2402,
    #2403,#2404,#2405,#2406,#2407,#2408,#2409,#2410,#2411,#2412,#2413,
    #2414,#2415,#2416,#2417,#2418,#2419,#2420,#2421,#2422,#2423,#2424,
    #2425,#2426,#2427,#2428,#2429,#2430,#2431,#2432,#2433,#2434,#2435,
    #2436,#2437,#2438,#2439,#2440,#2441,#2442,#2443,#2444,#2445,#2446,
    #2447,#2448,#2449,#2450,#2451,#2452,#2453,#2454,#2455,#2456,#2457,
    #2458,#2459,#2460,#2461,#2462,#2463,#2464,#2465,#2466,#2467,#2468,
    #2469,#2470,#2471,#2472,#2473,#2474,#2475,#2476,#2477,#2478,#2479,
    #2480,#2481,#2482,#2483,#2484,#2485,#2486,#2487,#2488,#2489,#2490,
    #2491,#2492,#2493,#2494,#2495,#2496,#2497,#2498,#2499,#2500,#2501,
    #2502,#2503,#2504,#2505),.UNSPECIFIED.,.F.,.F.,(8,6,6,6,6,6,6,6,6,6,
    6,6,6,6,6,6,6,6,6,6,6,6,6,6,6,8),(0.,7.043369104029E-02,
    0.109624242041,0.1529641563,0.181814591167,0.249996511953,
    0.298375721734,0.318177115675,0.347027562595,0.390367494959,
    0.429558062332,0.451662178973,0.466898977587,0.500000815999,
    0.548338035635,0.570442131551,0.609632662179,0.652972553907,
    0.681822973776,0.750004859117,0.798384043748,0.818185427396,
    0.847035859317,0.890375769151,0.92956631615,1.),.UNSPECIFIED.);
#2354 = CARTESIAN_POINT('',(6.28318530718,-49.));
#2355 = CARTESIAN_POINT('',(6.216207598998,-49.));
#2356 = CARTESIAN_POINT('',(6.149200303126,-49.));
#2357 = CARTESIAN_POINT('',(6.082340705996,-49.));
#2358 = CARTESIAN_POINT('',(6.015733003099,-49.));
#2359 = CARTESIAN_POINT('',(5.949460157401,-49.));
#2360 = CARTESIAN_POINT('',(5.883596208433,-49.));
#2361 = CARTESIAN_POINT('',(5.781858454711,-49.));
#2362 = CARTESIAN_POINT('',(5.745633271078,-49.));
#2363 = CARTESIAN_POINT('',(5.709562915042,-49.));
#2364 = CARTESIAN_POINT('',(5.673652869231,-49.));
#2365 = CARTESIAN_POINT('',(5.637905874825,-49.));
#2366 = CARTESIAN_POINT('',(5.602322578964,-49.));
#2367 = CARTESIAN_POINT('',(5.5277315933,-49.));
#2368 = CARTESIAN_POINT('',(5.488760067044,-49.));
#2369 = CARTESIAN_POINT('',(5.449985380672,-49.));
#2370 = CARTESIAN_POINT('',(5.411402742805,-49.));
#2371 = CARTESIAN_POINT('',(5.37300500947,-49.));
#2372 = CARTESIAN_POINT('',(5.334782900171,-49.));
#2373 = CARTESIAN_POINT('',(5.271391042987,-49.));
#2374 = CARTESIAN_POINT('',(5.246129869174,-49.));
#2375 = CARTESIAN_POINT('',(5.22093838553,-49.));
#2376 = CARTESIAN_POINT('',(5.195813095643,-49.));
#2377 = CARTESIAN_POINT('',(5.170750287119,-49.));
#2378 = CARTESIAN_POINT('',(5.145746005028,-49.));
#2379 = CARTESIAN_POINT('',(5.061832008144,-49.));
#2380 = CARTESIAN_POINT('',(5.003175790465,-49.));
#2381 = CARTESIAN_POINT('',(4.944765494982,-49.));
#2382 = CARTESIAN_POINT('',(4.886542481811,-49.));
#2383 = CARTESIAN_POINT('',(4.828448289374,-49.));
#2384 = CARTESIAN_POINT('',(4.770420707158,-49.));
#2385 = CARTESIAN_POINT('',(4.671211949126,-49.));
#2386 = CARTESIAN_POINT('',(4.630035656926,-49.));
#2387 = CARTESIAN_POINT('',(4.588836143565,-49.));
#2388 = CARTESIAN_POINT('',(4.547590917436,-49.));
#2389 = CARTESIAN_POINT('',(4.50627821177,-49.));
#2390 = CARTESIAN_POINT('',(4.464876240854,-49.));
#2391 = CARTESIAN_POINT('',(4.4063710501,-49.));
#2392 = CARTESIAN_POINT('',(4.389361044428,-49.));
#2393 = CARTESIAN_POINT('',(4.37233097889,-49.));
#2394 = CARTESIAN_POINT('',(4.355279422401,-49.));
#2395 = CARTESIAN_POINT('',(4.338204973147,-49.));
#2396 = CARTESIAN_POINT('',(4.32110625858,-49.));
#2397 = CARTESIAN_POINT('',(4.279031955741,-49.));
#2398 = CARTESIAN_POINT('',(4.25402767365,-49.));
#2399 = CARTESIAN_POINT('',(4.228964865126,-49.));
#2400 = CARTESIAN_POINT('',(4.203839575239,-49.));
#2401 = CARTESIAN_POINT('',(4.178648091595,-49.));
#2402 = CARTESIAN_POINT('',(4.153386917782,-49.));
#2403 = CARTESIAN_POINT('',(4.089995060598,-49.));
#2404 = CARTESIAN_POINT('',(4.051772951299,-49.));
#2405 = CARTESIAN_POINT('',(4.013375217964,-49.));
#2406 = CARTESIAN_POINT('',(3.974792580097,-49.));
#2407 = CARTESIAN_POINT('',(3.936017893725,-49.));
#2408 = CARTESIAN_POINT('',(3.897046367469,-49.));
#2409 = CARTESIAN_POINT('',(3.822455381805,-49.));
#2410 = CARTESIAN_POINT('',(3.786872085944,-49.));
#2411 = CARTESIAN_POINT('',(3.751125091538,-49.));
#2412 = CARTESIAN_POINT('',(3.715215045727,-49.));
#2413 = CARTESIAN_POINT('',(3.679144689691,-49.));
#2414 = CARTESIAN_POINT('',(3.642919506059,-49.));
#2415 = CARTESIAN_POINT('',(3.586034452667,-49.));
#2416 = CARTESIAN_POINT('',(3.565473954938,-49.));
#2417 = CARTESIAN_POINT('',(3.544868451146,-49.));
#2418 = CARTESIAN_POINT('',(3.524219685413,-49.));
#2419 = CARTESIAN_POINT('',(3.503529632486,-49.));
#2420 = CARTESIAN_POINT('',(3.482800562252,-49.));
#2421 = CARTESIAN_POINT('',(3.44772106915,-49.));
#2422 = CARTESIAN_POINT('',(3.433389715384,-49.));
#2423 = CARTESIAN_POINT('',(3.419041877562,-49.));
#2424 = CARTESIAN_POINT('',(3.404678440619,-49.));
#2425 = CARTESIAN_POINT('',(3.390300339817,-49.));
#2426 = CARTESIAN_POINT('',(3.37590856075,-49.));
#2427 = CARTESIAN_POINT('',(3.330210634584,-49.));
#2428 = CARTESIAN_POINT('',(3.298856687547,-49.));
#2429 = CARTESIAN_POINT('',(3.267454167638,-49.));
#2430 = CARTESIAN_POINT('',(3.236014443915,-49.));
#2431 = CARTESIAN_POINT('',(3.204549071675,-49.));
#2432 = CARTESIAN_POINT('',(3.173070479048,-49.));
#2433 = CARTESIAN_POINT('',(3.09562691163,-49.));
#2434 = CARTESIAN_POINT('',(3.049656248569,-49.));
#2435 = CARTESIAN_POINT('',(3.003728845701,-49.));
#2436 = CARTESIAN_POINT('',(2.957882222685,-49.));
#2437 = CARTESIAN_POINT('',(2.912148767385,-49.));
#2438 = CARTESIAN_POINT('',(2.866560090205,-49.));
#2439 = CARTESIAN_POINT('',(2.800384744928,-49.));
#2440 = CARTESIAN_POINT('',(2.779655674694,-49.));
#2441 = CARTESIAN_POINT('',(2.758965621767,-49.));
#2442 = CARTESIAN_POINT('',(2.738316856034,-49.));
#2443 = CARTESIAN_POINT('',(2.717711352241,-49.));
#2444 = CARTESIAN_POINT('',(2.697150854513,-49.));
#2445 = CARTESIAN_POINT('',(2.640265801121,-49.));
#2446 = CARTESIAN_POINT('',(2.604040617489,-49.));
#2447 = CARTESIAN_POINT('',(2.567970261452,-49.));
#2448 = CARTESIAN_POINT('',(2.532060215642,-49.));
#2449 = CARTESIAN_POINT('',(2.496313221236,-49.));
#2450 = CARTESIAN_POINT('',(2.460729925375,-49.));
#2451 = CARTESIAN_POINT('',(2.386138939711,-49.));
#2452 = CARTESIAN_POINT('',(2.347167413454,-49.));
#2453 = CARTESIAN_POINT('',(2.308392727083,-49.));
#2454 = CARTESIAN_POINT('',(2.269810089215,-49.));
#2455 = CARTESIAN_POINT('',(2.231412355881,-49.));
#2456 = CARTESIAN_POINT('',(2.193190246581,-49.));
#2457 = CARTESIAN_POINT('',(2.129798389398,-49.));
#2458 = CARTESIAN_POINT('',(2.104537215584,-49.));
#2459 = CARTESIAN_POINT('',(2.07934573194,-49.));
#2460 = CARTESIAN_POINT('',(2.054220442054,-49.));
#2461 = CARTESIAN_POINT('',(2.02915763353,-49.));
#2462 = CARTESIAN_POINT('',(2.004153351439,-49.));
#2463 = CARTESIAN_POINT('',(1.920239354554,-49.));
#2464 = CARTESIAN_POINT('',(1.861583136875,-49.));
#2465 = CARTESIAN_POINT('',(1.803172841393,-49.));
#2466 = CARTESIAN_POINT('',(1.744949828222,-49.));
#2467 = CARTESIAN_POINT('',(1.686855635784,-49.));
#2468 = CARTESIAN_POINT('',(1.628828053568,-49.));
#2469 = CARTESIAN_POINT('',(1.529619295536,-49.));
#2470 = CARTESIAN_POINT('',(1.488443003336,-49.));
#2471 = CARTESIAN_POINT('',(1.447243489975,-49.));
#2472 = CARTESIAN_POINT('',(1.405998263846,-49.));
#2473 = CARTESIAN_POINT('',(1.36468555818,-49.));
#2474 = CARTESIAN_POINT('',(1.323283587264,-49.));
#2475 = CARTESIAN_POINT('',(1.26477839651,-49.));
#2476 = CARTESIAN_POINT('',(1.247768390839,-49.));
#2477 = CARTESIAN_POINT('',(1.2307383253,-49.));
#2478 = CARTESIAN_POINT('',(1.213686768811,-49.));
#2479 = CARTESIAN_POINT('',(1.196612319557,-49.));
#2480 = CARTESIAN_POINT('',(1.17951360499,-49.));
#2481 = CARTESIAN_POINT('',(1.137439302152,-49.));
#2482 = CARTESIAN_POINT('',(1.11243502006,-49.));
#2483 = CARTESIAN_POINT('',(1.087372211536,-49.));
#2484 = CARTESIAN_POINT('',(1.06224692165,-49.));
#2485 = CARTESIAN_POINT('',(1.037055438006,-49.));
#2486 = CARTESIAN_POINT('',(1.011794264192,-49.));
#2487 = CARTESIAN_POINT('',(0.948402407008,-49.));
#2488 = CARTESIAN_POINT('',(0.910180297709,-49.));
#2489 = CARTESIAN_POINT('',(0.871782564375,-49.));
#2490 = CARTESIAN_POINT('',(0.833199926507,-49.));
#2491 = CARTESIAN_POINT('',(0.794425240136,-49.));
#2492 = CARTESIAN_POINT('',(0.755453713879,-49.));
#2493 = CARTESIAN_POINT('',(0.680862728215,-49.));
#2494 = CARTESIAN_POINT('',(0.645279432354,-49.));
#2495 = CARTESIAN_POINT('',(0.609532437948,-49.));
#2496 = CARTESIAN_POINT('',(0.573622392138,-49.));
#2497 = CARTESIAN_POINT('',(0.537552036101,-49.));
#2498 = CARTESIAN_POINT('',(0.501326852469,-49.));
#2499 = CARTESIAN_POINT('',(0.399589098747,-49.));
#2500 = CARTESIAN_POINT('',(0.333725149779,-49.));
#2501 = CARTESIAN_POINT('',(0.26745230408,-49.));
#2502 = CARTESIAN_POINT('',(0.200844601185,-49.));
#2503 = CARTESIAN_POINT('',(0.133985004053,-49.));
#2504 = CARTESIAN_POINT('',(6.697770818178E-02,-49.));
#2505 = CARTESIAN_POINT('',(0.,-49.));
#2506 = ( GEOMETRIC_REPRESENTATION_CONTEXT(2) 
PARAMETRIC_REPRESENTATION_CONTEXT() REPRESENTATION_CONTEXT('2D SPACE',''
  ) );
#2507 = ORIENTED_EDGE('',*,*,#1786,.F.);
#2508 = ORIENTED_EDGE('',*,*,#2509,.T.);
#2509 = EDGE_CURVE('',#1747,#2510,#2512,.T.);
#2510 = VERTEX_POINT('',#2511);
#2511 = CARTESIAN_POINT('',(-19.00000013198,62.,73.));
#2512 = SURFACE_CURVE('',#2513,(#2666,#2822),.PCURVE_S1.);
#2513 = B_SPLINE_CURVE_WITH_KNOTS('',7,(#2514,#2515,#2516,#2517,#2518,
    #2519,#2520,#2521,#2522,#2523,#2524,#2525,#2526,#2527,#2528,#2529,
    #2530,#2531,#2532,#2533,#2534,#2535,#2536,#2537,#2538,#2539,#2540,
    #2541,#2542,#2543,#2544,#2545,#2546,#2547,#2548,#2549,#2550,#2551,
    #2552,#2553,#2554,#2555,#2556,#2557,#2558,#2559,#2560,#2561,#2562,
    #2563,#2564,#2565,#2566,#2567,#2568,#2569,#2570,#2571,#2572,#2573,
    #2574,#2575,#2576,#2577,#2578,#2579,#2580,#2581,#2582,#2583,#2584,
    #2585,#2586,#2587,#2588,#2589,#2590,#2591,#2592,#2593,#2594,#2595,
    #2596,#2597,#2598,#2599,#2600,#2601,#2602,#2603,#2604,#2605,#2606,
    #2607,#2608,#2609,#2610,#2611,#2612,#2613,#2614,#2615,#2616,#2617,
    #2618,#2619,#2620,#2621,#2622,#2623,#2624,#2625,#2626,#2627,#2628,
    #2629,#2630,#2631,#2632,#2633,#2634,#2635,#2636,#2637,#2638,#2639,
    #2640,#2641,#2642,#2643,#2644,#2645,#2646,#2647,#2648,#2649,#2650,
    #2651,#2652,#2653,#2654,#2655,#2656,#2657,#2658,#2659,#2660,#2661,
    #2662,#2663,#2664,#2665),.UNSPECIFIED.,.T.,.F.,(8,6,6,6,6,6,6,6,6,6,
    6,6,6,6,6,6,6,6,6,6,6,6,6,6,6,8),(0.,7.043369104029E-02,
    0.109624242041,0.1529641563,0.181814591167,0.249996511953,
    0.298375721734,0.318177115675,0.347027562595,0.390367494959,
    0.429558062332,0.451662178973,0.466898977587,0.500000815999,
    0.548338035635,0.570442131551,0.609632662179,0.652972553907,
    0.681822973776,0.750004859117,0.798384043748,0.818185427396,
    0.847035859317,0.890375769151,0.92956631615,1.),.UNSPECIFIED.);
#2514 = CARTESIAN_POINT('',(19.,62.,73.));
#2515 = CARTESIAN_POINT('',(19.000000133312,60.861379023905,73.));
#2516 = CARTESIAN_POINT('',(18.900559278019,59.722254554346,73.));
#2517 = CARTESIAN_POINT('',(18.701524270965,58.5939858966,73.));
#2518 = CARTESIAN_POINT('',(18.405394718961,57.486712082329,73.));
#2519 = CARTESIAN_POINT('',(18.016317298415,56.409571133934,73.));
#2520 = CARTESIAN_POINT('',(17.539863774333,55.370750948939,73.));
#2521 = CARTESIAN_POINT('',(16.673131457797,53.82481488306,73.));
#2522 = CARTESIAN_POINT('',(16.338307247316,53.286125989811,73.));
#2523 = CARTESIAN_POINT('',(15.979642370283,52.762578767739,73.));
#2524 = CARTESIAN_POINT('',(15.598324483345,52.255181934288,73.));
#2525 = CARTESIAN_POINT('',(15.195579585396,51.764808625503,73.));
#2526 = CARTESIAN_POINT('',(14.772650646028,51.292212218213,73.));
#2527 = CARTESIAN_POINT('',(13.842118387895,50.335786221999,73.));
#2528 = CARTESIAN_POINT('',(13.330289570209,49.856062955952,73.));
#2529 = CARTESIAN_POINT('',(12.796959678365,49.39973787923,73.));
#2530 = CARTESIAN_POINT('',(12.243787427563,48.967518619083,73.));
#2531 = CARTESIAN_POINT('',(11.672402998483,48.559976956591,73.));
#2532 = CARTESIAN_POINT('',(11.084390685008,48.17757087842,73.));
#2533 = CARTESIAN_POINT('',(10.079788524945,47.583083290753,73.));
#2534 = CARTESIAN_POINT('',(9.671614011964,47.35680184064,73.));
#2535 = CARTESIAN_POINT('',(9.257197996753,47.141930257518,73.));
#2536 = CARTESIAN_POINT('',(8.836982179282,46.938560254309,73.));
#2537 = CARTESIAN_POINT('',(8.411399080777,46.746769111164,73.));
#2538 = CARTESIAN_POINT('',(7.980871158754,46.566621509055,73.));
#2539 = CARTESIAN_POINT('',(6.517634295153,46.000074879297,73.));
#2540 = CARTESIAN_POINT('',(5.464219242305,45.667341387007,73.));
#2541 = CARTESIAN_POINT('',(4.390896795307,45.400622620953,73.));
#2542 = CARTESIAN_POINT('',(3.30285271279,45.200360267338,73.));
#2543 = CARTESIAN_POINT('',(2.205126275129,45.066792112936,73.));
#2544 = CARTESIAN_POINT('',(1.102602960201,45.000000058964,73.));
#2545 = CARTESIAN_POINT('',(-0.782363628914,45.000000182824,73.));
#2546 = CARTESIAN_POINT('',(-1.564713040388,45.033627938098,73.));
#2547 = CARTESIAN_POINT('',(-2.345337360673,45.100883185157,73.));
#2548 = CARTESIAN_POINT('',(-3.122496770019,45.20173948673,73.));
#2549 = CARTESIAN_POINT('',(-3.894423114198,45.336138077036,73.));
#2550 = CARTESIAN_POINT('',(-4.659320516034,45.503981889872,73.));
#2551 = CARTESIAN_POINT('',(-5.724812031765,45.787458567809,73.));
#2552 = CARTESIAN_POINT('',(-6.032772721005,45.875366040977,73.));
#2553 = CARTESIAN_POINT('',(-6.339121636504,45.968842168357,73.));
#2554 = CARTESIAN_POINT('',(-6.64373060937,46.067875252109,73.));
#2555 = CARTESIAN_POINT('',(-6.946469719966,46.172451734405,73.));
#2556 = CARTESIAN_POINT('',(-7.247207297907,46.282556197428,73.));
#2557 = CARTESIAN_POINT('',(-7.980871158751,46.566621509054,73.));
#2558 = CARTESIAN_POINT('',(-8.411399080774,46.746769111162,73.));
#2559 = CARTESIAN_POINT('',(-8.836982179279,46.938560254308,73.));
#2560 = CARTESIAN_POINT('',(-9.257197996749,47.141930257517,73.));
#2561 = CARTESIAN_POINT('',(-9.67161401196,47.356801840638,73.));
#2562 = CARTESIAN_POINT('',(-10.07978852494,47.583083290751,73.));
#2563 = CARTESIAN_POINT('',(-11.084390685,48.177570878418,73.));
#2564 = CARTESIAN_POINT('',(-11.67240299848,48.559976956589,73.));
#2565 = CARTESIAN_POINT('',(-12.24378742756,48.967518619081,73.));
#2566 = CARTESIAN_POINT('',(-12.79695967836,49.399737879228,73.));
#2567 = CARTESIAN_POINT('',(-13.3302895702,49.85606295595,73.));
#2568 = CARTESIAN_POINT('',(-13.84211838789,50.335786221996,73.));
#2569 = CARTESIAN_POINT('',(-14.77265064602,51.292212218211,73.));
#2570 = CARTESIAN_POINT('',(-15.19557958539,51.764808625501,73.));
#2571 = CARTESIAN_POINT('',(-15.59832448334,52.255181934285,73.));
#2572 = CARTESIAN_POINT('',(-15.97964237028,52.762578767737,73.));
#2573 = CARTESIAN_POINT('',(-16.33830724731,53.286125989809,73.));
#2574 = CARTESIAN_POINT('',(-16.67313145779,53.824814883057,73.));
#2575 = CARTESIAN_POINT('',(-17.15775087186,54.689200488342,73.));
#2576 = CARTESIAN_POINT('',(-17.32457355511,55.005365825556,73.));
#2577 = CARTESIAN_POINT('',(-17.48325356013,55.325773734051,73.));
#2578 = CARTESIAN_POINT('',(-17.63359733156,55.650204164401,73.));
#2579 = CARTESIAN_POINT('',(-17.77542079134,55.978423943432,73.));
#2580 = CARTESIAN_POINT('',(-17.90855082281,56.310186095849,73.));
#2581 = CARTESIAN_POINT('',(-18.11849252018,56.876180856155,73.));
#2582 = CARTESIAN_POINT('',(-18.1999515677,57.108692082676,73.));
#2583 = CARTESIAN_POINT('',(-18.27715110349,57.342677494472,73.));
#2584 = CARTESIAN_POINT('',(-18.3500417687,57.578049195473,73.));
#2585 = CARTESIAN_POINT('',(-18.41857763943,57.814716744493,73.));
#2586 = CARTESIAN_POINT('',(-18.48271622678,58.052587155229,73.));
#2587 = CARTESIAN_POINT('',(-18.67212152782,58.810742461947,73.));
#2588 = CARTESIAN_POINT('',(-18.78088962713,59.335159617121,73.));
#2589 = CARTESIAN_POINT('',(-18.86832092487,59.863818593738,73.));
#2590 = CARTESIAN_POINT('',(-18.93410656858,60.395695689363,73.));
#2591 = CARTESIAN_POINT('',(-18.97803565505,60.929740807641,73.));
#2592 = CARTESIAN_POINT('',(-19.00000018201,61.464876998774,73.));
#2593 = CARTESIAN_POINT('',(-19.00000005891,62.781417518203,73.));
#2594 = CARTESIAN_POINT('',(-18.95316494132,63.562919260549,73.));
#2595 = CARTESIAN_POINT('',(-18.85947785469,64.340987374408,73.));
#2596 = CARTESIAN_POINT('',(-18.71945552276,65.11228884163,73.));
#2597 = CARTESIAN_POINT('',(-18.53404797714,65.873659775177,73.));
#2598 = CARTESIAN_POINT('',(-18.30459321955,66.622098987998,73.));
#2599 = CARTESIAN_POINT('',(-17.90855082281,67.689813904147,73.));
#2600 = CARTESIAN_POINT('',(-17.77542079134,68.021576056564,73.));
#2601 = CARTESIAN_POINT('',(-17.63359733156,68.349795835595,73.));
#2602 = CARTESIAN_POINT('',(-17.48325356013,68.674226265945,73.));
#2603 = CARTESIAN_POINT('',(-17.32457355512,68.99463417444,73.));
#2604 = CARTESIAN_POINT('',(-17.15775087187,69.310799511654,73.));
#2605 = CARTESIAN_POINT('',(-16.67313145779,70.175185116939,73.));
#2606 = CARTESIAN_POINT('',(-16.33830724731,70.713874010188,73.));
#2607 = CARTESIAN_POINT('',(-15.97964237028,71.237421232259,73.));
#2608 = CARTESIAN_POINT('',(-15.59832448334,71.744818065711,73.));
#2609 = CARTESIAN_POINT('',(-15.19557958539,72.235191374496,73.));
#2610 = CARTESIAN_POINT('',(-14.77265064602,72.707787781786,73.));
#2611 = CARTESIAN_POINT('',(-13.84211838789,73.664213778,73.));
#2612 = CARTESIAN_POINT('',(-13.33028957021,74.143937044047,73.));
#2613 = CARTESIAN_POINT('',(-12.79695967836,74.600262120769,73.));
#2614 = CARTESIAN_POINT('',(-12.24378742756,75.032481380916,73.));
#2615 = CARTESIAN_POINT('',(-11.67240299848,75.440023043408,73.));
#2616 = CARTESIAN_POINT('',(-11.084390685,75.822429121579,73.));
#2617 = CARTESIAN_POINT('',(-10.07978852494,76.416916709247,73.));
#2618 = CARTESIAN_POINT('',(-9.671614011965,76.64319815936,73.));
#2619 = CARTESIAN_POINT('',(-9.257197996754,76.858069742481,73.));
#2620 = CARTESIAN_POINT('',(-8.836982179283,77.06143974569,73.));
#2621 = CARTESIAN_POINT('',(-8.411399080778,77.253230888836,73.));
#2622 = CARTESIAN_POINT('',(-7.980871158755,77.433378490944,73.));
#2623 = CARTESIAN_POINT('',(-6.517634295153,77.999925120702,73.));
#2624 = CARTESIAN_POINT('',(-5.464219242309,78.332658612993,73.));
#2625 = CARTESIAN_POINT('',(-4.390896795307,78.599377379046,73.));
#2626 = CARTESIAN_POINT('',(-3.302852712789,78.799639732662,73.));
#2627 = CARTESIAN_POINT('',(-2.205126275132,78.933207887064,73.));
#2628 = CARTESIAN_POINT('',(-1.1026029602,78.999999941036,73.));
#2629 = CARTESIAN_POINT('',(0.782363628914,78.999999817176,73.));
#2630 = CARTESIAN_POINT('',(1.564713040388,78.966372061902,73.));
#2631 = CARTESIAN_POINT('',(2.345337360673,78.899116814844,73.));
#2632 = CARTESIAN_POINT('',(3.122496770018,78.79826051327,73.));
#2633 = CARTESIAN_POINT('',(3.894423114198,78.663861922964,73.));
#2634 = CARTESIAN_POINT('',(4.659320516034,78.496018110128,73.));
#2635 = CARTESIAN_POINT('',(5.724812031765,78.212541432191,73.));
#2636 = CARTESIAN_POINT('',(6.032772721005,78.124633959023,73.));
#2637 = CARTESIAN_POINT('',(6.339121636504,78.031157831643,73.));
#2638 = CARTESIAN_POINT('',(6.64373060937,77.932124747891,73.));
#2639 = CARTESIAN_POINT('',(6.946469719966,77.827548265595,73.));
#2640 = CARTESIAN_POINT('',(7.247207297907,77.717443802572,73.));
#2641 = CARTESIAN_POINT('',(7.98087115875,77.433378490946,73.));
#2642 = CARTESIAN_POINT('',(8.411399080774,77.253230888838,73.));
#2643 = CARTESIAN_POINT('',(8.836982179279,77.061439745692,73.));
#2644 = CARTESIAN_POINT('',(9.257197996749,76.858069742483,73.));
#2645 = CARTESIAN_POINT('',(9.67161401196,76.643198159362,73.));
#2646 = CARTESIAN_POINT('',(10.079788524943,76.416916709249,73.));
#2647 = CARTESIAN_POINT('',(11.084390685006,75.822429121581,73.));
#2648 = CARTESIAN_POINT('',(11.67240299848,75.440023043411,73.));
#2649 = CARTESIAN_POINT('',(12.24378742756,75.032481380919,73.));
#2650 = CARTESIAN_POINT('',(12.796959678363,74.600262120771,73.));
#2651 = CARTESIAN_POINT('',(13.330289570207,74.14393704405,73.));
#2652 = CARTESIAN_POINT('',(13.842118387893,73.664213778004,73.));
#2653 = CARTESIAN_POINT('',(14.772650646026,72.707787781789,73.));
#2654 = CARTESIAN_POINT('',(15.195579585394,72.235191374499,73.));
#2655 = CARTESIAN_POINT('',(15.598324483343,71.744818065714,73.));
#2656 = CARTESIAN_POINT('',(15.979642370281,71.237421232263,73.));
#2657 = CARTESIAN_POINT('',(16.338307247314,70.713874010191,73.));
#2658 = CARTESIAN_POINT('',(16.673131457795,70.175185116942,73.));
#2659 = CARTESIAN_POINT('',(17.539863774334,68.629249051064,73.));
#2660 = CARTESIAN_POINT('',(18.01631729841,67.590428866065,73.));
#2661 = CARTESIAN_POINT('',(18.405394718967,66.513287917674,73.));
#2662 = CARTESIAN_POINT('',(18.701524270961,65.4060141034,73.));
#2663 = CARTESIAN_POINT('',(18.900559278021,64.277745445654,73.));
#2664 = CARTESIAN_POINT('',(19.000000133311,63.138620976095,73.));
#2665 = CARTESIAN_POINT('',(19.,62.,73.));
#2666 = PCURVE('',#1569,#2667);
#2667 = DEFINITIONAL_REPRESENTATION('',(#2668),#2821);
#2668 = B_SPLINE_CURVE_WITH_KNOTS('',7,(#2669,#2670,#2671,#2672,#2673,
    #2674,#2675,#2676,#2677,#2678,#2679,#2680,#2681,#2682,#2683,#2684,
    #2685,#2686,#2687,#2688,#2689,#2690,#2691,#2692,#2693,#2694,#2695,
    #2696,#2697,#2698,#2699,#2700,#2701,#2702,#2703,#2704,#2705,#2706,
    #2707,#2708,#2709,#2710,#2711,#2712,#2713,#2714,#2715,#2716,#2717,
    #2718,#2719,#2720,#2721,#2722,#2723,#2724,#2725,#2726,#2727,#2728,
    #2729,#2730,#2731,#2732,#2733,#2734,#2735,#2736,#2737,#2738,#2739,
    #2740,#2741,#2742,#2743,#2744,#2745,#2746,#2747,#2748,#2749,#2750,
    #2751,#2752,#2753,#2754,#2755,#2756,#2757,#2758,#2759,#2760,#2761,
    #2762,#2763,#2764,#2765,#2766,#2767,#2768,#2769,#2770,#2771,#2772,
    #2773,#2774,#2775,#2776,#2777,#2778,#2779,#2780,#2781,#2782,#2783,
    #2784,#2785,#2786,#2787,#2788,#2789,#2790,#2791,#2792,#2793,#2794,
    #2795,#2796,#2797,#2798,#2799,#2800,#2801,#2802,#2803,#2804,#2805,
    #2806,#2807,#2808,#2809,#2810,#2811,#2812,#2813,#2814,#2815,#2816,
    #2817,#2818,#2819,#2820),.UNSPECIFIED.,.F.,.F.,(8,6,6,6,6,6,6,6,6,6,
    6,6,6,6,6,6,6,6,6,6,6,6,6,6,6,8),(0.,7.043369104029E-02,
    0.109624242041,0.1529641563,0.181814591167,0.249996511953,
    0.298375721734,0.318177115675,0.347027562595,0.390367494959,
    0.429558062332,0.451662178973,0.466898977587,0.500000815999,
    0.548338035635,0.570442131551,0.609632662179,0.652972553907,
    0.681822973776,0.750004859117,0.798384043748,0.818185427396,
    0.847035859317,0.890375769151,0.92956631615,1.),.UNSPECIFIED.);
#2669 = CARTESIAN_POINT('',(18.735866749267,0.));
#2670 = CARTESIAN_POINT('',(18.735866882579,-1.138620976095));
#2671 = CARTESIAN_POINT('',(18.636426027287,-2.277745445654));
#2672 = CARTESIAN_POINT('',(18.437391020233,-3.4060141034));
#2673 = CARTESIAN_POINT('',(18.141261468228,-4.513287917671));
#2674 = CARTESIAN_POINT('',(17.752184047683,-5.590428866066));
#2675 = CARTESIAN_POINT('',(17.275730523601,-6.629249051061));
#2676 = CARTESIAN_POINT('',(16.408998207064,-8.17518511694));
#2677 = CARTESIAN_POINT('',(16.074173996583,-8.713874010189));
#2678 = CARTESIAN_POINT('',(15.71550911955,-9.237421232261));
#2679 = CARTESIAN_POINT('',(15.334191232612,-9.744818065712));
#2680 = CARTESIAN_POINT('',(14.931446334663,-10.23519137449));
#2681 = CARTESIAN_POINT('',(14.508517395295,-10.70778778178));
#2682 = CARTESIAN_POINT('',(13.577985137163,-11.664213778));
#2683 = CARTESIAN_POINT('',(13.066156319476,-12.14393704404));
#2684 = CARTESIAN_POINT('',(12.532826427632,-12.60026212077));
#2685 = CARTESIAN_POINT('',(11.97965417683,-13.03248138091));
#2686 = CARTESIAN_POINT('',(11.408269747751,-13.4400230434));
#2687 = CARTESIAN_POINT('',(10.820257434276,-13.82242912158));
#2688 = CARTESIAN_POINT('',(9.815655274213,-14.41691670924));
#2689 = CARTESIAN_POINT('',(9.407480761231,-14.64319815936));
#2690 = CARTESIAN_POINT('',(8.99306474602,-14.85806974248));
#2691 = CARTESIAN_POINT('',(8.572848928549,-15.06143974569));
#2692 = CARTESIAN_POINT('',(8.147265830044,-15.25323088883));
#2693 = CARTESIAN_POINT('',(7.716737908022,-15.43337849094));
#2694 = CARTESIAN_POINT('',(6.253501044421,-15.9999251207));
#2695 = CARTESIAN_POINT('',(5.200085991573,-16.33265861299));
#2696 = CARTESIAN_POINT('',(4.126763544575,-16.59937737904));
#2697 = CARTESIAN_POINT('',(3.038719462058,-16.79963973266));
#2698 = CARTESIAN_POINT('',(1.940993024397,-16.93320788706));
#2699 = CARTESIAN_POINT('',(0.838469709468,-16.99999994103));
#2700 = CARTESIAN_POINT('',(-1.046496879647,-16.99999981717));
#2701 = CARTESIAN_POINT('',(-1.82884629112,-16.9663720619));
#2702 = CARTESIAN_POINT('',(-2.609470611406,-16.89911681484));
#2703 = CARTESIAN_POINT('',(-3.386630020751,-16.79826051327));
#2704 = CARTESIAN_POINT('',(-4.158556364931,-16.66386192296));
#2705 = CARTESIAN_POINT('',(-4.923453766767,-16.49601811012));
#2706 = CARTESIAN_POINT('',(-5.988945282498,-16.21254143219));
#2707 = CARTESIAN_POINT('',(-6.296905971738,-16.12463395902));
#2708 = CARTESIAN_POINT('',(-6.603254887237,-16.03115783164));
#2709 = CARTESIAN_POINT('',(-6.907863860103,-15.93212474789));
#2710 = CARTESIAN_POINT('',(-7.210602970699,-15.82754826559));
#2711 = CARTESIAN_POINT('',(-7.511340548639,-15.71744380257));
#2712 = CARTESIAN_POINT('',(-8.245004409483,-15.43337849094));
#2713 = CARTESIAN_POINT('',(-8.675532331506,-15.25323088883));
#2714 = CARTESIAN_POINT('',(-9.101115430011,-15.06143974569));
#2715 = CARTESIAN_POINT('',(-9.521331247482,-14.85806974248));
#2716 = CARTESIAN_POINT('',(-9.935747262693,-14.64319815936));
#2717 = CARTESIAN_POINT('',(-10.34392177567,-14.41691670924));
#2718 = CARTESIAN_POINT('',(-11.34852393573,-13.82242912158));
#2719 = CARTESIAN_POINT('',(-11.93653624921,-13.44002304341));
#2720 = CARTESIAN_POINT('',(-12.50792067829,-13.03248138091));
#2721 = CARTESIAN_POINT('',(-13.06109292909,-12.60026212077));
#2722 = CARTESIAN_POINT('',(-13.59442282093,-12.14393704405));
#2723 = CARTESIAN_POINT('',(-14.10625163862,-11.664213778));
#2724 = CARTESIAN_POINT('',(-15.03678389675,-10.70778778178));
#2725 = CARTESIAN_POINT('',(-15.45971283612,-10.23519137449));
#2726 = CARTESIAN_POINT('',(-15.86245773407,-9.744818065715));
#2727 = CARTESIAN_POINT('',(-16.24377562101,-9.237421232263));
#2728 = CARTESIAN_POINT('',(-16.60244049804,-8.713874010191));
#2729 = CARTESIAN_POINT('',(-16.93726470852,-8.175185116943));
#2730 = CARTESIAN_POINT('',(-17.4218841226,-7.310799511658));
#2731 = CARTESIAN_POINT('',(-17.58870680585,-6.994634174444));
#2732 = CARTESIAN_POINT('',(-17.74738681086,-6.674226265949));
#2733 = CARTESIAN_POINT('',(-17.89773058229,-6.349795835599));
#2734 = CARTESIAN_POINT('',(-18.03955404207,-6.021576056568));
#2735 = CARTESIAN_POINT('',(-18.17268407354,-5.689813904151));
#2736 = CARTESIAN_POINT('',(-18.38262577092,-5.123819143845));
#2737 = CARTESIAN_POINT('',(-18.46408481843,-4.891307917324));
#2738 = CARTESIAN_POINT('',(-18.54128435423,-4.657322505528));
#2739 = CARTESIAN_POINT('',(-18.61417501943,-4.421950804527));
#2740 = CARTESIAN_POINT('',(-18.68271089016,-4.185283255507));
#2741 = CARTESIAN_POINT('',(-18.74684947751,-3.947412844771));
#2742 = CARTESIAN_POINT('',(-18.93625477855,-3.189257538053));
#2743 = CARTESIAN_POINT('',(-19.04502287786,-2.664840382879));
#2744 = CARTESIAN_POINT('',(-19.1324541756,-2.136181406262));
#2745 = CARTESIAN_POINT('',(-19.19823981932,-1.604304310637));
#2746 = CARTESIAN_POINT('',(-19.24216890578,-1.070259192359));
#2747 = CARTESIAN_POINT('',(-19.26413343274,-0.535123001226));
#2748 = CARTESIAN_POINT('',(-19.26413330964,0.781417518203));
#2749 = CARTESIAN_POINT('',(-19.21729819205,1.562919260549));
#2750 = CARTESIAN_POINT('',(-19.12361110542,2.340987374408));
#2751 = CARTESIAN_POINT('',(-18.98358877349,3.11228884163));
#2752 = CARTESIAN_POINT('',(-18.79818122787,3.873659775177));
#2753 = CARTESIAN_POINT('',(-18.56872647028,4.622098987998));
#2754 = CARTESIAN_POINT('',(-18.17268407354,5.689813904147));
#2755 = CARTESIAN_POINT('',(-18.03955404207,6.021576056564));
#2756 = CARTESIAN_POINT('',(-17.89773058229,6.349795835595));
#2757 = CARTESIAN_POINT('',(-17.74738681086,6.674226265945));
#2758 = CARTESIAN_POINT('',(-17.58870680585,6.99463417444));
#2759 = CARTESIAN_POINT('',(-17.4218841226,7.310799511654));
#2760 = CARTESIAN_POINT('',(-16.93726470853,8.175185116939));
#2761 = CARTESIAN_POINT('',(-16.60244049804,8.713874010188));
#2762 = CARTESIAN_POINT('',(-16.24377562101,9.237421232259));
#2763 = CARTESIAN_POINT('',(-15.86245773407,9.744818065711));
#2764 = CARTESIAN_POINT('',(-15.45971283612,10.235191374496));
#2765 = CARTESIAN_POINT('',(-15.03678389676,10.707787781786));
#2766 = CARTESIAN_POINT('',(-14.10625163862,11.664213778));
#2767 = CARTESIAN_POINT('',(-13.59442282094,12.143937044047));
#2768 = CARTESIAN_POINT('',(-13.06109292909,12.600262120769));
#2769 = CARTESIAN_POINT('',(-12.50792067829,13.032481380916));
#2770 = CARTESIAN_POINT('',(-11.93653624921,13.440023043408));
#2771 = CARTESIAN_POINT('',(-11.34852393574,13.822429121579));
#2772 = CARTESIAN_POINT('',(-10.34392177567,14.416916709247));
#2773 = CARTESIAN_POINT('',(-9.935747262697,14.64319815936));
#2774 = CARTESIAN_POINT('',(-9.521331247486,14.858069742481));
#2775 = CARTESIAN_POINT('',(-9.101115430016,15.06143974569));
#2776 = CARTESIAN_POINT('',(-8.67553233151,15.253230888836));
#2777 = CARTESIAN_POINT('',(-8.245004409487,15.433378490944));
#2778 = CARTESIAN_POINT('',(-6.781767545885,15.999925120702));
#2779 = CARTESIAN_POINT('',(-5.728352493041,16.332658612993));
#2780 = CARTESIAN_POINT('',(-4.655030046039,16.599377379046));
#2781 = CARTESIAN_POINT('',(-3.566985963522,16.799639732662));
#2782 = CARTESIAN_POINT('',(-2.469259525864,16.933207887064));
#2783 = CARTESIAN_POINT('',(-1.366736210933,16.999999941036));
#2784 = CARTESIAN_POINT('',(0.518230378181,16.999999817176));
#2785 = CARTESIAN_POINT('',(1.300579789655,16.966372061902));
#2786 = CARTESIAN_POINT('',(2.08120410994,16.899116814844));
#2787 = CARTESIAN_POINT('',(2.858363519286,16.79826051327));
#2788 = CARTESIAN_POINT('',(3.630289863465,16.663861922964));
#2789 = CARTESIAN_POINT('',(4.395187265302,16.496018110128));
#2790 = CARTESIAN_POINT('',(5.460678781033,16.212541432191));
#2791 = CARTESIAN_POINT('',(5.768639470273,16.124633959023));
#2792 = CARTESIAN_POINT('',(6.074988385771,16.031157831643));
#2793 = CARTESIAN_POINT('',(6.379597358638,15.932124747891));
#2794 = CARTESIAN_POINT('',(6.682336469234,15.827548265595));
#2795 = CARTESIAN_POINT('',(6.983074047174,15.717443802572));
#2796 = CARTESIAN_POINT('',(7.716737908018,15.433378490946));
#2797 = CARTESIAN_POINT('',(8.147265830042,15.253230888838));
#2798 = CARTESIAN_POINT('',(8.572848928547,15.061439745692));
#2799 = CARTESIAN_POINT('',(8.993064746017,14.858069742483));
#2800 = CARTESIAN_POINT('',(9.407480761228,14.643198159362));
#2801 = CARTESIAN_POINT('',(9.81565527421,14.416916709249));
#2802 = CARTESIAN_POINT('',(10.820257434273,13.822429121581));
#2803 = CARTESIAN_POINT('',(11.408269747748,13.440023043411));
#2804 = CARTESIAN_POINT('',(11.979654176827,13.032481380919));
#2805 = CARTESIAN_POINT('',(12.53282642763,12.600262120771));
#2806 = CARTESIAN_POINT('',(13.066156319474,12.14393704405));
#2807 = CARTESIAN_POINT('',(13.57798513716,11.664213778004));
#2808 = CARTESIAN_POINT('',(14.508517395293,10.707787781789));
#2809 = CARTESIAN_POINT('',(14.931446334661,10.235191374499));
#2810 = CARTESIAN_POINT('',(15.334191232611,9.744818065714));
#2811 = CARTESIAN_POINT('',(15.715509119549,9.237421232263));
#2812 = CARTESIAN_POINT('',(16.074173996581,8.713874010191));
#2813 = CARTESIAN_POINT('',(16.408998207063,8.175185116942));
#2814 = CARTESIAN_POINT('',(17.275730523602,6.629249051064));
#2815 = CARTESIAN_POINT('',(17.752184047677,5.590428866065));
#2816 = CARTESIAN_POINT('',(18.141261468235,4.513287917674));
#2817 = CARTESIAN_POINT('',(18.437391020228,3.4060141034));
#2818 = CARTESIAN_POINT('',(18.636426027288,2.277745445654));
#2819 = CARTESIAN_POINT('',(18.735866882579,1.138620976095));
#2820 = CARTESIAN_POINT('',(18.735866749267,7.105427357601E-15));
#2821 = ( GEOMETRIC_REPRESENTATION_CONTEXT(2) 
PARAMETRIC_REPRESENTATION_CONTEXT() REPRESENTATION_CONTEXT('2D SPACE',''
  ) );
#2822 = PCURVE('',#1768,#2823);
#2823 = DEFINITIONAL_REPRESENTATION('',(#2824),#2977);
#2824 = B_SPLINE_CURVE_WITH_KNOTS('',7,(#2825,#2826,#2827,#2828,#2829,
    #2830,#2831,#2832,#2833,#2834,#2835,#2836,#2837,#2838,#2839,#2840,
    #2841,#2842,#2843,#2844,#2845,#2846,#2847,#2848,#2849,#2850,#2851,
    #2852,#2853,#2854,#2855,#2856,#2857,#2858,#2859,#2860,#2861,#2862,
    #2863,#2864,#2865,#2866,#2867,#2868,#2869,#2870,#2871,#2872,#2873,
    #2874,#2875,#2876,#2877,#2878,#2879,#2880,#2881,#2882,#2883,#2884,
    #2885,#2886,#2887,#2888,#2889,#2890,#2891,#2892,#2893,#2894,#2895,
    #2896,#2897,#2898,#2899,#2900,#2901,#2902,#2903,#2904,#2905,#2906,
    #2907,#2908,#2909,#2910,#2911,#2912,#2913,#2914,#2915,#2916,#2917,
    #2918,#2919,#2920,#2921,#2922,#2923,#2924,#2925,#2926,#2927,#2928,
    #2929,#2930,#2931,#2932,#2933,#2934,#2935,#2936,#2937,#2938,#2939,
    #2940,#2941,#2942,#2943,#2944,#2945,#2946,#2947,#2948,#2949,#2950,
    #2951,#2952,#2953,#2954,#2955,#2956,#2957,#2958,#2959,#2960,#2961,
    #2962,#2963,#2964,#2965,#2966,#2967,#2968,#2969,#2970,#2971,#2972,
    #2973,#2974,#2975,#2976),.UNSPECIFIED.,.F.,.F.,(8,6,6,6,6,6,6,6,6,6,
    6,6,6,6,6,6,6,6,6,6,6,6,6,6,6,8),(0.,7.043369104029E-02,
    0.109624242041,0.1529641563,0.181814591167,0.249996511953,
    0.298375721734,0.318177115675,0.347027562595,0.390367494959,
    0.429558062332,0.451662178973,0.466898977587,0.500000815999,
    0.548338035635,0.570442131551,0.609632662179,0.652972553907,
    0.681822973776,0.750004859117,0.798384043748,0.818185427396,
    0.847035859317,0.890375769151,0.92956631615,1.),.UNSPECIFIED.);
#2825 = CARTESIAN_POINT('',(6.28318530718,-49.));
#2826 = CARTESIAN_POINT('',(6.216207598998,-49.));
#2827 = CARTESIAN_POINT('',(6.149200303126,-49.));
#2828 = CARTESIAN_POINT('',(6.082340705996,-49.));
#2829 = CARTESIAN_POINT('',(6.015733003099,-49.));
#2830 = CARTESIAN_POINT('',(5.949460157401,-49.));
#2831 = CARTESIAN_POINT('',(5.883596208433,-49.));
#2832 = CARTESIAN_POINT('',(5.781858454711,-49.));
#2833 = CARTESIAN_POINT('',(5.745633271078,-49.));
#2834 = CARTESIAN_POINT('',(5.709562915042,-49.));
#2835 = CARTESIAN_POINT('',(5.673652869231,-49.));
#2836 = CARTESIAN_POINT('',(5.637905874825,-49.));
#2837 = CARTESIAN_POINT('',(5.602322578964,-49.));
#2838 = CARTESIAN_POINT('',(5.5277315933,-49.));
#2839 = CARTESIAN_POINT('',(5.488760067044,-49.));
#2840 = CARTESIAN_POINT('',(5.449985380672,-49.));
#2841 = CARTESIAN_POINT('',(5.411402742805,-49.));
#2842 = CARTESIAN_POINT('',(5.37300500947,-49.));
#2843 = CARTESIAN_POINT('',(5.334782900171,-49.));
#2844 = CARTESIAN_POINT('',(5.271391042987,-49.));
#2845 = CARTESIAN_POINT('',(5.246129869174,-49.));
#2846 = CARTESIAN_POINT('',(5.22093838553,-49.));
#2847 = CARTESIAN_POINT('',(5.195813095643,-49.));
#2848 = CARTESIAN_POINT('',(5.170750287119,-49.));
#2849 = CARTESIAN_POINT('',(5.145746005028,-49.));
#2850 = CARTESIAN_POINT('',(5.061832008144,-49.));
#2851 = CARTESIAN_POINT('',(5.003175790465,-49.));
#2852 = CARTESIAN_POINT('',(4.944765494982,-49.));
#2853 = CARTESIAN_POINT('',(4.886542481811,-49.));
#2854 = CARTESIAN_POINT('',(4.828448289374,-49.));
#2855 = CARTESIAN_POINT('',(4.770420707158,-49.));
#2856 = CARTESIAN_POINT('',(4.671211949126,-49.));
#2857 = CARTESIAN_POINT('',(4.630035656926,-49.));
#2858 = CARTESIAN_POINT('',(4.588836143565,-49.));
#2859 = CARTESIAN_POINT('',(4.547590917436,-49.));
#2860 = CARTESIAN_POINT('',(4.50627821177,-49.));
#2861 = CARTESIAN_POINT('',(4.464876240854,-49.));
#2862 = CARTESIAN_POINT('',(4.4063710501,-49.));
#2863 = CARTESIAN_POINT('',(4.389361044428,-49.));
#2864 = CARTESIAN_POINT('',(4.37233097889,-49.));
#2865 = CARTESIAN_POINT('',(4.355279422401,-49.));
#2866 = CARTESIAN_POINT('',(4.338204973147,-49.));
#2867 = CARTESIAN_POINT('',(4.32110625858,-49.));
#2868 = CARTESIAN_POINT('',(4.279031955741,-49.));
#2869 = CARTESIAN_POINT('',(4.25402767365,-49.));
#2870 = CARTESIAN_POINT('',(4.228964865126,-49.));
#2871 = CARTESIAN_POINT('',(4.203839575239,-49.));
#2872 = CARTESIAN_POINT('',(4.178648091595,-49.));
#2873 = CARTESIAN_POINT('',(4.153386917782,-49.));
#2874 = CARTESIAN_POINT('',(4.089995060598,-49.));
#2875 = CARTESIAN_POINT('',(4.051772951299,-49.));
#2876 = CARTESIAN_POINT('',(4.013375217964,-49.));
#2877 = CARTESIAN_POINT('',(3.974792580097,-49.));
#2878 = CARTESIAN_POINT('',(3.936017893725,-49.));
#2879 = CARTESIAN_POINT('',(3.897046367469,-49.));
#2880 = CARTESIAN_POINT('',(3.822455381805,-49.));
#2881 = CARTESIAN_POINT('',(3.786872085944,-49.));
#2882 = CARTESIAN_POINT('',(3.751125091538,-49.));
#2883 = CARTESIAN_POINT('',(3.715215045727,-49.));
#2884 = CARTESIAN_POINT('',(3.679144689691,-49.));
#2885 = CARTESIAN_POINT('',(3.642919506059,-49.));
#2886 = CARTESIAN_POINT('',(3.586034452667,-49.));
#2887 = CARTESIAN_POINT('',(3.565473954938,-49.));
#2888 = CARTESIAN_POINT('',(3.544868451146,-49.));
#2889 = CARTESIAN_POINT('',(3.524219685413,-49.));
#2890 = CARTESIAN_POINT('',(3.503529632486,-49.));
#2891 = CARTESIAN_POINT('',(3.482800562252,-49.));
#2892 = CARTESIAN_POINT('',(3.44772106915,-49.));
#2893 = CARTESIAN_POINT('',(3.433389715384,-49.));
#2894 = CARTESIAN_POINT('',(3.419041877562,-49.));
#2895 = CARTESIAN_POINT('',(3.404678440619,-49.));
#2896 = CARTESIAN_POINT('',(3.390300339817,-49.));
#2897 = CARTESIAN_POINT('',(3.37590856075,-49.));
#2898 = CARTESIAN_POINT('',(3.330210634584,-49.));
#2899 = CARTESIAN_POINT('',(3.298856687547,-49.));
#2900 = CARTESIAN_POINT('',(3.267454167638,-49.));
#2901 = CARTESIAN_POINT('',(3.236014443915,-49.));
#2902 = CARTESIAN_POINT('',(3.204549071675,-49.));
#2903 = CARTESIAN_POINT('',(3.173070479048,-49.));
#2904 = CARTESIAN_POINT('',(3.09562691163,-49.));
#2905 = CARTESIAN_POINT('',(3.049656248569,-49.));
#2906 = CARTESIAN_POINT('',(3.003728845701,-49.));
#2907 = CARTESIAN_POINT('',(2.957882222685,-49.));
#2908 = CARTESIAN_POINT('',(2.912148767385,-49.));
#2909 = CARTESIAN_POINT('',(2.866560090205,-49.));
#2910 = CARTESIAN_POINT('',(2.800384744928,-49.));
#2911 = CARTESIAN_POINT('',(2.779655674694,-49.));
#2912 = CARTESIAN_POINT('',(2.758965621767,-49.));
#2913 = CARTESIAN_POINT('',(2.738316856034,-49.));
#2914 = CARTESIAN_POINT('',(2.717711352241,-49.));
#2915 = CARTESIAN_POINT('',(2.697150854513,-49.));
#2916 = CARTESIAN_POINT('',(2.640265801121,-49.));
#2917 = CARTESIAN_POINT('',(2.604040617489,-49.));
#2918 = CARTESIAN_POINT('',(2.567970261452,-49.));
#2919 = CARTESIAN_POINT('',(2.532060215642,-49.));
#2920 = CARTESIAN_POINT('',(2.496313221236,-49.));
#2921 = CARTESIAN_POINT('',(2.460729925375,-49.));
#2922 = CARTESIAN_POINT('',(2.386138939711,-49.));
#2923 = CARTESIAN_POINT('',(2.347167413454,-49.));
#2924 = CARTESIAN_POINT('',(2.308392727083,-49.));
#2925 = CARTESIAN_POINT('',(2.269810089215,-49.));
#2926 = CARTESIAN_POINT('',(2.231412355881,-49.));
#2927 = CARTESIAN_POINT('',(2.193190246581,-49.));
#2928 = CARTESIAN_POINT('',(2.129798389398,-49.));
#2929 = CARTESIAN_POINT('',(2.104537215584,-49.));
#2930 = CARTESIAN_POINT('',(2.07934573194,-49.));
#2931 = CARTESIAN_POINT('',(2.054220442054,-49.));
#2932 = CARTESIAN_POINT('',(2.02915763353,-49.));
#2933 = CARTESIAN_POINT('',(2.004153351439,-49.));
#2934 = CARTESIAN_POINT('',(1.920239354554,-49.));
#2935 = CARTESIAN_POINT('',(1.861583136875,-49.));
#2936 = CARTESIAN_POINT('',(1.803172841393,-49.));
#2937 = CARTESIAN_POINT('',(1.744949828222,-49.));
#2938 = CARTESIAN_POINT('',(1.686855635784,-49.));
#2939 = CARTESIAN_POINT('',(1.628828053568,-49.));
#2940 = CARTESIAN_POINT('',(1.529619295536,-49.));
#2941 = CARTESIAN_POINT('',(1.488443003336,-49.));
#2942 = CARTESIAN_POINT('',(1.447243489975,-49.));
#2943 = CARTESIAN_POINT('',(1.405998263846,-49.));
#2944 = CARTESIAN_POINT('',(1.36468555818,-49.));
#2945 = CARTESIAN_POINT('',(1.323283587264,-49.));
#2946 = CARTESIAN_POINT('',(1.26477839651,-49.));
#2947 = CARTESIAN_POINT('',(1.247768390839,-49.));
#2948 = CARTESIAN_POINT('',(1.2307383253,-49.));
#2949 = CARTESIAN_POINT('',(1.213686768811,-49.));
#2950 = CARTESIAN_POINT('',(1.196612319557,-49.));
#2951 = CARTESIAN_POINT('',(1.17951360499,-49.));
#2952 = CARTESIAN_POINT('',(1.137439302152,-49.));
#2953 = CARTESIAN_POINT('',(1.11243502006,-49.));
#2954 = CARTESIAN_POINT('',(1.087372211536,-49.));
#2955 = CARTESIAN_POINT('',(1.06224692165,-49.));
#2956 = CARTESIAN_POINT('',(1.037055438006,-49.));
#2957 = CARTESIAN_POINT('',(1.011794264192,-49.));
#2958 = CARTESIAN_POINT('',(0.948402407008,-49.));
#2959 = CARTESIAN_POINT('',(0.910180297709,-49.));
#2960 = CARTESIAN_POINT('',(0.871782564375,-49.));
#2961 = CARTESIAN_POINT('',(0.833199926507,-49.));
#2962 = CARTESIAN_POINT('',(0.794425240136,-49.));
#2963 = CARTESIAN_POINT('',(0.755453713879,-49.));
#2964 = CARTESIAN_POINT('',(0.680862728215,-49.));
#2965 = CARTESIAN_POINT('',(0.645279432354,-49.));
#2966 = CARTESIAN_POINT('',(0.609532437948,-49.));
#2967 = CARTESIAN_POINT('',(0.573622392138,-49.));
#2968 = CARTESIAN_POINT('',(0.537552036101,-49.));
#2969 = CARTESIAN_POINT('',(0.501326852469,-49.));
#2970 = CARTESIAN_POINT('',(0.399589098747,-49.));
#2971 = CARTESIAN_POINT('',(0.333725149779,-49.));
#2972 = CARTESIAN_POINT('',(0.26745230408,-49.));
#2973 = CARTESIAN_POINT('',(0.200844601185,-49.));
#2974 = CARTESIAN_POINT('',(0.133985004053,-49.));
#2975 = CARTESIAN_POINT('',(6.697770818178E-02,-49.));
#2976 = CARTESIAN_POINT('',(0.,-49.));
#2977 = ( GEOMETRIC_REPRESENTATION_CONTEXT(2) 
PARAMETRIC_REPRESENTATION_CONTEXT() REPRESENTATION_CONTEXT('2D SPACE',''
  ) );
#2978 = ORIENTED_EDGE('',*,*,#2979,.T.);
#2979 = EDGE_CURVE('',#2510,#2980,#2982,.T.);
#2980 = VERTEX_POINT('',#2981);
#2981 = CARTESIAN_POINT('',(-19.,63.,73.));
#2982 = SURFACE_CURVE('',#2983,(#2987,#2994),.PCURVE_S1.);
#2983 = LINE('',#2984,#2985);
#2984 = CARTESIAN_POINT('',(-19.,55.,73.));
#2985 = VECTOR('',#2986,1.);
#2986 = DIRECTION('',(0.,1.,0.));
#2987 = PCURVE('',#1569,#2988);
#2988 = DEFINITIONAL_REPRESENTATION('',(#2989),#2993);
#2989 = LINE('',#2990,#2991);
#2990 = CARTESIAN_POINT('',(-19.26413325073,-7.));
#2991 = VECTOR('',#2992,1.);
#2992 = DIRECTION('',(0.,1.));
#2993 = ( GEOMETRIC_REPRESENTATION_CONTEXT(2) 
PARAMETRIC_REPRESENTATION_CONTEXT() REPRESENTATION_CONTEXT('2D SPACE',''
  ) );
#2994 = PCURVE('',#2995,#3000);
#2995 = PLANE('',#2996);
#2996 = AXIS2_PLACEMENT_3D('',#2997,#2998,#2999);
#2997 = CARTESIAN_POINT('',(-19.,55.,25.));
#2998 = DIRECTION('',(1.,0.,0.));
#2999 = DIRECTION('',(0.,0.,1.));
#3000 = DEFINITIONAL_REPRESENTATION('',(#3001),#3005);
#3001 = LINE('',#3002,#3003);
#3002 = CARTESIAN_POINT('',(48.,0.));
#3003 = VECTOR('',#3004,1.);
#3004 = DIRECTION('',(0.,-1.));
#3005 = ( GEOMETRIC_REPRESENTATION_CONTEXT(2) 
PARAMETRIC_REPRESENTATION_CONTEXT() REPRESENTATION_CONTEXT('2D SPACE',''
  ) );
#3006 = ORIENTED_EDGE('',*,*,#3007,.F.);
#3007 = EDGE_CURVE('',#3008,#2980,#3010,.T.);
#3008 = VERTEX_POINT('',#3009);
#3009 = CARTESIAN_POINT('',(-28.,63.,73.));
#3010 = SURFACE_CURVE('',#3011,(#3015,#3022),.PCURVE_S1.);
#3011 = LINE('',#3012,#3013);
#3012 = CARTESIAN_POINT('',(-28.,63.,73.));
#3013 = VECTOR('',#3014,1.);
#3014 = DIRECTION('',(1.,0.,0.));
#3015 = PCURVE('',#1569,#3016);
#3016 = DEFINITIONAL_REPRESENTATION('',(#3017),#3021);
#3017 = LINE('',#3018,#3019);
#3018 = CARTESIAN_POINT('',(-28.26413325073,1.));
#3019 = VECTOR('',#3020,1.);
#3020 = DIRECTION('',(1.,0.));
#3021 = ( GEOMETRIC_REPRESENTATION_CONTEXT(2) 
PARAMETRIC_REPRESENTATION_CONTEXT() REPRESENTATION_CONTEXT('2D SPACE',''
  ) );
#3022 = PCURVE('',#3023,#3028);
#3023 = PLANE('',#3024);
#3024 = AXIS2_PLACEMENT_3D('',#3025,#3026,#3027);
#3025 = CARTESIAN_POINT('',(-28.,63.,25.));
#3026 = DIRECTION('',(0.,1.,0.));
#3027 = DIRECTION('',(0.,0.,1.));
#3028 = DEFINITIONAL_REPRESENTATION('',(#3029),#3033);
#3029 = LINE('',#3030,#3031);
#3030 = CARTESIAN_POINT('',(48.,0.));
#3031 = VECTOR('',#3032,1.);
#3032 = DIRECTION('',(0.,1.));
#3033 = ( GEOMETRIC_REPRESENTATION_CONTEXT(2) 
PARAMETRIC_REPRESENTATION_CONTEXT() REPRESENTATION_CONTEXT('2D SPACE',''
  ) );
#3034 = ORIENTED_EDGE('',*,*,#3035,.F.);
#3035 = EDGE_CURVE('',#3036,#3008,#3038,.T.);
#3036 = VERTEX_POINT('',#3037);
#3037 = CARTESIAN_POINT('',(-28.,55.,73.));
#3038 = SURFACE_CURVE('',#3039,(#3043,#3050),.PCURVE_S1.);
#3039 = LINE('',#3040,#3041);
#3040 = CARTESIAN_POINT('',(-28.,55.,73.));
#3041 = VECTOR('',#3042,1.);
#3042 = DIRECTION('',(0.,1.,0.));
#3043 = PCURVE('',#1569,#3044);
#3044 = DEFINITIONAL_REPRESENTATION('',(#3045),#3049);
#3045 = LINE('',#3046,#3047);
#3046 = CARTESIAN_POINT('',(-28.26413325073,-7.));
#3047 = VECTOR('',#3048,1.);
#3048 = DIRECTION('',(0.,1.));
#3049 = ( GEOMETRIC_REPRESENTATION_CONTEXT(2) 
PARAMETRIC_REPRESENTATION_CONTEXT() REPRESENTATION_CONTEXT('2D SPACE',''
  ) );
#3050 = PCURVE('',#3051,#3056);
#3051 = PLANE('',#3052);
#3052 = AXIS2_PLACEMENT_3D('',#3053,#3054,#3055);
#3053 = CARTESIAN_POINT('',(-28.,55.,25.));
#3054 = DIRECTION('',(1.,0.,0.));
#3055 = DIRECTION('',(0.,0.,1.));
#3056 = DEFINITIONAL_REPRESENTATION('',(#3057),#3061);
#3057 = LINE('',#3058,#3059);
#3058 = CARTESIAN_POINT('',(48.,0.));
#3059 = VECTOR('',#3060,1.);
#3060 = DIRECTION('',(0.,-1.));
#3061 = ( GEOMETRIC_REPRESENTATION_CONTEXT(2) 
PARAMETRIC_REPRESENTATION_CONTEXT() REPRESENTATION_CONTEXT('2D SPACE',''
  ) );
#3062 = ORIENTED_EDGE('',*,*,#3063,.T.);
#3063 = EDGE_CURVE('',#3036,#3064,#3066,.T.);
#3064 = VERTEX_POINT('',#3065);
#3065 = CARTESIAN_POINT('',(-21.68460795638,55.,73.));
#3066 = SURFACE_CURVE('',#3067,(#3071,#3078),.PCURVE_S1.);
#3067 = LINE('',#3068,#3069);
#3068 = CARTESIAN_POINT('',(-28.,55.,73.));
#3069 = VECTOR('',#3070,1.);
#3070 = DIRECTION('',(1.,0.,0.));
#3071 = PCURVE('',#1569,#3072);
#3072 = DEFINITIONAL_REPRESENTATION('',(#3073),#3077);
#3073 = LINE('',#3074,#3075);
#3074 = CARTESIAN_POINT('',(-28.26413325073,-7.));
#3075 = VECTOR('',#3076,1.);
#3076 = DIRECTION('',(1.,0.));
#3077 = ( GEOMETRIC_REPRESENTATION_CONTEXT(2) 
PARAMETRIC_REPRESENTATION_CONTEXT() REPRESENTATION_CONTEXT('2D SPACE',''
  ) );
#3078 = PCURVE('',#3079,#3084);
#3079 = PLANE('',#3080);
#3080 = AXIS2_PLACEMENT_3D('',#3081,#3082,#3083);
#3081 = CARTESIAN_POINT('',(-28.,55.,25.));
#3082 = DIRECTION('',(0.,1.,0.));
#3083 = DIRECTION('',(0.,0.,1.));
#3084 = DEFINITIONAL_REPRESENTATION('',(#3085),#3089);
#3085 = LINE('',#3086,#3087);
#3086 = CARTESIAN_POINT('',(48.,0.));
#3087 = VECTOR('',#3088,1.);
#3088 = DIRECTION('',(0.,1.));
#3089 = ( GEOMETRIC_REPRESENTATION_CONTEXT(2) 
PARAMETRIC_REPRESENTATION_CONTEXT() REPRESENTATION_CONTEXT('2D SPACE',''
  ) );
#3090 = ORIENTED_EDGE('',*,*,#3091,.T.);
#3091 = EDGE_CURVE('',#3064,#1875,#3092,.T.);
#3092 = SURFACE_CURVE('',#3093,(#3098,#3105),.PCURVE_S1.);
#3093 = ELLIPSE('',#3094,23.,21.);
#3094 = AXIS2_PLACEMENT_3D('',#3095,#3096,#3097);
#3095 = CARTESIAN_POINT('',(0.,62.,73.));
#3096 = DIRECTION('',(0.,0.,1.));
#3097 = DIRECTION('',(1.,0.,0.));
#3098 = PCURVE('',#1569,#3099);
#3099 = DEFINITIONAL_REPRESENTATION('',(#3100),#3104);
#3100 = ELLIPSE('',#3101,23.,21.);
#3101 = AXIS2_PLACEMENT_2D('',#3102,#3103);
#3102 = CARTESIAN_POINT('',(-0.264133250733,7.105427357601E-15));
#3103 = DIRECTION('',(1.,0.));
#3104 = ( GEOMETRIC_REPRESENTATION_CONTEXT(2) 
PARAMETRIC_REPRESENTATION_CONTEXT() REPRESENTATION_CONTEXT('2D SPACE',''
  ) );
#3105 = PCURVE('',#1962,#3106);
#3106 = DEFINITIONAL_REPRESENTATION('',(#3107),#3111);
#3107 = LINE('',#3108,#3109);
#3108 = CARTESIAN_POINT('',(0.,-48.));
#3109 = VECTOR('',#3110,1.);
#3110 = DIRECTION('',(1.,0.));
#3111 = ( GEOMETRIC_REPRESENTATION_CONTEXT(2) 
PARAMETRIC_REPRESENTATION_CONTEXT() REPRESENTATION_CONTEXT('2D SPACE',''
  ) );
#3112 = ORIENTED_EDGE('',*,*,#1872,.F.);
#3113 = ORIENTED_EDGE('',*,*,#1986,.T.);
#3114 = ORIENTED_EDGE('',*,*,#1551,.T.);
#3115 = ORIENTED_EDGE('',*,*,#3116,.T.);
#3116 = EDGE_CURVE('',#1554,#3117,#3119,.T.);
#3117 = VERTEX_POINT('',#3118);
#3118 = CARTESIAN_POINT('',(21.684607956388,55.,73.));
#3119 = SURFACE_CURVE('',#3120,(#3125,#3132),.PCURVE_S1.);
#3120 = ELLIPSE('',#3121,23.,21.);
#3121 = AXIS2_PLACEMENT_3D('',#3122,#3123,#3124);
#3122 = CARTESIAN_POINT('',(0.,62.,73.));
#3123 = DIRECTION('',(0.,0.,1.));
#3124 = DIRECTION('',(1.,0.,0.));
#3125 = PCURVE('',#1569,#3126);
#3126 = DEFINITIONAL_REPRESENTATION('',(#3127),#3131);
#3127 = ELLIPSE('',#3128,23.,21.);
#3128 = AXIS2_PLACEMENT_2D('',#3129,#3130);
#3129 = CARTESIAN_POINT('',(-0.264133250733,7.105427357601E-15));
#3130 = DIRECTION('',(1.,0.));
#3131 = ( GEOMETRIC_REPRESENTATION_CONTEXT(2) 
PARAMETRIC_REPRESENTATION_CONTEXT() REPRESENTATION_CONTEXT('2D SPACE',''
  ) );
#3132 = PCURVE('',#1673,#3133);
#3133 = DEFINITIONAL_REPRESENTATION('',(#3134),#3138);
#3134 = LINE('',#3135,#3136);
#3135 = CARTESIAN_POINT('',(0.,-48.));
#3136 = VECTOR('',#3137,1.);
#3137 = DIRECTION('',(1.,0.));
#3138 = ( GEOMETRIC_REPRESENTATION_CONTEXT(2) 
PARAMETRIC_REPRESENTATION_CONTEXT() REPRESENTATION_CONTEXT('2D SPACE',''
  ) );
#3139 = ORIENTED_EDGE('',*,*,#3140,.T.);
#3140 = EDGE_CURVE('',#3117,#3141,#3143,.T.);
#3141 = VERTEX_POINT('',#3142);
#3142 = CARTESIAN_POINT('',(28.,55.,73.));
#3143 = SURFACE_CURVE('',#3144,(#3148,#3155),.PCURVE_S1.);
#3144 = LINE('',#3145,#3146);
#3145 = CARTESIAN_POINT('',(19.,55.,73.));
#3146 = VECTOR('',#3147,1.);
#3147 = DIRECTION('',(1.,0.,0.));
#3148 = PCURVE('',#1569,#3149);
#3149 = DEFINITIONAL_REPRESENTATION('',(#3150),#3154);
#3150 = LINE('',#3151,#3152);
#3151 = CARTESIAN_POINT('',(18.735866749267,-7.));
#3152 = VECTOR('',#3153,1.);
#3153 = DIRECTION('',(1.,0.));
#3154 = ( GEOMETRIC_REPRESENTATION_CONTEXT(2) 
PARAMETRIC_REPRESENTATION_CONTEXT() REPRESENTATION_CONTEXT('2D SPACE',''
  ) );
#3155 = PCURVE('',#3156,#3161);
#3156 = PLANE('',#3157);
#3157 = AXIS2_PLACEMENT_3D('',#3158,#3159,#3160);
#3158 = CARTESIAN_POINT('',(19.,55.,25.));
#3159 = DIRECTION('',(0.,1.,0.));
#3160 = DIRECTION('',(0.,0.,1.));
#3161 = DEFINITIONAL_REPRESENTATION('',(#3162),#3166);
#3162 = LINE('',#3163,#3164);
#3163 = CARTESIAN_POINT('',(48.,0.));
#3164 = VECTOR('',#3165,1.);
#3165 = DIRECTION('',(0.,1.));
#3166 = ( GEOMETRIC_REPRESENTATION_CONTEXT(2) 
PARAMETRIC_REPRESENTATION_CONTEXT() REPRESENTATION_CONTEXT('2D SPACE',''
  ) );
#3167 = ORIENTED_EDGE('',*,*,#3168,.T.);
#3168 = EDGE_CURVE('',#3141,#3169,#3171,.T.);
#3169 = VERTEX_POINT('',#3170);
#3170 = CARTESIAN_POINT('',(28.,63.,73.));
#3171 = SURFACE_CURVE('',#3172,(#3176,#3183),.PCURVE_S1.);
#3172 = LINE('',#3173,#3174);
#3173 = CARTESIAN_POINT('',(28.,55.,73.));
#3174 = VECTOR('',#3175,1.);
#3175 = DIRECTION('',(0.,1.,0.));
#3176 = PCURVE('',#1569,#3177);
#3177 = DEFINITIONAL_REPRESENTATION('',(#3178),#3182);
#3178 = LINE('',#3179,#3180);
#3179 = CARTESIAN_POINT('',(27.735866749267,-7.));
#3180 = VECTOR('',#3181,1.);
#3181 = DIRECTION('',(0.,1.));
#3182 = ( GEOMETRIC_REPRESENTATION_CONTEXT(2) 
PARAMETRIC_REPRESENTATION_CONTEXT() REPRESENTATION_CONTEXT('2D SPACE',''
  ) );
#3183 = PCURVE('',#3184,#3189);
#3184 = PLANE('',#3185);
#3185 = AXIS2_PLACEMENT_3D('',#3186,#3187,#3188);
#3186 = CARTESIAN_POINT('',(28.,55.,25.));
#3187 = DIRECTION('',(1.,0.,0.));
#3188 = DIRECTION('',(0.,0.,1.));
#3189 = DEFINITIONAL_REPRESENTATION('',(#3190),#3194);
#3190 = LINE('',#3191,#3192);
#3191 = CARTESIAN_POINT('',(48.,0.));
#3192 = VECTOR('',#3193,1.);
#3193 = DIRECTION('',(0.,-1.));
#3194 = ( GEOMETRIC_REPRESENTATION_CONTEXT(2) 
PARAMETRIC_REPRESENTATION_CONTEXT() REPRESENTATION_CONTEXT('2D SPACE',''
  ) );
#3195 = ORIENTED_EDGE('',*,*,#3196,.F.);
#3196 = EDGE_CURVE('',#2013,#3169,#3197,.T.);
#3197 = SURFACE_CURVE('',#3198,(#3202,#3209),.PCURVE_S1.);
#3198 = LINE('',#3199,#3200);
#3199 = CARTESIAN_POINT('',(19.,63.,73.));
#3200 = VECTOR('',#3201,1.);
#3201 = DIRECTION('',(1.,0.,0.));
#3202 = PCURVE('',#1569,#3203);
#3203 = DEFINITIONAL_REPRESENTATION('',(#3204),#3208);
#3204 = LINE('',#3205,#3206);
#3205 = CARTESIAN_POINT('',(18.735866749267,1.));
#3206 = VECTOR('',#3207,1.);
#3207 = DIRECTION('',(1.,0.));
#3208 = ( GEOMETRIC_REPRESENTATION_CONTEXT(2) 
PARAMETRIC_REPRESENTATION_CONTEXT() REPRESENTATION_CONTEXT('2D SPACE',''
  ) );
#3209 = PCURVE('',#3210,#3215);
#3210 = PLANE('',#3211);
#3211 = AXIS2_PLACEMENT_3D('',#3212,#3213,#3214);
#3212 = CARTESIAN_POINT('',(19.,63.,25.));
#3213 = DIRECTION('',(0.,1.,0.));
#3214 = DIRECTION('',(0.,0.,1.));
#3215 = DEFINITIONAL_REPRESENTATION('',(#3216),#3220);
#3216 = LINE('',#3217,#3218);
#3217 = CARTESIAN_POINT('',(48.,0.));
#3218 = VECTOR('',#3219,1.);
#3219 = DIRECTION('',(0.,1.));
#3220 = ( GEOMETRIC_REPRESENTATION_CONTEXT(2) 
PARAMETRIC_REPRESENTATION_CONTEXT() REPRESENTATION_CONTEXT('2D SPACE',''
  ) );
#3221 = ADVANCED_FACE('',(#3222),#1673,.F.);
#3222 = FACE_BOUND('',#3223,.F.);
#3223 = EDGE_LOOP('',(#3224,#3253,#3275,#3276));
#3224 = ORIENTED_EDGE('',*,*,#3225,.T.);
#3225 = EDGE_CURVE('',#3117,#3226,#3228,.T.);
#3226 = VERTEX_POINT('',#3227);
#3227 = CARTESIAN_POINT('',(21.684607956388,55.,25.));
#3228 = SURFACE_CURVE('',#3229,(#3235,#3244),.PCURVE_S1.);
#3229 = B_SPLINE_CURVE_WITH_KNOTS('',4,(#3230,#3231,#3232,#3233,#3234),
  .UNSPECIFIED.,.F.,.F.,(5,5),(0.,1.),.PIECEWISE_BEZIER_KNOTS.);
#3230 = CARTESIAN_POINT('',(21.684607956387,55.,73.));
#3231 = CARTESIAN_POINT('',(21.684607956387,55.,61.0000000012));
#3232 = CARTESIAN_POINT('',(21.684607956387,55.,48.999999999963));
#3233 = CARTESIAN_POINT('',(21.684607956387,55.,36.9999999988));
#3234 = CARTESIAN_POINT('',(21.684607956387,55.,25.));
#3235 = PCURVE('',#1673,#3236);
#3236 = DEFINITIONAL_REPRESENTATION('',(#3237),#3243);
#3237 = B_SPLINE_CURVE_WITH_KNOTS('',4,(#3238,#3239,#3240,#3241,#3242),
  .UNSPECIFIED.,.F.,.F.,(5,5),(0.,1.),.PIECEWISE_BEZIER_KNOTS.);
#3238 = CARTESIAN_POINT('',(5.943348397725,-47.9999999952));
#3239 = CARTESIAN_POINT('',(5.943348397725,-35.9999999964));
#3240 = CARTESIAN_POINT('',(5.943348397725,-24.00000000003));
#3241 = CARTESIAN_POINT('',(5.943348397725,-12.0000000036));
#3242 = CARTESIAN_POINT('',(5.943348397725,-4.799936448308E-09));
#3243 = ( GEOMETRIC_REPRESENTATION_CONTEXT(2) 
PARAMETRIC_REPRESENTATION_CONTEXT() REPRESENTATION_CONTEXT('2D SPACE',''
  ) );
#3244 = PCURVE('',#3156,#3245);
#3245 = DEFINITIONAL_REPRESENTATION('',(#3246),#3252);
#3246 = B_SPLINE_CURVE_WITH_KNOTS('',4,(#3247,#3248,#3249,#3250,#3251),
  .UNSPECIFIED.,.F.,.F.,(5,5),(0.,1.),.PIECEWISE_BEZIER_KNOTS.);
#3247 = CARTESIAN_POINT('',(48.,2.684607956387));
#3248 = CARTESIAN_POINT('',(36.0000000012,2.684607956387));
#3249 = CARTESIAN_POINT('',(23.999999999963,2.684607956387));
#3250 = CARTESIAN_POINT('',(11.9999999988,2.684607956387));
#3251 = CARTESIAN_POINT('',(0.,2.684607956387));
#3252 = ( GEOMETRIC_REPRESENTATION_CONTEXT(2) 
PARAMETRIC_REPRESENTATION_CONTEXT() REPRESENTATION_CONTEXT('2D SPACE',''
  ) );
#3253 = ORIENTED_EDGE('',*,*,#3254,.F.);
#3254 = EDGE_CURVE('',#1627,#3226,#3255,.T.);
#3255 = SURFACE_CURVE('',#3256,(#3261,#3268),.PCURVE_S1.);
#3256 = ELLIPSE('',#3257,23.,21.);
#3257 = AXIS2_PLACEMENT_3D('',#3258,#3259,#3260);
#3258 = CARTESIAN_POINT('',(0.,62.,25.));
#3259 = DIRECTION('',(0.,0.,1.));
#3260 = DIRECTION('',(1.,0.,0.));
#3261 = PCURVE('',#1673,#3262);
#3262 = DEFINITIONAL_REPRESENTATION('',(#3263),#3267);
#3263 = LINE('',#3264,#3265);
#3264 = CARTESIAN_POINT('',(0.,0.));
#3265 = VECTOR('',#3266,1.);
#3266 = DIRECTION('',(1.,0.));
#3267 = ( GEOMETRIC_REPRESENTATION_CONTEXT(2) 
PARAMETRIC_REPRESENTATION_CONTEXT() REPRESENTATION_CONTEXT('2D SPACE',''
  ) );
#3268 = PCURVE('',#1641,#3269);
#3269 = DEFINITIONAL_REPRESENTATION('',(#3270),#3274);
#3270 = ELLIPSE('',#3271,23.,21.);
#3271 = AXIS2_PLACEMENT_2D('',#3272,#3273);
#3272 = CARTESIAN_POINT('',(-19.,7.));
#3273 = DIRECTION('',(1.,0.));
#3274 = ( GEOMETRIC_REPRESENTATION_CONTEXT(2) 
PARAMETRIC_REPRESENTATION_CONTEXT() REPRESENTATION_CONTEXT('2D SPACE',''
  ) );
#3275 = ORIENTED_EDGE('',*,*,#1653,.F.);
#3276 = ORIENTED_EDGE('',*,*,#3116,.T.);
#3277 = ADVANCED_FACE('',(#3278),#1641,.F.);
#3278 = FACE_BOUND('',#3279,.F.);
#3279 = EDGE_LOOP('',(#3280,#3305,#3773,#3774,#3775,#3776,#3799,#3822));
#3280 = ORIENTED_EDGE('',*,*,#3281,.F.);
#3281 = EDGE_CURVE('',#3282,#3284,#3286,.T.);
#3282 = VERTEX_POINT('',#3283);
#3283 = CARTESIAN_POINT('',(19.,62.,25.));
#3284 = VERTEX_POINT('',#3285);
#3285 = CARTESIAN_POINT('',(19.,63.,25.));
#3286 = SURFACE_CURVE('',#3287,(#3291,#3298),.PCURVE_S1.);
#3287 = LINE('',#3288,#3289);
#3288 = CARTESIAN_POINT('',(19.,55.,25.));
#3289 = VECTOR('',#3290,1.);
#3290 = DIRECTION('',(0.,1.,0.));
#3291 = PCURVE('',#1641,#3292);
#3292 = DEFINITIONAL_REPRESENTATION('',(#3293),#3297);
#3293 = LINE('',#3294,#3295);
#3294 = CARTESIAN_POINT('',(0.,0.));
#3295 = VECTOR('',#3296,1.);
#3296 = DIRECTION('',(0.,1.));
#3297 = ( GEOMETRIC_REPRESENTATION_CONTEXT(2) 
PARAMETRIC_REPRESENTATION_CONTEXT() REPRESENTATION_CONTEXT('2D SPACE',''
  ) );
#3298 = PCURVE('',#2028,#3299);
#3299 = DEFINITIONAL_REPRESENTATION('',(#3300),#3304);
#3300 = LINE('',#3301,#3302);
#3301 = CARTESIAN_POINT('',(0.,0.));
#3302 = VECTOR('',#3303,1.);
#3303 = DIRECTION('',(0.,-1.));
#3304 = ( GEOMETRIC_REPRESENTATION_CONTEXT(2) 
PARAMETRIC_REPRESENTATION_CONTEXT() REPRESENTATION_CONTEXT('2D SPACE',''
  ) );
#3305 = ORIENTED_EDGE('',*,*,#3306,.T.);
#3306 = EDGE_CURVE('',#3282,#1810,#3307,.T.);
#3307 = SURFACE_CURVE('',#3308,(#3461,#3617),.PCURVE_S1.);
#3308 = B_SPLINE_CURVE_WITH_KNOTS('',7,(#3309,#3310,#3311,#3312,#3313,
    #3314,#3315,#3316,#3317,#3318,#3319,#3320,#3321,#3322,#3323,#3324,
    #3325,#3326,#3327,#3328,#3329,#3330,#3331,#3332,#3333,#3334,#3335,
    #3336,#3337,#3338,#3339,#3340,#3341,#3342,#3343,#3344,#3345,#3346,
    #3347,#3348,#3349,#3350,#3351,#3352,#3353,#3354,#3355,#3356,#3357,
    #3358,#3359,#3360,#3361,#3362,#3363,#3364,#3365,#3366,#3367,#3368,
    #3369,#3370,#3371,#3372,#3373,#3374,#3375,#3376,#3377,#3378,#3379,
    #3380,#3381,#3382,#3383,#3384,#3385,#3386,#3387,#3388,#3389,#3390,
    #3391,#3392,#3393,#3394,#3395,#3396,#3397,#3398,#3399,#3400,#3401,
    #3402,#3403,#3404,#3405,#3406,#3407,#3408,#3409,#3410,#3411,#3412,
    #3413,#3414,#3415,#3416,#3417,#3418,#3419,#3420,#3421,#3422,#3423,
    #3424,#3425,#3426,#3427,#3428,#3429,#3430,#3431,#3432,#3433,#3434,
    #3435,#3436,#3437,#3438,#3439,#3440,#3441,#3442,#3443,#3444,#3445,
    #3446,#3447,#3448,#3449,#3450,#3451,#3452,#3453,#3454,#3455,#3456,
    #3457,#3458,#3459,#3460),.UNSPECIFIED.,.T.,.F.,(8,6,6,6,6,6,6,6,6,6,
    6,6,6,6,6,6,6,6,6,6,6,6,6,6,6,8),(0.,7.043369104029E-02,
    0.109624242041,0.1529641563,0.181814591167,0.249996511953,
    0.298375721734,0.318177115675,0.347027562595,0.390367494959,
    0.429558062332,0.451662178973,0.466898977587,0.500000815999,
    0.548338035635,0.570442131551,0.609632662179,0.652972553907,
    0.681822973776,0.750004859117,0.798384043748,0.818185427396,
    0.847035859317,0.890375769151,0.92956631615,1.),.UNSPECIFIED.);
#3309 = CARTESIAN_POINT('',(19.,62.,25.));
#3310 = CARTESIAN_POINT('',(19.000000133312,60.861379023905,25.));
#3311 = CARTESIAN_POINT('',(18.900559278019,59.722254554346,25.));
#3312 = CARTESIAN_POINT('',(18.701524270965,58.5939858966,25.));
#3313 = CARTESIAN_POINT('',(18.405394718961,57.486712082329,25.));
#3314 = CARTESIAN_POINT('',(18.016317298415,56.409571133934,25.));
#3315 = CARTESIAN_POINT('',(17.539863774333,55.370750948939,25.));
#3316 = CARTESIAN_POINT('',(16.673131457797,53.82481488306,25.));
#3317 = CARTESIAN_POINT('',(16.338307247316,53.286125989811,25.));
#3318 = CARTESIAN_POINT('',(15.979642370283,52.762578767739,25.));
#3319 = CARTESIAN_POINT('',(15.598324483345,52.255181934288,25.));
#3320 = CARTESIAN_POINT('',(15.195579585396,51.764808625503,25.));
#3321 = CARTESIAN_POINT('',(14.772650646028,51.292212218213,25.));
#3322 = CARTESIAN_POINT('',(13.842118387895,50.335786221999,25.));
#3323 = CARTESIAN_POINT('',(13.330289570209,49.856062955952,25.));
#3324 = CARTESIAN_POINT('',(12.796959678365,49.39973787923,25.));
#3325 = CARTESIAN_POINT('',(12.243787427563,48.967518619083,25.));
#3326 = CARTESIAN_POINT('',(11.672402998483,48.559976956591,25.));
#3327 = CARTESIAN_POINT('',(11.084390685008,48.17757087842,25.));
#3328 = CARTESIAN_POINT('',(10.079788524945,47.583083290753,25.));
#3329 = CARTESIAN_POINT('',(9.671614011964,47.35680184064,25.));
#3330 = CARTESIAN_POINT('',(9.257197996753,47.141930257518,25.));
#3331 = CARTESIAN_POINT('',(8.836982179282,46.938560254309,25.));
#3332 = CARTESIAN_POINT('',(8.411399080777,46.746769111164,25.));
#3333 = CARTESIAN_POINT('',(7.980871158754,46.566621509055,25.));
#3334 = CARTESIAN_POINT('',(6.517634295153,46.000074879297,25.));
#3335 = CARTESIAN_POINT('',(5.464219242305,45.667341387007,25.));
#3336 = CARTESIAN_POINT('',(4.390896795307,45.400622620953,25.));
#3337 = CARTESIAN_POINT('',(3.30285271279,45.200360267338,25.));
#3338 = CARTESIAN_POINT('',(2.205126275129,45.066792112936,25.));
#3339 = CARTESIAN_POINT('',(1.102602960201,45.000000058964,25.));
#3340 = CARTESIAN_POINT('',(-0.782363628914,45.000000182824,25.));
#3341 = CARTESIAN_POINT('',(-1.564713040388,45.033627938098,25.));
#3342 = CARTESIAN_POINT('',(-2.345337360673,45.100883185157,25.));
#3343 = CARTESIAN_POINT('',(-3.122496770019,45.20173948673,25.));
#3344 = CARTESIAN_POINT('',(-3.894423114198,45.336138077036,25.));
#3345 = CARTESIAN_POINT('',(-4.659320516034,45.503981889872,25.));
#3346 = CARTESIAN_POINT('',(-5.724812031765,45.787458567809,25.));
#3347 = CARTESIAN_POINT('',(-6.032772721005,45.875366040977,25.));
#3348 = CARTESIAN_POINT('',(-6.339121636504,45.968842168357,25.));
#3349 = CARTESIAN_POINT('',(-6.64373060937,46.067875252109,25.));
#3350 = CARTESIAN_POINT('',(-6.946469719966,46.172451734405,25.));
#3351 = CARTESIAN_POINT('',(-7.247207297907,46.282556197428,25.));
#3352 = CARTESIAN_POINT('',(-7.980871158751,46.566621509054,25.));
#3353 = CARTESIAN_POINT('',(-8.411399080774,46.746769111162,25.));
#3354 = CARTESIAN_POINT('',(-8.836982179279,46.938560254308,25.));
#3355 = CARTESIAN_POINT('',(-9.257197996749,47.141930257517,25.));
#3356 = CARTESIAN_POINT('',(-9.67161401196,47.356801840638,25.));
#3357 = CARTESIAN_POINT('',(-10.07978852494,47.583083290751,25.));
#3358 = CARTESIAN_POINT('',(-11.084390685,48.177570878418,25.));
#3359 = CARTESIAN_POINT('',(-11.67240299848,48.559976956589,25.));
#3360 = CARTESIAN_POINT('',(-12.24378742756,48.967518619081,25.));
#3361 = CARTESIAN_POINT('',(-12.79695967836,49.399737879228,25.));
#3362 = CARTESIAN_POINT('',(-13.3302895702,49.85606295595,25.));
#3363 = CARTESIAN_POINT('',(-13.84211838789,50.335786221996,25.));
#3364 = CARTESIAN_POINT('',(-14.77265064602,51.292212218211,25.));
#3365 = CARTESIAN_POINT('',(-15.19557958539,51.764808625501,25.));
#3366 = CARTESIAN_POINT('',(-15.59832448334,52.255181934285,25.));
#3367 = CARTESIAN_POINT('',(-15.97964237028,52.762578767737,25.));
#3368 = CARTESIAN_POINT('',(-16.33830724731,53.286125989809,25.));
#3369 = CARTESIAN_POINT('',(-16.67313145779,53.824814883057,25.));
#3370 = CARTESIAN_POINT('',(-17.15775087186,54.689200488342,25.));
#3371 = CARTESIAN_POINT('',(-17.32457355511,55.005365825556,25.));
#3372 = CARTESIAN_POINT('',(-17.48325356013,55.325773734051,25.));
#3373 = CARTESIAN_POINT('',(-17.63359733156,55.650204164401,25.));
#3374 = CARTESIAN_POINT('',(-17.77542079134,55.978423943432,25.));
#3375 = CARTESIAN_POINT('',(-17.90855082281,56.310186095849,25.));
#3376 = CARTESIAN_POINT('',(-18.11849252018,56.876180856155,25.));
#3377 = CARTESIAN_POINT('',(-18.1999515677,57.108692082676,25.));
#3378 = CARTESIAN_POINT('',(-18.27715110349,57.342677494472,25.));
#3379 = CARTESIAN_POINT('',(-18.3500417687,57.578049195473,25.));
#3380 = CARTESIAN_POINT('',(-18.41857763943,57.814716744493,25.));
#3381 = CARTESIAN_POINT('',(-18.48271622678,58.052587155229,25.));
#3382 = CARTESIAN_POINT('',(-18.67212152782,58.810742461947,25.));
#3383 = CARTESIAN_POINT('',(-18.78088962713,59.335159617121,25.));
#3384 = CARTESIAN_POINT('',(-18.86832092487,59.863818593738,25.));
#3385 = CARTESIAN_POINT('',(-18.93410656858,60.395695689363,25.));
#3386 = CARTESIAN_POINT('',(-18.97803565505,60.929740807641,25.));
#3387 = CARTESIAN_POINT('',(-19.00000018201,61.464876998774,25.));
#3388 = CARTESIAN_POINT('',(-19.00000005891,62.781417518203,25.));
#3389 = CARTESIAN_POINT('',(-18.95316494132,63.562919260549,25.));
#3390 = CARTESIAN_POINT('',(-18.85947785469,64.340987374408,25.));
#3391 = CARTESIAN_POINT('',(-18.71945552276,65.11228884163,25.));
#3392 = CARTESIAN_POINT('',(-18.53404797714,65.873659775177,25.));
#3393 = CARTESIAN_POINT('',(-18.30459321955,66.622098987998,25.));
#3394 = CARTESIAN_POINT('',(-17.90855082281,67.689813904147,25.));
#3395 = CARTESIAN_POINT('',(-17.77542079134,68.021576056564,25.));
#3396 = CARTESIAN_POINT('',(-17.63359733156,68.349795835595,25.));
#3397 = CARTESIAN_POINT('',(-17.48325356013,68.674226265945,25.));
#3398 = CARTESIAN_POINT('',(-17.32457355512,68.99463417444,25.));
#3399 = CARTESIAN_POINT('',(-17.15775087187,69.310799511654,25.));
#3400 = CARTESIAN_POINT('',(-16.67313145779,70.175185116939,25.));
#3401 = CARTESIAN_POINT('',(-16.33830724731,70.713874010188,25.));
#3402 = CARTESIAN_POINT('',(-15.97964237028,71.237421232259,25.));
#3403 = CARTESIAN_POINT('',(-15.59832448334,71.744818065711,25.));
#3404 = CARTESIAN_POINT('',(-15.19557958539,72.235191374496,25.));
#3405 = CARTESIAN_POINT('',(-14.77265064602,72.707787781786,25.));
#3406 = CARTESIAN_POINT('',(-13.84211838789,73.664213778,25.));
#3407 = CARTESIAN_POINT('',(-13.33028957021,74.143937044047,25.));
#3408 = CARTESIAN_POINT('',(-12.79695967836,74.600262120769,25.));
#3409 = CARTESIAN_POINT('',(-12.24378742756,75.032481380916,25.));
#3410 = CARTESIAN_POINT('',(-11.67240299848,75.440023043408,25.));
#3411 = CARTESIAN_POINT('',(-11.084390685,75.822429121579,25.));
#3412 = CARTESIAN_POINT('',(-10.07978852494,76.416916709247,25.));
#3413 = CARTESIAN_POINT('',(-9.671614011965,76.64319815936,25.));
#3414 = CARTESIAN_POINT('',(-9.257197996754,76.858069742481,25.));
#3415 = CARTESIAN_POINT('',(-8.836982179283,77.06143974569,25.));
#3416 = CARTESIAN_POINT('',(-8.411399080778,77.253230888836,25.));
#3417 = CARTESIAN_POINT('',(-7.980871158755,77.433378490944,25.));
#3418 = CARTESIAN_POINT('',(-6.517634295153,77.999925120702,25.));
#3419 = CARTESIAN_POINT('',(-5.464219242309,78.332658612993,25.));
#3420 = CARTESIAN_POINT('',(-4.390896795307,78.599377379046,25.));
#3421 = CARTESIAN_POINT('',(-3.302852712789,78.799639732662,25.));
#3422 = CARTESIAN_POINT('',(-2.205126275132,78.933207887064,25.));
#3423 = CARTESIAN_POINT('',(-1.1026029602,78.999999941036,25.));
#3424 = CARTESIAN_POINT('',(0.782363628914,78.999999817176,25.));
#3425 = CARTESIAN_POINT('',(1.564713040388,78.966372061902,25.));
#3426 = CARTESIAN_POINT('',(2.345337360673,78.899116814844,25.));
#3427 = CARTESIAN_POINT('',(3.122496770018,78.79826051327,25.));
#3428 = CARTESIAN_POINT('',(3.894423114198,78.663861922964,25.));
#3429 = CARTESIAN_POINT('',(4.659320516034,78.496018110128,25.));
#3430 = CARTESIAN_POINT('',(5.724812031765,78.212541432191,25.));
#3431 = CARTESIAN_POINT('',(6.032772721005,78.124633959023,25.));
#3432 = CARTESIAN_POINT('',(6.339121636504,78.031157831643,25.));
#3433 = CARTESIAN_POINT('',(6.64373060937,77.932124747891,25.));
#3434 = CARTESIAN_POINT('',(6.946469719966,77.827548265595,25.));
#3435 = CARTESIAN_POINT('',(7.247207297907,77.717443802572,25.));
#3436 = CARTESIAN_POINT('',(7.98087115875,77.433378490946,25.));
#3437 = CARTESIAN_POINT('',(8.411399080774,77.253230888838,25.));
#3438 = CARTESIAN_POINT('',(8.836982179279,77.061439745692,25.));
#3439 = CARTESIAN_POINT('',(9.257197996749,76.858069742483,25.));
#3440 = CARTESIAN_POINT('',(9.67161401196,76.643198159362,25.));
#3441 = CARTESIAN_POINT('',(10.079788524943,76.416916709249,25.));
#3442 = CARTESIAN_POINT('',(11.084390685006,75.822429121581,25.));
#3443 = CARTESIAN_POINT('',(11.67240299848,75.440023043411,25.));
#3444 = CARTESIAN_POINT('',(12.24378742756,75.032481380919,25.));
#3445 = CARTESIAN_POINT('',(12.796959678363,74.600262120771,25.));
#3446 = CARTESIAN_POINT('',(13.330289570207,74.14393704405,25.));
#3447 = CARTESIAN_POINT('',(13.842118387893,73.664213778004,25.));
#3448 = CARTESIAN_POINT('',(14.772650646026,72.707787781789,25.));
#3449 = CARTESIAN_POINT('',(15.195579585394,72.235191374499,25.));
#3450 = CARTESIAN_POINT('',(15.598324483343,71.744818065714,25.));
#3451 = CARTESIAN_POINT('',(15.979642370281,71.237421232263,25.));
#3452 = CARTESIAN_POINT('',(16.338307247314,70.713874010191,25.));
#3453 = CARTESIAN_POINT('',(16.673131457795,70.175185116942,25.));
#3454 = CARTESIAN_POINT('',(17.539863774334,68.629249051064,25.));
#3455 = CARTESIAN_POINT('',(18.01631729841,67.590428866065,25.));
#3456 = CARTESIAN_POINT('',(18.405394718967,66.513287917674,25.));
#3457 = CARTESIAN_POINT('',(18.701524270961,65.4060141034,25.));
#3458 = CARTESIAN_POINT('',(18.900559278021,64.277745445654,25.));
#3459 = CARTESIAN_POINT('',(19.000000133311,63.138620976095,25.));
#3460 = CARTESIAN_POINT('',(19.,62.,25.));
#3461 = PCURVE('',#1641,#3462);
#3462 = DEFINITIONAL_REPRESENTATION('',(#3463),#3616);
#3463 = B_SPLINE_CURVE_WITH_KNOTS('',7,(#3464,#3465,#3466,#3467,#3468,
    #3469,#3470,#3471,#3472,#3473,#3474,#3475,#3476,#3477,#3478,#3479,
    #3480,#3481,#3482,#3483,#3484,#3485,#3486,#3487,#3488,#3489,#3490,
    #3491,#3492,#3493,#3494,#3495,#3496,#3497,#3498,#3499,#3500,#3501,
    #3502,#3503,#3504,#3505,#3506,#3507,#3508,#3509,#3510,#3511,#3512,
    #3513,#3514,#3515,#3516,#3517,#3518,#3519,#3520,#3521,#3522,#3523,
    #3524,#3525,#3526,#3527,#3528,#3529,#3530,#3531,#3532,#3533,#3534,
    #3535,#3536,#3537,#3538,#3539,#3540,#3541,#3542,#3543,#3544,#3545,
    #3546,#3547,#3548,#3549,#3550,#3551,#3552,#3553,#3554,#3555,#3556,
    #3557,#3558,#3559,#3560,#3561,#3562,#3563,#3564,#3565,#3566,#3567,
    #3568,#3569,#3570,#3571,#3572,#3573,#3574,#3575,#3576,#3577,#3578,
    #3579,#3580,#3581,#3582,#3583,#3584,#3585,#3586,#3587,#3588,#3589,
    #3590,#3591,#3592,#3593,#3594,#3595,#3596,#3597,#3598,#3599,#3600,
    #3601,#3602,#3603,#3604,#3605,#3606,#3607,#3608,#3609,#3610,#3611,
    #3612,#3613,#3614,#3615),.UNSPECIFIED.,.F.,.F.,(8,6,6,6,6,6,6,6,6,6,
    6,6,6,6,6,6,6,6,6,6,6,6,6,6,6,8),(0.,7.043369104029E-02,
    0.109624242041,0.1529641563,0.181814591167,0.249996511953,
    0.298375721734,0.318177115675,0.347027562595,0.390367494959,
    0.429558062332,0.451662178973,0.466898977587,0.500000815999,
    0.548338035635,0.570442131551,0.609632662179,0.652972553907,
    0.681822973776,0.750004859117,0.798384043748,0.818185427396,
    0.847035859317,0.890375769151,0.92956631615,1.),.UNSPECIFIED.);
#3464 = CARTESIAN_POINT('',(0.,7.));
#3465 = CARTESIAN_POINT('',(1.333115164925E-07,5.861379023905));
#3466 = CARTESIAN_POINT('',(-9.944072198086E-02,4.722254554346));
#3467 = CARTESIAN_POINT('',(-0.298475729035,3.5939858966));
#3468 = CARTESIAN_POINT('',(-0.594605281039,2.486712082329));
#3469 = CARTESIAN_POINT('',(-0.983682701585,1.409571133934));
#3470 = CARTESIAN_POINT('',(-1.460136225667,0.370750948939));
#3471 = CARTESIAN_POINT('',(-2.326868542203,-1.17518511694));
#3472 = CARTESIAN_POINT('',(-2.661692752684,-1.713874010189));
#3473 = CARTESIAN_POINT('',(-3.020357629717,-2.237421232261));
#3474 = CARTESIAN_POINT('',(-3.401675516655,-2.744818065712));
#3475 = CARTESIAN_POINT('',(-3.804420414604,-3.235191374497));
#3476 = CARTESIAN_POINT('',(-4.227349353972,-3.707787781787));
#3477 = CARTESIAN_POINT('',(-5.157881612105,-4.664213778001));
#3478 = CARTESIAN_POINT('',(-5.669710429791,-5.143937044048));
#3479 = CARTESIAN_POINT('',(-6.203040321635,-5.60026212077));
#3480 = CARTESIAN_POINT('',(-6.756212572437,-6.032481380917));
#3481 = CARTESIAN_POINT('',(-7.327597001517,-6.440023043409));
#3482 = CARTESIAN_POINT('',(-7.915609314992,-6.82242912158));
#3483 = CARTESIAN_POINT('',(-8.920211475055,-7.416916709247));
#3484 = CARTESIAN_POINT('',(-9.328385988036,-7.64319815936));
#3485 = CARTESIAN_POINT('',(-9.742802003247,-7.858069742482));
#3486 = CARTESIAN_POINT('',(-10.16301782071,-8.061439745691));
#3487 = CARTESIAN_POINT('',(-10.58860091922,-8.253230888836));
#3488 = CARTESIAN_POINT('',(-11.01912884124,-8.433378490945));
#3489 = CARTESIAN_POINT('',(-12.48236570484,-8.999925120703));
#3490 = CARTESIAN_POINT('',(-13.53578075769,-9.332658612993));
#3491 = CARTESIAN_POINT('',(-14.60910320469,-9.599377379047));
#3492 = CARTESIAN_POINT('',(-15.69714728721,-9.799639732662));
#3493 = CARTESIAN_POINT('',(-16.79487372487,-9.933207887064));
#3494 = CARTESIAN_POINT('',(-17.89739703979,-9.999999941036));
#3495 = CARTESIAN_POINT('',(-19.78236362891,-9.999999817176));
#3496 = CARTESIAN_POINT('',(-20.56471304038,-9.966372061902));
#3497 = CARTESIAN_POINT('',(-21.34533736067,-9.899116814843));
#3498 = CARTESIAN_POINT('',(-22.12249677001,-9.79826051327));
#3499 = CARTESIAN_POINT('',(-22.89442311419,-9.663861922964));
#3500 = CARTESIAN_POINT('',(-23.65932051603,-9.496018110128));
#3501 = CARTESIAN_POINT('',(-24.72481203176,-9.212541432191));
#3502 = CARTESIAN_POINT('',(-25.032772721,-9.124633959023));
#3503 = CARTESIAN_POINT('',(-25.3391216365,-9.031157831643));
#3504 = CARTESIAN_POINT('',(-25.64373060937,-8.932124747891));
#3505 = CARTESIAN_POINT('',(-25.94646971996,-8.827548265595));
#3506 = CARTESIAN_POINT('',(-26.2472072979,-8.717443802572));
#3507 = CARTESIAN_POINT('',(-26.98087115875,-8.433378490946));
#3508 = CARTESIAN_POINT('',(-27.41139908077,-8.253230888838));
#3509 = CARTESIAN_POINT('',(-27.83698217927,-8.061439745692));
#3510 = CARTESIAN_POINT('',(-28.25719799674,-7.858069742483));
#3511 = CARTESIAN_POINT('',(-28.67161401196,-7.643198159362));
#3512 = CARTESIAN_POINT('',(-29.07978852494,-7.416916709249));
#3513 = CARTESIAN_POINT('',(-30.084390685,-6.822429121582));
#3514 = CARTESIAN_POINT('',(-30.67240299848,-6.440023043411));
#3515 = CARTESIAN_POINT('',(-31.24378742756,-6.032481380919));
#3516 = CARTESIAN_POINT('',(-31.79695967836,-5.600262120772));
#3517 = CARTESIAN_POINT('',(-32.3302895702,-5.14393704405));
#3518 = CARTESIAN_POINT('',(-32.84211838789,-4.664213778004));
#3519 = CARTESIAN_POINT('',(-33.77265064602,-3.707787781789));
#3520 = CARTESIAN_POINT('',(-34.19557958539,-3.235191374499));
#3521 = CARTESIAN_POINT('',(-34.59832448334,-2.744818065715));
#3522 = CARTESIAN_POINT('',(-34.97964237028,-2.237421232263));
#3523 = CARTESIAN_POINT('',(-35.33830724731,-1.713874010191));
#3524 = CARTESIAN_POINT('',(-35.67313145779,-1.175185116943));
#3525 = CARTESIAN_POINT('',(-36.15775087186,-0.310799511658));
#3526 = CARTESIAN_POINT('',(-36.32457355511,5.365825555714E-03));
#3527 = CARTESIAN_POINT('',(-36.48325356013,0.325773734051));
#3528 = CARTESIAN_POINT('',(-36.63359733156,0.650204164401));
#3529 = CARTESIAN_POINT('',(-36.77542079134,0.978423943432));
#3530 = CARTESIAN_POINT('',(-36.90855082281,1.310186095849));
#3531 = CARTESIAN_POINT('',(-37.11849252018,1.876180856155));
#3532 = CARTESIAN_POINT('',(-37.1999515677,2.108692082676));
#3533 = CARTESIAN_POINT('',(-37.27715110349,2.342677494472));
#3534 = CARTESIAN_POINT('',(-37.3500417687,2.578049195473));
#3535 = CARTESIAN_POINT('',(-37.41857763943,2.814716744493));
#3536 = CARTESIAN_POINT('',(-37.48271622678,3.052587155229));
#3537 = CARTESIAN_POINT('',(-37.67212152782,3.810742461947));
#3538 = CARTESIAN_POINT('',(-37.78088962713,4.335159617121));
#3539 = CARTESIAN_POINT('',(-37.86832092487,4.863818593738));
#3540 = CARTESIAN_POINT('',(-37.93410656858,5.395695689363));
#3541 = CARTESIAN_POINT('',(-37.97803565505,5.929740807641));
#3542 = CARTESIAN_POINT('',(-38.00000018201,6.464876998774));
#3543 = CARTESIAN_POINT('',(-38.00000005891,7.781417518203));
#3544 = CARTESIAN_POINT('',(-37.95316494132,8.562919260549));
#3545 = CARTESIAN_POINT('',(-37.85947785469,9.340987374408));
#3546 = CARTESIAN_POINT('',(-37.71945552276,10.11228884163));
#3547 = CARTESIAN_POINT('',(-37.53404797714,10.873659775177));
#3548 = CARTESIAN_POINT('',(-37.30459321955,11.622098987998));
#3549 = CARTESIAN_POINT('',(-36.90855082281,12.689813904147));
#3550 = CARTESIAN_POINT('',(-36.77542079134,13.021576056564));
#3551 = CARTESIAN_POINT('',(-36.63359733156,13.349795835595));
#3552 = CARTESIAN_POINT('',(-36.48325356013,13.674226265945));
#3553 = CARTESIAN_POINT('',(-36.32457355512,13.99463417444));
#3554 = CARTESIAN_POINT('',(-36.15775087187,14.310799511654));
#3555 = CARTESIAN_POINT('',(-35.67313145779,15.175185116939));
#3556 = CARTESIAN_POINT('',(-35.33830724731,15.713874010188));
#3557 = CARTESIAN_POINT('',(-34.97964237028,16.237421232259));
#3558 = CARTESIAN_POINT('',(-34.59832448334,16.744818065711));
#3559 = CARTESIAN_POINT('',(-34.19557958539,17.235191374496));
#3560 = CARTESIAN_POINT('',(-33.77265064602,17.707787781786));
#3561 = CARTESIAN_POINT('',(-32.84211838789,18.664213778));
#3562 = CARTESIAN_POINT('',(-32.33028957021,19.143937044047));
#3563 = CARTESIAN_POINT('',(-31.79695967836,19.600262120769));
#3564 = CARTESIAN_POINT('',(-31.24378742756,20.032481380916));
#3565 = CARTESIAN_POINT('',(-30.67240299848,20.440023043408));
#3566 = CARTESIAN_POINT('',(-30.084390685,20.822429121579));
#3567 = CARTESIAN_POINT('',(-29.07978852494,21.416916709247));
#3568 = CARTESIAN_POINT('',(-28.67161401196,21.64319815936));
#3569 = CARTESIAN_POINT('',(-28.25719799675,21.858069742481));
#3570 = CARTESIAN_POINT('',(-27.83698217928,22.06143974569));
#3571 = CARTESIAN_POINT('',(-27.41139908077,22.253230888836));
#3572 = CARTESIAN_POINT('',(-26.98087115875,22.433378490944));
#3573 = CARTESIAN_POINT('',(-25.51763429515,22.999925120702));
#3574 = CARTESIAN_POINT('',(-24.4642192423,23.332658612993));
#3575 = CARTESIAN_POINT('',(-23.3908967953,23.599377379046));
#3576 = CARTESIAN_POINT('',(-22.30285271278,23.799639732662));
#3577 = CARTESIAN_POINT('',(-21.20512627513,23.933207887064));
#3578 = CARTESIAN_POINT('',(-20.1026029602,23.999999941036));
#3579 = CARTESIAN_POINT('',(-18.21763637108,23.999999817176));
#3580 = CARTESIAN_POINT('',(-17.43528695961,23.966372061902));
#3581 = CARTESIAN_POINT('',(-16.65466263932,23.899116814844));
#3582 = CARTESIAN_POINT('',(-15.87750322998,23.79826051327));
#3583 = CARTESIAN_POINT('',(-15.1055768858,23.663861922964));
#3584 = CARTESIAN_POINT('',(-14.34067948396,23.496018110128));
#3585 = CARTESIAN_POINT('',(-13.27518796823,23.212541432191));
#3586 = CARTESIAN_POINT('',(-12.96722727899,23.124633959023));
#3587 = CARTESIAN_POINT('',(-12.66087836349,23.031157831643));
#3588 = CARTESIAN_POINT('',(-12.35626939063,22.932124747891));
#3589 = CARTESIAN_POINT('',(-12.05353028003,22.827548265595));
#3590 = CARTESIAN_POINT('',(-11.75279270209,22.717443802572));
#3591 = CARTESIAN_POINT('',(-11.01912884125,22.433378490946));
#3592 = CARTESIAN_POINT('',(-10.58860091922,22.253230888838));
#3593 = CARTESIAN_POINT('',(-10.16301782072,22.061439745692));
#3594 = CARTESIAN_POINT('',(-9.742802003251,21.858069742483));
#3595 = CARTESIAN_POINT('',(-9.32838598804,21.643198159362));
#3596 = CARTESIAN_POINT('',(-8.920211475057,21.416916709249));
#3597 = CARTESIAN_POINT('',(-7.915609314994,20.822429121581));
#3598 = CARTESIAN_POINT('',(-7.32759700152,20.440023043411));
#3599 = CARTESIAN_POINT('',(-6.75621257244,20.032481380919));
#3600 = CARTESIAN_POINT('',(-6.203040321637,19.600262120771));
#3601 = CARTESIAN_POINT('',(-5.669710429793,19.14393704405));
#3602 = CARTESIAN_POINT('',(-5.157881612107,18.664213778004));
#3603 = CARTESIAN_POINT('',(-4.227349353974,17.707787781789));
#3604 = CARTESIAN_POINT('',(-3.804420414606,17.235191374499));
#3605 = CARTESIAN_POINT('',(-3.401675516657,16.744818065714));
#3606 = CARTESIAN_POINT('',(-3.020357629719,16.237421232263));
#3607 = CARTESIAN_POINT('',(-2.661692752686,15.713874010191));
#3608 = CARTESIAN_POINT('',(-2.326868542205,15.175185116942));
#3609 = CARTESIAN_POINT('',(-1.460136225666,13.629249051064));
#3610 = CARTESIAN_POINT('',(-0.98368270159,12.590428866065));
#3611 = CARTESIAN_POINT('',(-0.594605281033,11.513287917674));
#3612 = CARTESIAN_POINT('',(-0.298475729039,10.4060141034));
#3613 = CARTESIAN_POINT('',(-9.944072197923E-02,9.277745445654));
#3614 = CARTESIAN_POINT('',(1.333113104351E-07,8.138620976095));
#3615 = CARTESIAN_POINT('',(0.,7.));
#3616 = ( GEOMETRIC_REPRESENTATION_CONTEXT(2) 
PARAMETRIC_REPRESENTATION_CONTEXT() REPRESENTATION_CONTEXT('2D SPACE',''
  ) );
#3617 = PCURVE('',#1831,#3618);
#3618 = DEFINITIONAL_REPRESENTATION('',(#3619),#3772);
#3619 = B_SPLINE_CURVE_WITH_KNOTS('',7,(#3620,#3621,#3622,#3623,#3624,
    #3625,#3626,#3627,#3628,#3629,#3630,#3631,#3632,#3633,#3634,#3635,
    #3636,#3637,#3638,#3639,#3640,#3641,#3642,#3643,#3644,#3645,#3646,
    #3647,#3648,#3649,#3650,#3651,#3652,#3653,#3654,#3655,#3656,#3657,
    #3658,#3659,#3660,#3661,#3662,#3663,#3664,#3665,#3666,#3667,#3668,
    #3669,#3670,#3671,#3672,#3673,#3674,#3675,#3676,#3677,#3678,#3679,
    #3680,#3681,#3682,#3683,#3684,#3685,#3686,#3687,#3688,#3689,#3690,
    #3691,#3692,#3693,#3694,#3695,#3696,#3697,#3698,#3699,#3700,#3701,
    #3702,#3703,#3704,#3705,#3706,#3707,#3708,#3709,#3710,#3711,#3712,
    #3713,#3714,#3715,#3716,#3717,#3718,#3719,#3720,#3721,#3722,#3723,
    #3724,#3725,#3726,#3727,#3728,#3729,#3730,#3731,#3732,#3733,#3734,
    #3735,#3736,#3737,#3738,#3739,#3740,#3741,#3742,#3743,#3744,#3745,
    #3746,#3747,#3748,#3749,#3750,#3751,#3752,#3753,#3754,#3755,#3756,
    #3757,#3758,#3759,#3760,#3761,#3762,#3763,#3764,#3765,#3766,#3767,
    #3768,#3769,#3770,#3771),.UNSPECIFIED.,.F.,.F.,(8,6,6,6,6,6,6,6,6,6,
    6,6,6,6,6,6,6,6,6,6,6,6,6,6,6,8),(0.,7.043369104029E-02,
    0.109624242041,0.1529641563,0.181814591167,0.249996511953,
    0.298375721734,0.318177115675,0.347027562595,0.390367494959,
    0.429558062332,0.451662178973,0.466898977587,0.500000815999,
    0.548338035635,0.570442131551,0.609632662179,0.652972553907,
    0.681822973776,0.750004859117,0.798384043748,0.818185427396,
    0.847035859317,0.890375769151,0.92956631615,1.),.UNSPECIFIED.);
#3620 = CARTESIAN_POINT('',(6.28318530718,-1.));
#3621 = CARTESIAN_POINT('',(6.216207598998,-1.));
#3622 = CARTESIAN_POINT('',(6.149200303126,-1.));
#3623 = CARTESIAN_POINT('',(6.082340705996,-1.));
#3624 = CARTESIAN_POINT('',(6.015733003099,-1.));
#3625 = CARTESIAN_POINT('',(5.949460157401,-1.));
#3626 = CARTESIAN_POINT('',(5.883596208433,-1.));
#3627 = CARTESIAN_POINT('',(5.781858454711,-1.));
#3628 = CARTESIAN_POINT('',(5.745633271078,-1.));
#3629 = CARTESIAN_POINT('',(5.709562915042,-1.));
#3630 = CARTESIAN_POINT('',(5.673652869231,-1.));
#3631 = CARTESIAN_POINT('',(5.637905874825,-1.));
#3632 = CARTESIAN_POINT('',(5.602322578964,-1.));
#3633 = CARTESIAN_POINT('',(5.5277315933,-1.));
#3634 = CARTESIAN_POINT('',(5.488760067044,-1.));
#3635 = CARTESIAN_POINT('',(5.449985380672,-1.));
#3636 = CARTESIAN_POINT('',(5.411402742805,-1.));
#3637 = CARTESIAN_POINT('',(5.37300500947,-1.));
#3638 = CARTESIAN_POINT('',(5.334782900171,-1.));
#3639 = CARTESIAN_POINT('',(5.271391042987,-1.));
#3640 = CARTESIAN_POINT('',(5.246129869174,-1.));
#3641 = CARTESIAN_POINT('',(5.22093838553,-1.));
#3642 = CARTESIAN_POINT('',(5.195813095643,-1.));
#3643 = CARTESIAN_POINT('',(5.170750287119,-1.));
#3644 = CARTESIAN_POINT('',(5.145746005028,-1.));
#3645 = CARTESIAN_POINT('',(5.061832008144,-1.));
#3646 = CARTESIAN_POINT('',(5.003175790465,-1.));
#3647 = CARTESIAN_POINT('',(4.944765494982,-1.));
#3648 = CARTESIAN_POINT('',(4.886542481811,-1.));
#3649 = CARTESIAN_POINT('',(4.828448289374,-1.));
#3650 = CARTESIAN_POINT('',(4.770420707158,-1.));
#3651 = CARTESIAN_POINT('',(4.671211949126,-1.));
#3652 = CARTESIAN_POINT('',(4.630035656926,-1.));
#3653 = CARTESIAN_POINT('',(4.588836143565,-1.));
#3654 = CARTESIAN_POINT('',(4.547590917436,-1.));
#3655 = CARTESIAN_POINT('',(4.50627821177,-1.));
#3656 = CARTESIAN_POINT('',(4.464876240854,-1.));
#3657 = CARTESIAN_POINT('',(4.4063710501,-1.));
#3658 = CARTESIAN_POINT('',(4.389361044428,-1.));
#3659 = CARTESIAN_POINT('',(4.37233097889,-1.));
#3660 = CARTESIAN_POINT('',(4.355279422401,-1.));
#3661 = CARTESIAN_POINT('',(4.338204973147,-1.));
#3662 = CARTESIAN_POINT('',(4.32110625858,-1.));
#3663 = CARTESIAN_POINT('',(4.279031955741,-1.));
#3664 = CARTESIAN_POINT('',(4.25402767365,-1.));
#3665 = CARTESIAN_POINT('',(4.228964865126,-1.));
#3666 = CARTESIAN_POINT('',(4.203839575239,-1.));
#3667 = CARTESIAN_POINT('',(4.178648091595,-1.));
#3668 = CARTESIAN_POINT('',(4.153386917782,-1.));
#3669 = CARTESIAN_POINT('',(4.089995060598,-1.));
#3670 = CARTESIAN_POINT('',(4.051772951299,-1.));
#3671 = CARTESIAN_POINT('',(4.013375217964,-1.));
#3672 = CARTESIAN_POINT('',(3.974792580097,-1.));
#3673 = CARTESIAN_POINT('',(3.936017893725,-1.));
#3674 = CARTESIAN_POINT('',(3.897046367469,-1.));
#3675 = CARTESIAN_POINT('',(3.822455381805,-1.));
#3676 = CARTESIAN_POINT('',(3.786872085944,-1.));
#3677 = CARTESIAN_POINT('',(3.751125091538,-1.));
#3678 = CARTESIAN_POINT('',(3.715215045727,-1.));
#3679 = CARTESIAN_POINT('',(3.679144689691,-1.));
#3680 = CARTESIAN_POINT('',(3.642919506059,-1.));
#3681 = CARTESIAN_POINT('',(3.586034452667,-1.));
#3682 = CARTESIAN_POINT('',(3.565473954938,-1.));
#3683 = CARTESIAN_POINT('',(3.544868451146,-1.));
#3684 = CARTESIAN_POINT('',(3.524219685413,-1.));
#3685 = CARTESIAN_POINT('',(3.503529632486,-1.));
#3686 = CARTESIAN_POINT('',(3.482800562252,-1.));
#3687 = CARTESIAN_POINT('',(3.44772106915,-1.));
#3688 = CARTESIAN_POINT('',(3.433389715384,-1.));
#3689 = CARTESIAN_POINT('',(3.419041877562,-1.));
#3690 = CARTESIAN_POINT('',(3.404678440619,-1.));
#3691 = CARTESIAN_POINT('',(3.390300339817,-1.));
#3692 = CARTESIAN_POINT('',(3.37590856075,-1.));
#3693 = CARTESIAN_POINT('',(3.330210634584,-1.));
#3694 = CARTESIAN_POINT('',(3.298856687547,-1.));
#3695 = CARTESIAN_POINT('',(3.267454167638,-1.));
#3696 = CARTESIAN_POINT('',(3.236014443915,-1.));
#3697 = CARTESIAN_POINT('',(3.204549071675,-1.));
#3698 = CARTESIAN_POINT('',(3.173070479048,-1.));
#3699 = CARTESIAN_POINT('',(3.09562691163,-1.));
#3700 = CARTESIAN_POINT('',(3.049656248569,-1.));
#3701 = CARTESIAN_POINT('',(3.003728845701,-1.));
#3702 = CARTESIAN_POINT('',(2.957882222685,-1.));
#3703 = CARTESIAN_POINT('',(2.912148767385,-1.));
#3704 = CARTESIAN_POINT('',(2.866560090205,-1.));
#3705 = CARTESIAN_POINT('',(2.800384744928,-1.));
#3706 = CARTESIAN_POINT('',(2.779655674694,-1.));
#3707 = CARTESIAN_POINT('',(2.758965621767,-1.));
#3708 = CARTESIAN_POINT('',(2.738316856034,-1.));
#3709 = CARTESIAN_POINT('',(2.717711352241,-1.));
#3710 = CARTESIAN_POINT('',(2.697150854513,-1.));
#3711 = CARTESIAN_POINT('',(2.640265801121,-1.));
#3712 = CARTESIAN_POINT('',(2.604040617489,-1.));
#3713 = CARTESIAN_POINT('',(2.567970261452,-1.));
#3714 = CARTESIAN_POINT('',(2.532060215642,-1.));
#3715 = CARTESIAN_POINT('',(2.496313221236,-1.));
#3716 = CARTESIAN_POINT('',(2.460729925375,-1.));
#3717 = CARTESIAN_POINT('',(2.386138939711,-1.));
#3718 = CARTESIAN_POINT('',(2.347167413454,-1.));
#3719 = CARTESIAN_POINT('',(2.308392727083,-1.));
#3720 = CARTESIAN_POINT('',(2.269810089215,-1.));
#3721 = CARTESIAN_POINT('',(2.231412355881,-1.));
#3722 = CARTESIAN_POINT('',(2.193190246581,-1.));
#3723 = CARTESIAN_POINT('',(2.129798389398,-1.));
#3724 = CARTESIAN_POINT('',(2.104537215584,-1.));
#3725 = CARTESIAN_POINT('',(2.07934573194,-1.));
#3726 = CARTESIAN_POINT('',(2.054220442054,-1.));
#3727 = CARTESIAN_POINT('',(2.02915763353,-1.));
#3728 = CARTESIAN_POINT('',(2.004153351439,-1.));
#3729 = CARTESIAN_POINT('',(1.920239354554,-1.));
#3730 = CARTESIAN_POINT('',(1.861583136875,-1.));
#3731 = CARTESIAN_POINT('',(1.803172841393,-1.));
#3732 = CARTESIAN_POINT('',(1.744949828222,-1.));
#3733 = CARTESIAN_POINT('',(1.686855635784,-1.));
#3734 = CARTESIAN_POINT('',(1.628828053568,-1.));
#3735 = CARTESIAN_POINT('',(1.529619295536,-1.));
#3736 = CARTESIAN_POINT('',(1.488443003336,-1.));
#3737 = CARTESIAN_POINT('',(1.447243489975,-1.));
#3738 = CARTESIAN_POINT('',(1.405998263846,-1.));
#3739 = CARTESIAN_POINT('',(1.36468555818,-1.));
#3740 = CARTESIAN_POINT('',(1.323283587264,-1.));
#3741 = CARTESIAN_POINT('',(1.26477839651,-1.));
#3742 = CARTESIAN_POINT('',(1.247768390839,-1.));
#3743 = CARTESIAN_POINT('',(1.2307383253,-1.));
#3744 = CARTESIAN_POINT('',(1.213686768811,-1.));
#3745 = CARTESIAN_POINT('',(1.196612319557,-1.));
#3746 = CARTESIAN_POINT('',(1.17951360499,-1.));
#3747 = CARTESIAN_POINT('',(1.137439302152,-1.));
#3748 = CARTESIAN_POINT('',(1.11243502006,-1.));
#3749 = CARTESIAN_POINT('',(1.087372211536,-1.));
#3750 = CARTESIAN_POINT('',(1.06224692165,-1.));
#3751 = CARTESIAN_POINT('',(1.037055438006,-1.));
#3752 = CARTESIAN_POINT('',(1.011794264192,-1.));
#3753 = CARTESIAN_POINT('',(0.948402407008,-1.));
#3754 = CARTESIAN_POINT('',(0.910180297709,-1.));
#3755 = CARTESIAN_POINT('',(0.871782564375,-1.));
#3756 = CARTESIAN_POINT('',(0.833199926507,-1.));
#3757 = CARTESIAN_POINT('',(0.794425240136,-1.));
#3758 = CARTESIAN_POINT('',(0.755453713879,-1.));
#3759 = CARTESIAN_POINT('',(0.680862728215,-1.));
#3760 = CARTESIAN_POINT('',(0.645279432354,-1.));
#3761 = CARTESIAN_POINT('',(0.609532437948,-1.));
#3762 = CARTESIAN_POINT('',(0.573622392138,-1.));
#3763 = CARTESIAN_POINT('',(0.537552036101,-1.));
#3764 = CARTESIAN_POINT('',(0.501326852469,-1.));
#3765 = CARTESIAN_POINT('',(0.399589098747,-1.));
#3766 = CARTESIAN_POINT('',(0.333725149779,-1.));
#3767 = CARTESIAN_POINT('',(0.26745230408,-1.));
#3768 = CARTESIAN_POINT('',(0.200844601185,-1.));
#3769 = CARTESIAN_POINT('',(0.133985004053,-1.));
#3770 = CARTESIAN_POINT('',(6.697770818178E-02,-1.));
#3771 = CARTESIAN_POINT('',(0.,-1.));
#3772 = ( GEOMETRIC_REPRESENTATION_CONTEXT(2) 
PARAMETRIC_REPRESENTATION_CONTEXT() REPRESENTATION_CONTEXT('2D SPACE',''
  ) );
#3773 = ORIENTED_EDGE('',*,*,#1849,.F.);
#3774 = ORIENTED_EDGE('',*,*,#1626,.F.);
#3775 = ORIENTED_EDGE('',*,*,#3254,.T.);
#3776 = ORIENTED_EDGE('',*,*,#3777,.T.);
#3777 = EDGE_CURVE('',#3226,#3778,#3780,.T.);
#3778 = VERTEX_POINT('',#3779);
#3779 = CARTESIAN_POINT('',(28.,55.,25.));
#3780 = SURFACE_CURVE('',#3781,(#3785,#3792),.PCURVE_S1.);
#3781 = LINE('',#3782,#3783);
#3782 = CARTESIAN_POINT('',(19.,55.,25.));
#3783 = VECTOR('',#3784,1.);
#3784 = DIRECTION('',(1.,0.,0.));
#3785 = PCURVE('',#1641,#3786);
#3786 = DEFINITIONAL_REPRESENTATION('',(#3787),#3791);
#3787 = LINE('',#3788,#3789);
#3788 = CARTESIAN_POINT('',(0.,0.));
#3789 = VECTOR('',#3790,1.);
#3790 = DIRECTION('',(1.,0.));
#3791 = ( GEOMETRIC_REPRESENTATION_CONTEXT(2) 
PARAMETRIC_REPRESENTATION_CONTEXT() REPRESENTATION_CONTEXT('2D SPACE',''
  ) );
#3792 = PCURVE('',#3156,#3793);
#3793 = DEFINITIONAL_REPRESENTATION('',(#3794),#3798);
#3794 = LINE('',#3795,#3796);
#3795 = CARTESIAN_POINT('',(0.,0.));
#3796 = VECTOR('',#3797,1.);
#3797 = DIRECTION('',(0.,1.));
#3798 = ( GEOMETRIC_REPRESENTATION_CONTEXT(2) 
PARAMETRIC_REPRESENTATION_CONTEXT() REPRESENTATION_CONTEXT('2D SPACE',''
  ) );
#3799 = ORIENTED_EDGE('',*,*,#3800,.T.);
#3800 = EDGE_CURVE('',#3778,#3801,#3803,.T.);
#3801 = VERTEX_POINT('',#3802);
#3802 = CARTESIAN_POINT('',(28.,63.,25.));
#3803 = SURFACE_CURVE('',#3804,(#3808,#3815),.PCURVE_S1.);
#3804 = LINE('',#3805,#3806);
#3805 = CARTESIAN_POINT('',(28.,55.,25.));
#3806 = VECTOR('',#3807,1.);
#3807 = DIRECTION('',(0.,1.,0.));
#3808 = PCURVE('',#1641,#3809);
#3809 = DEFINITIONAL_REPRESENTATION('',(#3810),#3814);
#3810 = LINE('',#3811,#3812);
#3811 = CARTESIAN_POINT('',(9.,0.));
#3812 = VECTOR('',#3813,1.);
#3813 = DIRECTION('',(0.,1.));
#3814 = ( GEOMETRIC_REPRESENTATION_CONTEXT(2) 
PARAMETRIC_REPRESENTATION_CONTEXT() REPRESENTATION_CONTEXT('2D SPACE',''
  ) );
#3815 = PCURVE('',#3184,#3816);
#3816 = DEFINITIONAL_REPRESENTATION('',(#3817),#3821);
#3817 = LINE('',#3818,#3819);
#3818 = CARTESIAN_POINT('',(0.,0.));
#3819 = VECTOR('',#3820,1.);
#3820 = DIRECTION('',(0.,-1.));
#3821 = ( GEOMETRIC_REPRESENTATION_CONTEXT(2) 
PARAMETRIC_REPRESENTATION_CONTEXT() REPRESENTATION_CONTEXT('2D SPACE',''
  ) );
#3822 = ORIENTED_EDGE('',*,*,#3823,.F.);
#3823 = EDGE_CURVE('',#3284,#3801,#3824,.T.);
#3824 = SURFACE_CURVE('',#3825,(#3829,#3836),.PCURVE_S1.);
#3825 = LINE('',#3826,#3827);
#3826 = CARTESIAN_POINT('',(19.,63.,25.));
#3827 = VECTOR('',#3828,1.);
#3828 = DIRECTION('',(1.,0.,0.));
#3829 = PCURVE('',#1641,#3830);
#3830 = DEFINITIONAL_REPRESENTATION('',(#3831),#3835);
#3831 = LINE('',#3832,#3833);
#3832 = CARTESIAN_POINT('',(0.,8.));
#3833 = VECTOR('',#3834,1.);
#3834 = DIRECTION('',(1.,0.));
#3835 = ( GEOMETRIC_REPRESENTATION_CONTEXT(2) 
PARAMETRIC_REPRESENTATION_CONTEXT() REPRESENTATION_CONTEXT('2D SPACE',''
  ) );
#3836 = PCURVE('',#3210,#3837);
#3837 = DEFINITIONAL_REPRESENTATION('',(#3838),#3842);
#3838 = LINE('',#3839,#3840);
#3839 = CARTESIAN_POINT('',(0.,0.));
#3840 = VECTOR('',#3841,1.);
#3841 = DIRECTION('',(0.,1.));
#3842 = ( GEOMETRIC_REPRESENTATION_CONTEXT(2) 
PARAMETRIC_REPRESENTATION_CONTEXT() REPRESENTATION_CONTEXT('2D SPACE',''
  ) );
#3843 = ADVANCED_FACE('',(#3844),#1831,.T.);
#3844 = FACE_BOUND('',#3845,.T.);
#3845 = EDGE_LOOP('',(#3846,#3867,#3868,#3869));
#3846 = ORIENTED_EDGE('',*,*,#3847,.F.);
#3847 = EDGE_CURVE('',#3282,#2011,#3848,.T.);
#3848 = SURFACE_CURVE('',#3849,(#3853,#3860),.PCURVE_S1.);
#3849 = LINE('',#3850,#3851);
#3850 = CARTESIAN_POINT('',(19.,62.,24.));
#3851 = VECTOR('',#3852,1.);
#3852 = DIRECTION('',(0.,0.,1.));
#3853 = PCURVE('',#1831,#3854);
#3854 = DEFINITIONAL_REPRESENTATION('',(#3855),#3859);
#3855 = LINE('',#3856,#3857);
#3856 = CARTESIAN_POINT('',(6.28318530718,0.));
#3857 = VECTOR('',#3858,1.);
#3858 = DIRECTION('',(0.,-1.));
#3859 = ( GEOMETRIC_REPRESENTATION_CONTEXT(2) 
PARAMETRIC_REPRESENTATION_CONTEXT() REPRESENTATION_CONTEXT('2D SPACE',''
  ) );
#3860 = PCURVE('',#2028,#3861);
#3861 = DEFINITIONAL_REPRESENTATION('',(#3862),#3866);
#3862 = LINE('',#3863,#3864);
#3863 = CARTESIAN_POINT('',(-1.,-7.));
#3864 = VECTOR('',#3865,1.);
#3865 = DIRECTION('',(1.,0.));
#3866 = ( GEOMETRIC_REPRESENTATION_CONTEXT(2) 
PARAMETRIC_REPRESENTATION_CONTEXT() REPRESENTATION_CONTEXT('2D SPACE',''
  ) );
#3867 = ORIENTED_EDGE('',*,*,#3306,.T.);
#3868 = ORIENTED_EDGE('',*,*,#1809,.F.);
#3869 = ORIENTED_EDGE('',*,*,#2040,.F.);
#3870 = ADVANCED_FACE('',(#3871),#1768,.T.);
#3871 = FACE_BOUND('',#3872,.T.);
#3872 = EDGE_LOOP('',(#3873,#3874,#4344,#4371));
#3873 = ORIENTED_EDGE('',*,*,#1746,.T.);
#3874 = ORIENTED_EDGE('',*,*,#3875,.T.);
#3875 = EDGE_CURVE('',#1720,#3876,#3878,.T.);
#3876 = VERTEX_POINT('',#3877);
#3877 = CARTESIAN_POINT('',(-19.00000013198,62.,25.));
#3878 = SURFACE_CURVE('',#3879,(#4032,#4188),.PCURVE_S1.);
#3879 = B_SPLINE_CURVE_WITH_KNOTS('',7,(#3880,#3881,#3882,#3883,#3884,
    #3885,#3886,#3887,#3888,#3889,#3890,#3891,#3892,#3893,#3894,#3895,
    #3896,#3897,#3898,#3899,#3900,#3901,#3902,#3903,#3904,#3905,#3906,
    #3907,#3908,#3909,#3910,#3911,#3912,#3913,#3914,#3915,#3916,#3917,
    #3918,#3919,#3920,#3921,#3922,#3923,#3924,#3925,#3926,#3927,#3928,
    #3929,#3930,#3931,#3932,#3933,#3934,#3935,#3936,#3937,#3938,#3939,
    #3940,#3941,#3942,#3943,#3944,#3945,#3946,#3947,#3948,#3949,#3950,
    #3951,#3952,#3953,#3954,#3955,#3956,#3957,#3958,#3959,#3960,#3961,
    #3962,#3963,#3964,#3965,#3966,#3967,#3968,#3969,#3970,#3971,#3972,
    #3973,#3974,#3975,#3976,#3977,#3978,#3979,#3980,#3981,#3982,#3983,
    #3984,#3985,#3986,#3987,#3988,#3989,#3990,#3991,#3992,#3993,#3994,
    #3995,#3996,#3997,#3998,#3999,#4000,#4001,#4002,#4003,#4004,#4005,
    #4006,#4007,#4008,#4009,#4010,#4011,#4012,#4013,#4014,#4015,#4016,
    #4017,#4018,#4019,#4020,#4021,#4022,#4023,#4024,#4025,#4026,#4027,
    #4028,#4029,#4030,#4031),.UNSPECIFIED.,.T.,.F.,(8,6,6,6,6,6,6,6,6,6,
    6,6,6,6,6,6,6,6,6,6,6,6,6,6,6,8),(0.,7.043369104029E-02,
    0.109624242041,0.1529641563,0.181814591167,0.249996511953,
    0.298375721734,0.318177115675,0.347027562595,0.390367494959,
    0.429558062332,0.451662178973,0.466898977587,0.500000815999,
    0.548338035635,0.570442131551,0.609632662179,0.652972553907,
    0.681822973776,0.750004859117,0.798384043748,0.818185427396,
    0.847035859317,0.890375769151,0.92956631615,1.),.UNSPECIFIED.);
#3880 = CARTESIAN_POINT('',(19.,62.,25.));
#3881 = CARTESIAN_POINT('',(19.000000133312,60.861379023905,25.));
#3882 = CARTESIAN_POINT('',(18.900559278019,59.722254554346,25.));
#3883 = CARTESIAN_POINT('',(18.701524270965,58.5939858966,25.));
#3884 = CARTESIAN_POINT('',(18.405394718961,57.486712082329,25.));
#3885 = CARTESIAN_POINT('',(18.016317298415,56.409571133934,25.));
#3886 = CARTESIAN_POINT('',(17.539863774333,55.370750948939,25.));
#3887 = CARTESIAN_POINT('',(16.673131457797,53.82481488306,25.));
#3888 = CARTESIAN_POINT('',(16.338307247316,53.286125989811,25.));
#3889 = CARTESIAN_POINT('',(15.979642370283,52.762578767739,25.));
#3890 = CARTESIAN_POINT('',(15.598324483345,52.255181934288,25.));
#3891 = CARTESIAN_POINT('',(15.195579585396,51.764808625503,25.));
#3892 = CARTESIAN_POINT('',(14.772650646028,51.292212218213,25.));
#3893 = CARTESIAN_POINT('',(13.842118387895,50.335786221999,25.));
#3894 = CARTESIAN_POINT('',(13.330289570209,49.856062955952,25.));
#3895 = CARTESIAN_POINT('',(12.796959678365,49.39973787923,25.));
#3896 = CARTESIAN_POINT('',(12.243787427563,48.967518619083,25.));
#3897 = CARTESIAN_POINT('',(11.672402998483,48.559976956591,25.));
#3898 = CARTESIAN_POINT('',(11.084390685008,48.17757087842,25.));
#3899 = CARTESIAN_POINT('',(10.079788524945,47.583083290753,25.));
#3900 = CARTESIAN_POINT('',(9.671614011964,47.35680184064,25.));
#3901 = CARTESIAN_POINT('',(9.257197996753,47.141930257518,25.));
#3902 = CARTESIAN_POINT('',(8.836982179282,46.938560254309,25.));
#3903 = CARTESIAN_POINT('',(8.411399080777,46.746769111164,25.));
#3904 = CARTESIAN_POINT('',(7.980871158754,46.566621509055,25.));
#3905 = CARTESIAN_POINT('',(6.517634295153,46.000074879297,25.));
#3906 = CARTESIAN_POINT('',(5.464219242305,45.667341387007,25.));
#3907 = CARTESIAN_POINT('',(4.390896795307,45.400622620953,25.));
#3908 = CARTESIAN_POINT('',(3.30285271279,45.200360267338,25.));
#3909 = CARTESIAN_POINT('',(2.205126275129,45.066792112936,25.));
#3910 = CARTESIAN_POINT('',(1.102602960201,45.000000058964,25.));
#3911 = CARTESIAN_POINT('',(-0.782363628914,45.000000182824,25.));
#3912 = CARTESIAN_POINT('',(-1.564713040388,45.033627938098,25.));
#3913 = CARTESIAN_POINT('',(-2.345337360673,45.100883185157,25.));
#3914 = CARTESIAN_POINT('',(-3.122496770019,45.20173948673,25.));
#3915 = CARTESIAN_POINT('',(-3.894423114198,45.336138077036,25.));
#3916 = CARTESIAN_POINT('',(-4.659320516034,45.503981889872,25.));
#3917 = CARTESIAN_POINT('',(-5.724812031765,45.787458567809,25.));
#3918 = CARTESIAN_POINT('',(-6.032772721005,45.875366040977,25.));
#3919 = CARTESIAN_POINT('',(-6.339121636504,45.968842168357,25.));
#3920 = CARTESIAN_POINT('',(-6.64373060937,46.067875252109,25.));
#3921 = CARTESIAN_POINT('',(-6.946469719966,46.172451734405,25.));
#3922 = CARTESIAN_POINT('',(-7.247207297907,46.282556197428,25.));
#3923 = CARTESIAN_POINT('',(-7.980871158751,46.566621509054,25.));
#3924 = CARTESIAN_POINT('',(-8.411399080774,46.746769111162,25.));
#3925 = CARTESIAN_POINT('',(-8.836982179279,46.938560254308,25.));
#3926 = CARTESIAN_POINT('',(-9.257197996749,47.141930257517,25.));
#3927 = CARTESIAN_POINT('',(-9.67161401196,47.356801840638,25.));
#3928 = CARTESIAN_POINT('',(-10.07978852494,47.583083290751,25.));
#3929 = CARTESIAN_POINT('',(-11.084390685,48.177570878418,25.));
#3930 = CARTESIAN_POINT('',(-11.67240299848,48.559976956589,25.));
#3931 = CARTESIAN_POINT('',(-12.24378742756,48.967518619081,25.));
#3932 = CARTESIAN_POINT('',(-12.79695967836,49.399737879228,25.));
#3933 = CARTESIAN_POINT('',(-13.3302895702,49.85606295595,25.));
#3934 = CARTESIAN_POINT('',(-13.84211838789,50.335786221996,25.));
#3935 = CARTESIAN_POINT('',(-14.77265064602,51.292212218211,25.));
#3936 = CARTESIAN_POINT('',(-15.19557958539,51.764808625501,25.));
#3937 = CARTESIAN_POINT('',(-15.59832448334,52.255181934285,25.));
#3938 = CARTESIAN_POINT('',(-15.97964237028,52.762578767737,25.));
#3939 = CARTESIAN_POINT('',(-16.33830724731,53.286125989809,25.));
#3940 = CARTESIAN_POINT('',(-16.67313145779,53.824814883057,25.));
#3941 = CARTESIAN_POINT('',(-17.15775087186,54.689200488342,25.));
#3942 = CARTESIAN_POINT('',(-17.32457355511,55.005365825556,25.));
#3943 = CARTESIAN_POINT('',(-17.48325356013,55.325773734051,25.));
#3944 = CARTESIAN_POINT('',(-17.63359733156,55.650204164401,25.));
#3945 = CARTESIAN_POINT('',(-17.77542079134,55.978423943432,25.));
#3946 = CARTESIAN_POINT('',(-17.90855082281,56.310186095849,25.));
#3947 = CARTESIAN_POINT('',(-18.11849252018,56.876180856155,25.));
#3948 = CARTESIAN_POINT('',(-18.1999515677,57.108692082676,25.));
#3949 = CARTESIAN_POINT('',(-18.27715110349,57.342677494472,25.));
#3950 = CARTESIAN_POINT('',(-18.3500417687,57.578049195473,25.));
#3951 = CARTESIAN_POINT('',(-18.41857763943,57.814716744493,25.));
#3952 = CARTESIAN_POINT('',(-18.48271622678,58.052587155229,25.));
#3953 = CARTESIAN_POINT('',(-18.67212152782,58.810742461947,25.));
#3954 = CARTESIAN_POINT('',(-18.78088962713,59.335159617121,25.));
#3955 = CARTESIAN_POINT('',(-18.86832092487,59.863818593738,25.));
#3956 = CARTESIAN_POINT('',(-18.93410656858,60.395695689363,25.));
#3957 = CARTESIAN_POINT('',(-18.97803565505,60.929740807641,25.));
#3958 = CARTESIAN_POINT('',(-19.00000018201,61.464876998774,25.));
#3959 = CARTESIAN_POINT('',(-19.00000005891,62.781417518203,25.));
#3960 = CARTESIAN_POINT('',(-18.95316494132,63.562919260549,25.));
#3961 = CARTESIAN_POINT('',(-18.85947785469,64.340987374408,25.));
#3962 = CARTESIAN_POINT('',(-18.71945552276,65.11228884163,25.));
#3963 = CARTESIAN_POINT('',(-18.53404797714,65.873659775177,25.));
#3964 = CARTESIAN_POINT('',(-18.30459321955,66.622098987998,25.));
#3965 = CARTESIAN_POINT('',(-17.90855082281,67.689813904147,25.));
#3966 = CARTESIAN_POINT('',(-17.77542079134,68.021576056564,25.));
#3967 = CARTESIAN_POINT('',(-17.63359733156,68.349795835595,25.));
#3968 = CARTESIAN_POINT('',(-17.48325356013,68.674226265945,25.));
#3969 = CARTESIAN_POINT('',(-17.32457355512,68.99463417444,25.));
#3970 = CARTESIAN_POINT('',(-17.15775087187,69.310799511654,25.));
#3971 = CARTESIAN_POINT('',(-16.67313145779,70.175185116939,25.));
#3972 = CARTESIAN_POINT('',(-16.33830724731,70.713874010188,25.));
#3973 = CARTESIAN_POINT('',(-15.97964237028,71.237421232259,25.));
#3974 = CARTESIAN_POINT('',(-15.59832448334,71.744818065711,25.));
#3975 = CARTESIAN_POINT('',(-15.19557958539,72.235191374496,25.));
#3976 = CARTESIAN_POINT('',(-14.77265064602,72.707787781786,25.));
#3977 = CARTESIAN_POINT('',(-13.84211838789,73.664213778,25.));
#3978 = CARTESIAN_POINT('',(-13.33028957021,74.143937044047,25.));
#3979 = CARTESIAN_POINT('',(-12.79695967836,74.600262120769,25.));
#3980 = CARTESIAN_POINT('',(-12.24378742756,75.032481380916,25.));
#3981 = CARTESIAN_POINT('',(-11.67240299848,75.440023043408,25.));
#3982 = CARTESIAN_POINT('',(-11.084390685,75.822429121579,25.));
#3983 = CARTESIAN_POINT('',(-10.07978852494,76.416916709247,25.));
#3984 = CARTESIAN_POINT('',(-9.671614011965,76.64319815936,25.));
#3985 = CARTESIAN_POINT('',(-9.257197996754,76.858069742481,25.));
#3986 = CARTESIAN_POINT('',(-8.836982179283,77.06143974569,25.));
#3987 = CARTESIAN_POINT('',(-8.411399080778,77.253230888836,25.));
#3988 = CARTESIAN_POINT('',(-7.980871158755,77.433378490944,25.));
#3989 = CARTESIAN_POINT('',(-6.517634295153,77.999925120702,25.));
#3990 = CARTESIAN_POINT('',(-5.464219242309,78.332658612993,25.));
#3991 = CARTESIAN_POINT('',(-4.390896795307,78.599377379046,25.));
#3992 = CARTESIAN_POINT('',(-3.302852712789,78.799639732662,25.));
#3993 = CARTESIAN_POINT('',(-2.205126275132,78.933207887064,25.));
#3994 = CARTESIAN_POINT('',(-1.1026029602,78.999999941036,25.));
#3995 = CARTESIAN_POINT('',(0.782363628914,78.999999817176,25.));
#3996 = CARTESIAN_POINT('',(1.564713040388,78.966372061902,25.));
#3997 = CARTESIAN_POINT('',(2.345337360673,78.899116814844,25.));
#3998 = CARTESIAN_POINT('',(3.122496770018,78.79826051327,25.));
#3999 = CARTESIAN_POINT('',(3.894423114198,78.663861922964,25.));
#4000 = CARTESIAN_POINT('',(4.659320516034,78.496018110128,25.));
#4001 = CARTESIAN_POINT('',(5.724812031765,78.212541432191,25.));
#4002 = CARTESIAN_POINT('',(6.032772721005,78.124633959023,25.));
#4003 = CARTESIAN_POINT('',(6.339121636504,78.031157831643,25.));
#4004 = CARTESIAN_POINT('',(6.64373060937,77.932124747891,25.));
#4005 = CARTESIAN_POINT('',(6.946469719966,77.827548265595,25.));
#4006 = CARTESIAN_POINT('',(7.247207297907,77.717443802572,25.));
#4007 = CARTESIAN_POINT('',(7.98087115875,77.433378490946,25.));
#4008 = CARTESIAN_POINT('',(8.411399080774,77.253230888838,25.));
#4009 = CARTESIAN_POINT('',(8.836982179279,77.061439745692,25.));
#4010 = CARTESIAN_POINT('',(9.257197996749,76.858069742483,25.));
#4011 = CARTESIAN_POINT('',(9.67161401196,76.643198159362,25.));
#4012 = CARTESIAN_POINT('',(10.079788524943,76.416916709249,25.));
#4013 = CARTESIAN_POINT('',(11.084390685006,75.822429121581,25.));
#4014 = CARTESIAN_POINT('',(11.67240299848,75.440023043411,25.));
#4015 = CARTESIAN_POINT('',(12.24378742756,75.032481380919,25.));
#4016 = CARTESIAN_POINT('',(12.796959678363,74.600262120771,25.));
#4017 = CARTESIAN_POINT('',(13.330289570207,74.14393704405,25.));
#4018 = CARTESIAN_POINT('',(13.842118387893,73.664213778004,25.));
#4019 = CARTESIAN_POINT('',(14.772650646026,72.707787781789,25.));
#4020 = CARTESIAN_POINT('',(15.195579585394,72.235191374499,25.));
#4021 = CARTESIAN_POINT('',(15.598324483343,71.744818065714,25.));
#4022 = CARTESIAN_POINT('',(15.979642370281,71.237421232263,25.));
#4023 = CARTESIAN_POINT('',(16.338307247314,70.713874010191,25.));
#4024 = CARTESIAN_POINT('',(16.673131457795,70.175185116942,25.));
#4025 = CARTESIAN_POINT('',(17.539863774334,68.629249051064,25.));
#4026 = CARTESIAN_POINT('',(18.01631729841,67.590428866065,25.));
#4027 = CARTESIAN_POINT('',(18.405394718967,66.513287917674,25.));
#4028 = CARTESIAN_POINT('',(18.701524270961,65.4060141034,25.));
#4029 = CARTESIAN_POINT('',(18.900559278021,64.277745445654,25.));
#4030 = CARTESIAN_POINT('',(19.000000133311,63.138620976095,25.));
#4031 = CARTESIAN_POINT('',(19.,62.,25.));
#4032 = PCURVE('',#1768,#4033);
#4033 = DEFINITIONAL_REPRESENTATION('',(#4034),#4187);
#4034 = B_SPLINE_CURVE_WITH_KNOTS('',7,(#4035,#4036,#4037,#4038,#4039,
    #4040,#4041,#4042,#4043,#4044,#4045,#4046,#4047,#4048,#4049,#4050,
    #4051,#4052,#4053,#4054,#4055,#4056,#4057,#4058,#4059,#4060,#4061,
    #4062,#4063,#4064,#4065,#4066,#4067,#4068,#4069,#4070,#4071,#4072,
    #4073,#4074,#4075,#4076,#4077,#4078,#4079,#4080,#4081,#4082,#4083,
    #4084,#4085,#4086,#4087,#4088,#4089,#4090,#4091,#4092,#4093,#4094,
    #4095,#4096,#4097,#4098,#4099,#4100,#4101,#4102,#4103,#4104,#4105,
    #4106,#4107,#4108,#4109,#4110,#4111,#4112,#4113,#4114,#4115,#4116,
    #4117,#4118,#4119,#4120,#4121,#4122,#4123,#4124,#4125,#4126,#4127,
    #4128,#4129,#4130,#4131,#4132,#4133,#4134,#4135,#4136,#4137,#4138,
    #4139,#4140,#4141,#4142,#4143,#4144,#4145,#4146,#4147,#4148,#4149,
    #4150,#4151,#4152,#4153,#4154,#4155,#4156,#4157,#4158,#4159,#4160,
    #4161,#4162,#4163,#4164,#4165,#4166,#4167,#4168,#4169,#4170,#4171,
    #4172,#4173,#4174,#4175,#4176,#4177,#4178,#4179,#4180,#4181,#4182,
    #4183,#4184,#4185,#4186),.UNSPECIFIED.,.F.,.F.,(8,6,6,6,6,6,6,6,6,6,
    6,6,6,6,6,6,6,6,6,6,6,6,6,6,6,8),(0.,7.043369104029E-02,
    0.109624242041,0.1529641563,0.181814591167,0.249996511953,
    0.298375721734,0.318177115675,0.347027562595,0.390367494959,
    0.429558062332,0.451662178973,0.466898977587,0.500000815999,
    0.548338035635,0.570442131551,0.609632662179,0.652972553907,
    0.681822973776,0.750004859117,0.798384043748,0.818185427396,
    0.847035859317,0.890375769151,0.92956631615,1.),.UNSPECIFIED.);
#4035 = CARTESIAN_POINT('',(6.28318530718,-1.));
#4036 = CARTESIAN_POINT('',(6.216207598998,-1.));
#4037 = CARTESIAN_POINT('',(6.149200303126,-1.));
#4038 = CARTESIAN_POINT('',(6.082340705996,-1.));
#4039 = CARTESIAN_POINT('',(6.015733003099,-1.));
#4040 = CARTESIAN_POINT('',(5.949460157401,-1.));
#4041 = CARTESIAN_POINT('',(5.883596208433,-1.));
#4042 = CARTESIAN_POINT('',(5.781858454711,-1.));
#4043 = CARTESIAN_POINT('',(5.745633271078,-1.));
#4044 = CARTESIAN_POINT('',(5.709562915042,-1.));
#4045 = CARTESIAN_POINT('',(5.673652869231,-1.));
#4046 = CARTESIAN_POINT('',(5.637905874825,-1.));
#4047 = CARTESIAN_POINT('',(5.602322578964,-1.));
#4048 = CARTESIAN_POINT('',(5.5277315933,-1.));
#4049 = CARTESIAN_POINT('',(5.488760067044,-1.));
#4050 = CARTESIAN_POINT('',(5.449985380672,-1.));
#4051 = CARTESIAN_POINT('',(5.411402742805,-1.));
#4052 = CARTESIAN_POINT('',(5.37300500947,-1.));
#4053 = CARTESIAN_POINT('',(5.334782900171,-1.));
#4054 = CARTESIAN_POINT('',(5.271391042987,-1.));
#4055 = CARTESIAN_POINT('',(5.246129869174,-1.));
#4056 = CARTESIAN_POINT('',(5.22093838553,-1.));
#4057 = CARTESIAN_POINT('',(5.195813095643,-1.));
#4058 = CARTESIAN_POINT('',(5.170750287119,-1.));
#4059 = CARTESIAN_POINT('',(5.145746005028,-1.));
#4060 = CARTESIAN_POINT('',(5.061832008144,-1.));
#4061 = CARTESIAN_POINT('',(5.003175790465,-1.));
#4062 = CARTESIAN_POINT('',(4.944765494982,-1.));
#4063 = CARTESIAN_POINT('',(4.886542481811,-1.));
#4064 = CARTESIAN_POINT('',(4.828448289374,-1.));
#4065 = CARTESIAN_POINT('',(4.770420707158,-1.));
#4066 = CARTESIAN_POINT('',(4.671211949126,-1.));
#4067 = CARTESIAN_POINT('',(4.630035656926,-1.));
#4068 = CARTESIAN_POINT('',(4.588836143565,-1.));
#4069 = CARTESIAN_POINT('',(4.547590917436,-1.));
#4070 = CARTESIAN_POINT('',(4.50627821177,-1.));
#4071 = CARTESIAN_POINT('',(4.464876240854,-1.));
#4072 = CARTESIAN_POINT('',(4.4063710501,-1.));
#4073 = CARTESIAN_POINT('',(4.389361044428,-1.));
#4074 = CARTESIAN_POINT('',(4.37233097889,-1.));
#4075 = CARTESIAN_POINT('',(4.355279422401,-1.));
#4076 = CARTESIAN_POINT('',(4.338204973147,-1.));
#4077 = CARTESIAN_POINT('',(4.32110625858,-1.));
#4078 = CARTESIAN_POINT('',(4.279031955741,-1.));
#4079 = CARTESIAN_POINT('',(4.25402767365,-1.));
#4080 = CARTESIAN_POINT('',(4.228964865126,-1.));
#4081 = CARTESIAN_POINT('',(4.203839575239,-1.));
#4082 = CARTESIAN_POINT('',(4.178648091595,-1.));
#4083 = CARTESIAN_POINT('',(4.153386917782,-1.));
#4084 = CARTESIAN_POINT('',(4.089995060598,-1.));
#4085 = CARTESIAN_POINT('',(4.051772951299,-1.));
#4086 = CARTESIAN_POINT('',(4.013375217964,-1.));
#4087 = CARTESIAN_POINT('',(3.974792580097,-1.));
#4088 = CARTESIAN_POINT('',(3.936017893725,-1.));
#4089 = CARTESIAN_POINT('',(3.897046367469,-1.));
#4090 = CARTESIAN_POINT('',(3.822455381805,-1.));
#4091 = CARTESIAN_POINT('',(3.786872085944,-1.));
#4092 = CARTESIAN_POINT('',(3.751125091538,-1.));
#4093 = CARTESIAN_POINT('',(3.715215045727,-1.));
#4094 = CARTESIAN_POINT('',(3.679144689691,-1.));
#4095 = CARTESIAN_POINT('',(3.642919506059,-1.));
#4096 = CARTESIAN_POINT('',(3.586034452667,-1.));
#4097 = CARTESIAN_POINT('',(3.565473954938,-1.));
#4098 = CARTESIAN_POINT('',(3.544868451146,-1.));
#4099 = CARTESIAN_POINT('',(3.524219685413,-1.));
#4100 = CARTESIAN_POINT('',(3.503529632486,-1.));
#4101 = CARTESIAN_POINT('',(3.482800562252,-1.));
#4102 = CARTESIAN_POINT('',(3.44772106915,-1.));
#4103 = CARTESIAN_POINT('',(3.433389715384,-1.));
#4104 = CARTESIAN_POINT('',(3.419041877562,-1.));
#4105 = CARTESIAN_POINT('',(3.404678440619,-1.));
#4106 = CARTESIAN_POINT('',(3.390300339817,-1.));
#4107 = CARTESIAN_POINT('',(3.37590856075,-1.));
#4108 = CARTESIAN_POINT('',(3.330210634584,-1.));
#4109 = CARTESIAN_POINT('',(3.298856687547,-1.));
#4110 = CARTESIAN_POINT('',(3.267454167638,-1.));
#4111 = CARTESIAN_POINT('',(3.236014443915,-1.));
#4112 = CARTESIAN_POINT('',(3.204549071675,-1.));
#4113 = CARTESIAN_POINT('',(3.173070479048,-1.));
#4114 = CARTESIAN_POINT('',(3.09562691163,-1.));
#4115 = CARTESIAN_POINT('',(3.049656248569,-1.));
#4116 = CARTESIAN_POINT('',(3.003728845701,-1.));
#4117 = CARTESIAN_POINT('',(2.957882222685,-1.));
#4118 = CARTESIAN_POINT('',(2.912148767385,-1.));
#4119 = CARTESIAN_POINT('',(2.866560090205,-1.));
#4120 = CARTESIAN_POINT('',(2.800384744928,-1.));
#4121 = CARTESIAN_POINT('',(2.779655674694,-1.));
#4122 = CARTESIAN_POINT('',(2.758965621767,-1.));
#4123 = CARTESIAN_POINT('',(2.738316856034,-1.));
#4124 = CARTESIAN_POINT('',(2.717711352241,-1.));
#4125 = CARTESIAN_POINT('',(2.697150854513,-1.));
#4126 = CARTESIAN_POINT('',(2.640265801121,-1.));
#4127 = CARTESIAN_POINT('',(2.604040617489,-1.));
#4128 = CARTESIAN_POINT('',(2.567970261452,-1.));
#4129 = CARTESIAN_POINT('',(2.532060215642,-1.));
#4130 = CARTESIAN_POINT('',(2.496313221236,-1.));
#4131 = CARTESIAN_POINT('',(2.460729925375,-1.));
#4132 = CARTESIAN_POINT('',(2.386138939711,-1.));
#4133 = CARTESIAN_POINT('',(2.347167413454,-1.));
#4134 = CARTESIAN_POINT('',(2.308392727083,-1.));
#4135 = CARTESIAN_POINT('',(2.269810089215,-1.));
#4136 = CARTESIAN_POINT('',(2.231412355881,-1.));
#4137 = CARTESIAN_POINT('',(2.193190246581,-1.));
#4138 = CARTESIAN_POINT('',(2.129798389398,-1.));
#4139 = CARTESIAN_POINT('',(2.104537215584,-1.));
#4140 = CARTESIAN_POINT('',(2.07934573194,-1.));
#4141 = CARTESIAN_POINT('',(2.054220442054,-1.));
#4142 = CARTESIAN_POINT('',(2.02915763353,-1.));
#4143 = CARTESIAN_POINT('',(2.004153351439,-1.));
#4144 = CARTESIAN_POINT('',(1.920239354554,-1.));
#4145 = CARTESIAN_POINT('',(1.861583136875,-1.));
#4146 = CARTESIAN_POINT('',(1.803172841393,-1.));
#4147 = CARTESIAN_POINT('',(1.744949828222,-1.));
#4148 = CARTESIAN_POINT('',(1.686855635784,-1.));
#4149 = CARTESIAN_POINT('',(1.628828053568,-1.));
#4150 = CARTESIAN_POINT('',(1.529619295536,-1.));
#4151 = CARTESIAN_POINT('',(1.488443003336,-1.));
#4152 = CARTESIAN_POINT('',(1.447243489975,-1.));
#4153 = CARTESIAN_POINT('',(1.405998263846,-1.));
#4154 = CARTESIAN_POINT('',(1.36468555818,-1.));
#4155 = CARTESIAN_POINT('',(1.323283587264,-1.));
#4156 = CARTESIAN_POINT('',(1.26477839651,-1.));
#4157 = CARTESIAN_POINT('',(1.247768390839,-1.));
#4158 = CARTESIAN_POINT('',(1.2307383253,-1.));
#4159 = CARTESIAN_POINT('',(1.213686768811,-1.));
#4160 = CARTESIAN_POINT('',(1.196612319557,-1.));
#4161 = CARTESIAN_POINT('',(1.17951360499,-1.));
#4162 = CARTESIAN_POINT('',(1.137439302152,-1.));
#4163 = CARTESIAN_POINT('',(1.11243502006,-1.));
#4164 = CARTESIAN_POINT('',(1.087372211536,-1.));
#4165 = CARTESIAN_POINT('',(1.06224692165,-1.));
#4166 = CARTESIAN_POINT('',(1.037055438006,-1.));
#4167 = CARTESIAN_POINT('',(1.011794264192,-1.));
#4168 = CARTESIAN_POINT('',(0.948402407008,-1.));
#4169 = CARTESIAN_POINT('',(0.910180297709,-1.));
#4170 = CARTESIAN_POINT('',(0.871782564375,-1.));
#4171 = CARTESIAN_POINT('',(0.833199926507,-1.));
#4172 = CARTESIAN_POINT('',(0.794425240136,-1.));
#4173 = CARTESIAN_POINT('',(0.755453713879,-1.));
#4174 = CARTESIAN_POINT('',(0.680862728215,-1.));
#4175 = CARTESIAN_POINT('',(0.645279432354,-1.));
#4176 = CARTESIAN_POINT('',(0.609532437948,-1.));
#4177 = CARTESIAN_POINT('',(0.573622392138,-1.));
#4178 = CARTESIAN_POINT('',(0.537552036101,-1.));
#4179 = CARTESIAN_POINT('',(0.501326852469,-1.));
#4180 = CARTESIAN_POINT('',(0.399589098747,-1.));
#4181 = CARTESIAN_POINT('',(0.333725149779,-1.));
#4182 = CARTESIAN_POINT('',(0.26745230408,-1.));
#4183 = CARTESIAN_POINT('',(0.200844601185,-1.));
#4184 = CARTESIAN_POINT('',(0.133985004053,-1.));
#4185 = CARTESIAN_POINT('',(6.697770818178E-02,-1.));
#4186 = CARTESIAN_POINT('',(0.,-1.));
#4187 = ( GEOMETRIC_REPRESENTATION_CONTEXT(2) 
PARAMETRIC_REPRESENTATION_CONTEXT() REPRESENTATION_CONTEXT('2D SPACE',''
  ) );
#4188 = PCURVE('',#1734,#4189);
#4189 = DEFINITIONAL_REPRESENTATION('',(#4190),#4343);
#4190 = B_SPLINE_CURVE_WITH_KNOTS('',7,(#4191,#4192,#4193,#4194,#4195,
    #4196,#4197,#4198,#4199,#4200,#4201,#4202,#4203,#4204,#4205,#4206,
    #4207,#4208,#4209,#4210,#4211,#4212,#4213,#4214,#4215,#4216,#4217,
    #4218,#4219,#4220,#4221,#4222,#4223,#4224,#4225,#4226,#4227,#4228,
    #4229,#4230,#4231,#4232,#4233,#4234,#4235,#4236,#4237,#4238,#4239,
    #4240,#4241,#4242,#4243,#4244,#4245,#4246,#4247,#4248,#4249,#4250,
    #4251,#4252,#4253,#4254,#4255,#4256,#4257,#4258,#4259,#4260,#4261,
    #4262,#4263,#4264,#4265,#4266,#4267,#4268,#4269,#4270,#4271,#4272,
    #4273,#4274,#4275,#4276,#4277,#4278,#4279,#4280,#4281,#4282,#4283,
    #4284,#4285,#4286,#4287,#4288,#4289,#4290,#4291,#4292,#4293,#4294,
    #4295,#4296,#4297,#4298,#4299,#4300,#4301,#4302,#4303,#4304,#4305,
    #4306,#4307,#4308,#4309,#4310,#4311,#4312,#4313,#4314,#4315,#4316,
    #4317,#4318,#4319,#4320,#4321,#4322,#4323,#4324,#4325,#4326,#4327,
    #4328,#4329,#4330,#4331,#4332,#4333,#4334,#4335,#4336,#4337,#4338,
    #4339,#4340,#4341,#4342),.UNSPECIFIED.,.F.,.F.,(8,6,6,6,6,6,6,6,6,6,
    6,6,6,6,6,6,6,6,6,6,6,6,6,6,6,8),(0.,7.043369104029E-02,
    0.109624242041,0.1529641563,0.181814591167,0.249996511953,
    0.298375721734,0.318177115675,0.347027562595,0.390367494959,
    0.429558062332,0.451662178973,0.466898977587,0.500000815999,
    0.548338035635,0.570442131551,0.609632662179,0.652972553907,
    0.681822973776,0.750004859117,0.798384043748,0.818185427396,
    0.847035859317,0.890375769151,0.92956631615,1.),.UNSPECIFIED.);
#4191 = CARTESIAN_POINT('',(18.735866749267,0.));
#4192 = CARTESIAN_POINT('',(18.735866882579,-1.138620976095));
#4193 = CARTESIAN_POINT('',(18.636426027287,-2.277745445654));
#4194 = CARTESIAN_POINT('',(18.437391020233,-3.4060141034));
#4195 = CARTESIAN_POINT('',(18.141261468228,-4.513287917671));
#4196 = CARTESIAN_POINT('',(17.752184047683,-5.590428866066));
#4197 = CARTESIAN_POINT('',(17.275730523601,-6.629249051061));
#4198 = CARTESIAN_POINT('',(16.408998207064,-8.17518511694));
#4199 = CARTESIAN_POINT('',(16.074173996583,-8.713874010189));
#4200 = CARTESIAN_POINT('',(15.71550911955,-9.237421232261));
#4201 = CARTESIAN_POINT('',(15.334191232612,-9.744818065712));
#4202 = CARTESIAN_POINT('',(14.931446334663,-10.23519137449));
#4203 = CARTESIAN_POINT('',(14.508517395295,-10.70778778178));
#4204 = CARTESIAN_POINT('',(13.577985137163,-11.664213778));
#4205 = CARTESIAN_POINT('',(13.066156319476,-12.14393704404));
#4206 = CARTESIAN_POINT('',(12.532826427632,-12.60026212077));
#4207 = CARTESIAN_POINT('',(11.97965417683,-13.03248138091));
#4208 = CARTESIAN_POINT('',(11.408269747751,-13.4400230434));
#4209 = CARTESIAN_POINT('',(10.820257434276,-13.82242912158));
#4210 = CARTESIAN_POINT('',(9.815655274213,-14.41691670924));
#4211 = CARTESIAN_POINT('',(9.407480761231,-14.64319815936));
#4212 = CARTESIAN_POINT('',(8.99306474602,-14.85806974248));
#4213 = CARTESIAN_POINT('',(8.572848928549,-15.06143974569));
#4214 = CARTESIAN_POINT('',(8.147265830044,-15.25323088883));
#4215 = CARTESIAN_POINT('',(7.716737908022,-15.43337849094));
#4216 = CARTESIAN_POINT('',(6.253501044421,-15.9999251207));
#4217 = CARTESIAN_POINT('',(5.200085991573,-16.33265861299));
#4218 = CARTESIAN_POINT('',(4.126763544575,-16.59937737904));
#4219 = CARTESIAN_POINT('',(3.038719462058,-16.79963973266));
#4220 = CARTESIAN_POINT('',(1.940993024397,-16.93320788706));
#4221 = CARTESIAN_POINT('',(0.838469709468,-16.99999994103));
#4222 = CARTESIAN_POINT('',(-1.046496879647,-16.99999981717));
#4223 = CARTESIAN_POINT('',(-1.82884629112,-16.9663720619));
#4224 = CARTESIAN_POINT('',(-2.609470611406,-16.89911681484));
#4225 = CARTESIAN_POINT('',(-3.386630020751,-16.79826051327));
#4226 = CARTESIAN_POINT('',(-4.158556364931,-16.66386192296));
#4227 = CARTESIAN_POINT('',(-4.923453766767,-16.49601811012));
#4228 = CARTESIAN_POINT('',(-5.988945282498,-16.21254143219));
#4229 = CARTESIAN_POINT('',(-6.296905971738,-16.12463395902));
#4230 = CARTESIAN_POINT('',(-6.603254887237,-16.03115783164));
#4231 = CARTESIAN_POINT('',(-6.907863860103,-15.93212474789));
#4232 = CARTESIAN_POINT('',(-7.210602970699,-15.82754826559));
#4233 = CARTESIAN_POINT('',(-7.511340548639,-15.71744380257));
#4234 = CARTESIAN_POINT('',(-8.245004409483,-15.43337849094));
#4235 = CARTESIAN_POINT('',(-8.675532331506,-15.25323088883));
#4236 = CARTESIAN_POINT('',(-9.101115430011,-15.06143974569));
#4237 = CARTESIAN_POINT('',(-9.521331247482,-14.85806974248));
#4238 = CARTESIAN_POINT('',(-9.935747262693,-14.64319815936));
#4239 = CARTESIAN_POINT('',(-10.34392177567,-14.41691670924));
#4240 = CARTESIAN_POINT('',(-11.34852393573,-13.82242912158));
#4241 = CARTESIAN_POINT('',(-11.93653624921,-13.44002304341));
#4242 = CARTESIAN_POINT('',(-12.50792067829,-13.03248138091));
#4243 = CARTESIAN_POINT('',(-13.06109292909,-12.60026212077));
#4244 = CARTESIAN_POINT('',(-13.59442282093,-12.14393704405));
#4245 = CARTESIAN_POINT('',(-14.10625163862,-11.664213778));
#4246 = CARTESIAN_POINT('',(-15.03678389675,-10.70778778178));
#4247 = CARTESIAN_POINT('',(-15.45971283612,-10.23519137449));
#4248 = CARTESIAN_POINT('',(-15.86245773407,-9.744818065715));
#4249 = CARTESIAN_POINT('',(-16.24377562101,-9.237421232263));
#4250 = CARTESIAN_POINT('',(-16.60244049804,-8.713874010191));
#4251 = CARTESIAN_POINT('',(-16.93726470852,-8.175185116943));
#4252 = CARTESIAN_POINT('',(-17.4218841226,-7.310799511658));
#4253 = CARTESIAN_POINT('',(-17.58870680585,-6.994634174444));
#4254 = CARTESIAN_POINT('',(-17.74738681086,-6.674226265949));
#4255 = CARTESIAN_POINT('',(-17.89773058229,-6.349795835599));
#4256 = CARTESIAN_POINT('',(-18.03955404207,-6.021576056568));
#4257 = CARTESIAN_POINT('',(-18.17268407354,-5.689813904151));
#4258 = CARTESIAN_POINT('',(-18.38262577092,-5.123819143845));
#4259 = CARTESIAN_POINT('',(-18.46408481843,-4.891307917324));
#4260 = CARTESIAN_POINT('',(-18.54128435423,-4.657322505528));
#4261 = CARTESIAN_POINT('',(-18.61417501943,-4.421950804527));
#4262 = CARTESIAN_POINT('',(-18.68271089016,-4.185283255507));
#4263 = CARTESIAN_POINT('',(-18.74684947751,-3.947412844771));
#4264 = CARTESIAN_POINT('',(-18.93625477855,-3.189257538053));
#4265 = CARTESIAN_POINT('',(-19.04502287786,-2.664840382879));
#4266 = CARTESIAN_POINT('',(-19.1324541756,-2.136181406262));
#4267 = CARTESIAN_POINT('',(-19.19823981932,-1.604304310637));
#4268 = CARTESIAN_POINT('',(-19.24216890578,-1.070259192359));
#4269 = CARTESIAN_POINT('',(-19.26413343274,-0.535123001226));
#4270 = CARTESIAN_POINT('',(-19.26413330964,0.781417518203));
#4271 = CARTESIAN_POINT('',(-19.21729819205,1.562919260549));
#4272 = CARTESIAN_POINT('',(-19.12361110542,2.340987374408));
#4273 = CARTESIAN_POINT('',(-18.98358877349,3.11228884163));
#4274 = CARTESIAN_POINT('',(-18.79818122787,3.873659775177));
#4275 = CARTESIAN_POINT('',(-18.56872647028,4.622098987998));
#4276 = CARTESIAN_POINT('',(-18.17268407354,5.689813904147));
#4277 = CARTESIAN_POINT('',(-18.03955404207,6.021576056564));
#4278 = CARTESIAN_POINT('',(-17.89773058229,6.349795835595));
#4279 = CARTESIAN_POINT('',(-17.74738681086,6.674226265945));
#4280 = CARTESIAN_POINT('',(-17.58870680585,6.99463417444));
#4281 = CARTESIAN_POINT('',(-17.4218841226,7.310799511654));
#4282 = CARTESIAN_POINT('',(-16.93726470853,8.175185116939));
#4283 = CARTESIAN_POINT('',(-16.60244049804,8.713874010188));
#4284 = CARTESIAN_POINT('',(-16.24377562101,9.237421232259));
#4285 = CARTESIAN_POINT('',(-15.86245773407,9.744818065711));
#4286 = CARTESIAN_POINT('',(-15.45971283612,10.235191374496));
#4287 = CARTESIAN_POINT('',(-15.03678389676,10.707787781786));
#4288 = CARTESIAN_POINT('',(-14.10625163862,11.664213778));
#4289 = CARTESIAN_POINT('',(-13.59442282094,12.143937044047));
#4290 = CARTESIAN_POINT('',(-13.06109292909,12.600262120769));
#4291 = CARTESIAN_POINT('',(-12.50792067829,13.032481380916));
#4292 = CARTESIAN_POINT('',(-11.93653624921,13.440023043408));
#4293 = CARTESIAN_POINT('',(-11.34852393574,13.822429121579));
#4294 = CARTESIAN_POINT('',(-10.34392177567,14.416916709247));
#4295 = CARTESIAN_POINT('',(-9.935747262697,14.64319815936));
#4296 = CARTESIAN_POINT('',(-9.521331247486,14.858069742481));
#4297 = CARTESIAN_POINT('',(-9.101115430016,15.06143974569));
#4298 = CARTESIAN_POINT('',(-8.67553233151,15.253230888836));
#4299 = CARTESIAN_POINT('',(-8.245004409487,15.433378490944));
#4300 = CARTESIAN_POINT('',(-6.781767545885,15.999925120702));
#4301 = CARTESIAN_POINT('',(-5.728352493041,16.332658612993));
#4302 = CARTESIAN_POINT('',(-4.655030046039,16.599377379046));
#4303 = CARTESIAN_POINT('',(-3.566985963522,16.799639732662));
#4304 = CARTESIAN_POINT('',(-2.469259525864,16.933207887064));
#4305 = CARTESIAN_POINT('',(-1.366736210933,16.999999941036));
#4306 = CARTESIAN_POINT('',(0.518230378181,16.999999817176));
#4307 = CARTESIAN_POINT('',(1.300579789655,16.966372061902));
#4308 = CARTESIAN_POINT('',(2.08120410994,16.899116814844));
#4309 = CARTESIAN_POINT('',(2.858363519286,16.79826051327));
#4310 = CARTESIAN_POINT('',(3.630289863465,16.663861922964));
#4311 = CARTESIAN_POINT('',(4.395187265302,16.496018110128));
#4312 = CARTESIAN_POINT('',(5.460678781033,16.212541432191));
#4313 = CARTESIAN_POINT('',(5.768639470273,16.124633959023));
#4314 = CARTESIAN_POINT('',(6.074988385771,16.031157831643));
#4315 = CARTESIAN_POINT('',(6.379597358638,15.932124747891));
#4316 = CARTESIAN_POINT('',(6.682336469234,15.827548265595));
#4317 = CARTESIAN_POINT('',(6.983074047174,15.717443802572));
#4318 = CARTESIAN_POINT('',(7.716737908018,15.433378490946));
#4319 = CARTESIAN_POINT('',(8.147265830042,15.253230888838));
#4320 = CARTESIAN_POINT('',(8.572848928547,15.061439745692));
#4321 = CARTESIAN_POINT('',(8.993064746017,14.858069742483));
#4322 = CARTESIAN_POINT('',(9.407480761228,14.643198159362));
#4323 = CARTESIAN_POINT('',(9.81565527421,14.416916709249));
#4324 = CARTESIAN_POINT('',(10.820257434273,13.822429121581));
#4325 = CARTESIAN_POINT('',(11.408269747748,13.440023043411));
#4326 = CARTESIAN_POINT('',(11.979654176827,13.032481380919));
#4327 = CARTESIAN_POINT('',(12.53282642763,12.600262120771));
#4328 = CARTESIAN_POINT('',(13.066156319474,12.14393704405));
#4329 = CARTESIAN_POINT('',(13.57798513716,11.664213778004));
#4330 = CARTESIAN_POINT('',(14.508517395293,10.707787781789));
#4331 = CARTESIAN_POINT('',(14.931446334661,10.235191374499));
#4332 = CARTESIAN_POINT('',(15.334191232611,9.744818065714));
#4333 = CARTESIAN_POINT('',(15.715509119549,9.237421232263));
#4334 = CARTESIAN_POINT('',(16.074173996581,8.713874010191));
#4335 = CARTESIAN_POINT('',(16.408998207063,8.175185116942));
#4336 = CARTESIAN_POINT('',(17.275730523602,6.629249051064));
#4337 = CARTESIAN_POINT('',(17.752184047677,5.590428866065));
#4338 = CARTESIAN_POINT('',(18.141261468235,4.513287917674));
#4339 = CARTESIAN_POINT('',(18.437391020228,3.4060141034));
#4340 = CARTESIAN_POINT('',(18.636426027288,2.277745445654));
#4341 = CARTESIAN_POINT('',(18.735866882579,1.138620976095));
#4342 = CARTESIAN_POINT('',(18.735866749267,7.105427357601E-15));
#4343 = ( GEOMETRIC_REPRESENTATION_CONTEXT(2) 
PARAMETRIC_REPRESENTATION_CONTEXT() REPRESENTATION_CONTEXT('2D SPACE',''
  ) );
#4344 = ORIENTED_EDGE('',*,*,#4345,.F.);
#4345 = EDGE_CURVE('',#2510,#3876,#4346,.T.);
#4346 = SURFACE_CURVE('',#4347,(#4353,#4362),.PCURVE_S1.);
#4347 = B_SPLINE_CURVE_WITH_KNOTS('',4,(#4348,#4349,#4350,#4351,#4352),
  .UNSPECIFIED.,.F.,.F.,(5,5),(0.,1.),.PIECEWISE_BEZIER_KNOTS.);
#4348 = CARTESIAN_POINT('',(-19.,62.,73.0000006));
#4349 = CARTESIAN_POINT('',(-19.,62.,61.0000003));
#4350 = CARTESIAN_POINT('',(-19.,62.,49.));
#4351 = CARTESIAN_POINT('',(-19.,62.,36.9999997));
#4352 = CARTESIAN_POINT('',(-19.,62.,24.9999994));
#4353 = PCURVE('',#1768,#4354);
#4354 = DEFINITIONAL_REPRESENTATION('',(#4355),#4361);
#4355 = B_SPLINE_CURVE_WITH_KNOTS('',4,(#4356,#4357,#4358,#4359,#4360),
  .UNSPECIFIED.,.F.,.F.,(5,5),(0.,1.),.PIECEWISE_BEZIER_KNOTS.);
#4356 = CARTESIAN_POINT('',(3.14159265359,-49.0000006));
#4357 = CARTESIAN_POINT('',(3.14159265359,-37.0000003));
#4358 = CARTESIAN_POINT('',(3.14159265359,-25.));
#4359 = CARTESIAN_POINT('',(3.14159265359,-12.9999997));
#4360 = CARTESIAN_POINT('',(3.14159265359,-0.9999994));
#4361 = ( GEOMETRIC_REPRESENTATION_CONTEXT(2) 
PARAMETRIC_REPRESENTATION_CONTEXT() REPRESENTATION_CONTEXT('2D SPACE',''
  ) );
#4362 = PCURVE('',#2995,#4363);
#4363 = DEFINITIONAL_REPRESENTATION('',(#4364),#4370);
#4364 = B_SPLINE_CURVE_WITH_KNOTS('',4,(#4365,#4366,#4367,#4368,#4369),
  .UNSPECIFIED.,.F.,.F.,(5,5),(0.,1.),.PIECEWISE_BEZIER_KNOTS.);
#4365 = CARTESIAN_POINT('',(48.0000006,-7.));
#4366 = CARTESIAN_POINT('',(36.0000003,-7.));
#4367 = CARTESIAN_POINT('',(24.,-7.));
#4368 = CARTESIAN_POINT('',(11.9999997,-7.));
#4369 = CARTESIAN_POINT('',(-6.000000247752E-07,-7.));
#4370 = ( GEOMETRIC_REPRESENTATION_CONTEXT(2) 
PARAMETRIC_REPRESENTATION_CONTEXT() REPRESENTATION_CONTEXT('2D SPACE',''
  ) );
#4371 = ORIENTED_EDGE('',*,*,#2509,.F.);
#4372 = ADVANCED_FACE('',(#4373),#1734,.F.);
#4373 = FACE_BOUND('',#4374,.F.);
#4374 = EDGE_LOOP('',(#4375,#4376,#4399,#4422,#4445,#4468,#4490,#4491));
#4375 = ORIENTED_EDGE('',*,*,#3875,.T.);
#4376 = ORIENTED_EDGE('',*,*,#4377,.T.);
#4377 = EDGE_CURVE('',#3876,#4378,#4380,.T.);
#4378 = VERTEX_POINT('',#4379);
#4379 = CARTESIAN_POINT('',(-19.,63.,25.));
#4380 = SURFACE_CURVE('',#4381,(#4385,#4392),.PCURVE_S1.);
#4381 = LINE('',#4382,#4383);
#4382 = CARTESIAN_POINT('',(-19.,55.,25.));
#4383 = VECTOR('',#4384,1.);
#4384 = DIRECTION('',(0.,1.,0.));
#4385 = PCURVE('',#1734,#4386);
#4386 = DEFINITIONAL_REPRESENTATION('',(#4387),#4391);
#4387 = LINE('',#4388,#4389);
#4388 = CARTESIAN_POINT('',(-19.26413325073,-7.));
#4389 = VECTOR('',#4390,1.);
#4390 = DIRECTION('',(0.,1.));
#4391 = ( GEOMETRIC_REPRESENTATION_CONTEXT(2) 
PARAMETRIC_REPRESENTATION_CONTEXT() REPRESENTATION_CONTEXT('2D SPACE',''
  ) );
#4392 = PCURVE('',#2995,#4393);
#4393 = DEFINITIONAL_REPRESENTATION('',(#4394),#4398);
#4394 = LINE('',#4395,#4396);
#4395 = CARTESIAN_POINT('',(0.,0.));
#4396 = VECTOR('',#4397,1.);
#4397 = DIRECTION('',(0.,-1.));
#4398 = ( GEOMETRIC_REPRESENTATION_CONTEXT(2) 
PARAMETRIC_REPRESENTATION_CONTEXT() REPRESENTATION_CONTEXT('2D SPACE',''
  ) );
#4399 = ORIENTED_EDGE('',*,*,#4400,.F.);
#4400 = EDGE_CURVE('',#4401,#4378,#4403,.T.);
#4401 = VERTEX_POINT('',#4402);
#4402 = CARTESIAN_POINT('',(-28.,63.,25.));
#4403 = SURFACE_CURVE('',#4404,(#4408,#4415),.PCURVE_S1.);
#4404 = LINE('',#4405,#4406);
#4405 = CARTESIAN_POINT('',(-28.,63.,25.));
#4406 = VECTOR('',#4407,1.);
#4407 = DIRECTION('',(1.,0.,0.));
#4408 = PCURVE('',#1734,#4409);
#4409 = DEFINITIONAL_REPRESENTATION('',(#4410),#4414);
#4410 = LINE('',#4411,#4412);
#4411 = CARTESIAN_POINT('',(-28.26413325073,1.));
#4412 = VECTOR('',#4413,1.);
#4413 = DIRECTION('',(1.,0.));
#4414 = ( GEOMETRIC_REPRESENTATION_CONTEXT(2) 
PARAMETRIC_REPRESENTATION_CONTEXT() REPRESENTATION_CONTEXT('2D SPACE',''
  ) );
#4415 = PCURVE('',#3023,#4416);
#4416 = DEFINITIONAL_REPRESENTATION('',(#4417),#4421);
#4417 = LINE('',#4418,#4419);
#4418 = CARTESIAN_POINT('',(0.,0.));
#4419 = VECTOR('',#4420,1.);
#4420 = DIRECTION('',(0.,1.));
#4421 = ( GEOMETRIC_REPRESENTATION_CONTEXT(2) 
PARAMETRIC_REPRESENTATION_CONTEXT() REPRESENTATION_CONTEXT('2D SPACE',''
  ) );
#4422 = ORIENTED_EDGE('',*,*,#4423,.F.);
#4423 = EDGE_CURVE('',#4424,#4401,#4426,.T.);
#4424 = VERTEX_POINT('',#4425);
#4425 = CARTESIAN_POINT('',(-28.,55.,25.));
#4426 = SURFACE_CURVE('',#4427,(#4431,#4438),.PCURVE_S1.);
#4427 = LINE('',#4428,#4429);
#4428 = CARTESIAN_POINT('',(-28.,55.,25.));
#4429 = VECTOR('',#4430,1.);
#4430 = DIRECTION('',(0.,1.,0.));
#4431 = PCURVE('',#1734,#4432);
#4432 = DEFINITIONAL_REPRESENTATION('',(#4433),#4437);
#4433 = LINE('',#4434,#4435);
#4434 = CARTESIAN_POINT('',(-28.26413325073,-7.));
#4435 = VECTOR('',#4436,1.);
#4436 = DIRECTION('',(0.,1.));
#4437 = ( GEOMETRIC_REPRESENTATION_CONTEXT(2) 
PARAMETRIC_REPRESENTATION_CONTEXT() REPRESENTATION_CONTEXT('2D SPACE',''
  ) );
#4438 = PCURVE('',#3051,#4439);
#4439 = DEFINITIONAL_REPRESENTATION('',(#4440),#4444);
#4440 = LINE('',#4441,#4442);
#4441 = CARTESIAN_POINT('',(0.,0.));
#4442 = VECTOR('',#4443,1.);
#4443 = DIRECTION('',(0.,-1.));
#4444 = ( GEOMETRIC_REPRESENTATION_CONTEXT(2) 
PARAMETRIC_REPRESENTATION_CONTEXT() REPRESENTATION_CONTEXT('2D SPACE',''
  ) );
#4445 = ORIENTED_EDGE('',*,*,#4446,.T.);
#4446 = EDGE_CURVE('',#4424,#4447,#4449,.T.);
#4447 = VERTEX_POINT('',#4448);
#4448 = CARTESIAN_POINT('',(-21.68460795638,55.,25.));
#4449 = SURFACE_CURVE('',#4450,(#4454,#4461),.PCURVE_S1.);
#4450 = LINE('',#4451,#4452);
#4451 = CARTESIAN_POINT('',(-28.,55.,25.));
#4452 = VECTOR('',#4453,1.);
#4453 = DIRECTION('',(1.,0.,0.));
#4454 = PCURVE('',#1734,#4455);
#4455 = DEFINITIONAL_REPRESENTATION('',(#4456),#4460);
#4456 = LINE('',#4457,#4458);
#4457 = CARTESIAN_POINT('',(-28.26413325073,-7.));
#4458 = VECTOR('',#4459,1.);
#4459 = DIRECTION('',(1.,0.));
#4460 = ( GEOMETRIC_REPRESENTATION_CONTEXT(2) 
PARAMETRIC_REPRESENTATION_CONTEXT() REPRESENTATION_CONTEXT('2D SPACE',''
  ) );
#4461 = PCURVE('',#3079,#4462);
#4462 = DEFINITIONAL_REPRESENTATION('',(#4463),#4467);
#4463 = LINE('',#4464,#4465);
#4464 = CARTESIAN_POINT('',(0.,0.));
#4465 = VECTOR('',#4466,1.);
#4466 = DIRECTION('',(0.,1.));
#4467 = ( GEOMETRIC_REPRESENTATION_CONTEXT(2) 
PARAMETRIC_REPRESENTATION_CONTEXT() REPRESENTATION_CONTEXT('2D SPACE',''
  ) );
#4468 = ORIENTED_EDGE('',*,*,#4469,.T.);
#4469 = EDGE_CURVE('',#4447,#1921,#4470,.T.);
#4470 = SURFACE_CURVE('',#4471,(#4476,#4483),.PCURVE_S1.);
#4471 = ELLIPSE('',#4472,23.,21.);
#4472 = AXIS2_PLACEMENT_3D('',#4473,#4474,#4475);
#4473 = CARTESIAN_POINT('',(0.,62.,25.));
#4474 = DIRECTION('',(0.,0.,1.));
#4475 = DIRECTION('',(1.,0.,0.));
#4476 = PCURVE('',#1734,#4477);
#4477 = DEFINITIONAL_REPRESENTATION('',(#4478),#4482);
#4478 = ELLIPSE('',#4479,23.,21.);
#4479 = AXIS2_PLACEMENT_2D('',#4480,#4481);
#4480 = CARTESIAN_POINT('',(-0.264133250733,7.105427357601E-15));
#4481 = DIRECTION('',(1.,0.));
#4482 = ( GEOMETRIC_REPRESENTATION_CONTEXT(2) 
PARAMETRIC_REPRESENTATION_CONTEXT() REPRESENTATION_CONTEXT('2D SPACE',''
  ) );
#4483 = PCURVE('',#1962,#4484);
#4484 = DEFINITIONAL_REPRESENTATION('',(#4485),#4489);
#4485 = LINE('',#4486,#4487);
#4486 = CARTESIAN_POINT('',(0.,0.));
#4487 = VECTOR('',#4488,1.);
#4488 = DIRECTION('',(1.,0.));
#4489 = ( GEOMETRIC_REPRESENTATION_CONTEXT(2) 
PARAMETRIC_REPRESENTATION_CONTEXT() REPRESENTATION_CONTEXT('2D SPACE',''
  ) );
#4490 = ORIENTED_EDGE('',*,*,#1920,.T.);
#4491 = ORIENTED_EDGE('',*,*,#1719,.F.);
#4492 = ADVANCED_FACE('',(#4493),#1962,.F.);
#4493 = FACE_BOUND('',#4494,.F.);
#4494 = EDGE_LOOP('',(#4495,#4496,#4497,#4498));
#4495 = ORIENTED_EDGE('',*,*,#3091,.T.);
#4496 = ORIENTED_EDGE('',*,*,#1942,.T.);
#4497 = ORIENTED_EDGE('',*,*,#4469,.F.);
#4498 = ORIENTED_EDGE('',*,*,#4499,.F.);
#4499 = EDGE_CURVE('',#3064,#4447,#4500,.T.);
#4500 = SURFACE_CURVE('',#4501,(#4507,#4516),.PCURVE_S1.);
#4501 = B_SPLINE_CURVE_WITH_KNOTS('',4,(#4502,#4503,#4504,#4505,#4506),
  .UNSPECIFIED.,.F.,.F.,(5,5),(0.,1.),.PIECEWISE_BEZIER_KNOTS.);
#4502 = CARTESIAN_POINT('',(-21.68460795638,55.,73.));
#4503 = CARTESIAN_POINT('',(-21.68460795638,55.,61.0000000012));
#4504 = CARTESIAN_POINT('',(-21.68460795638,55.,48.999999999963));
#4505 = CARTESIAN_POINT('',(-21.68460795638,55.,36.9999999988));
#4506 = CARTESIAN_POINT('',(-21.68460795638,55.,25.));
#4507 = PCURVE('',#1962,#4508);
#4508 = DEFINITIONAL_REPRESENTATION('',(#4509),#4515);
#4509 = B_SPLINE_CURVE_WITH_KNOTS('',4,(#4510,#4511,#4512,#4513,#4514),
  .UNSPECIFIED.,.F.,.F.,(5,5),(0.,1.),.PIECEWISE_BEZIER_KNOTS.);
#4510 = CARTESIAN_POINT('',(3.481429563044,-47.9999999952));
#4511 = CARTESIAN_POINT('',(3.481429563044,-35.9999999964));
#4512 = CARTESIAN_POINT('',(3.481429563044,-24.00000000003));
#4513 = CARTESIAN_POINT('',(3.481429563044,-12.0000000036));
#4514 = CARTESIAN_POINT('',(3.481429563044,-4.799936448308E-09));
#4515 = ( GEOMETRIC_REPRESENTATION_CONTEXT(2) 
PARAMETRIC_REPRESENTATION_CONTEXT() REPRESENTATION_CONTEXT('2D SPACE',''
  ) );
#4516 = PCURVE('',#3079,#4517);
#4517 = DEFINITIONAL_REPRESENTATION('',(#4518),#4524);
#4518 = B_SPLINE_CURVE_WITH_KNOTS('',4,(#4519,#4520,#4521,#4522,#4523),
  .UNSPECIFIED.,.F.,.F.,(5,5),(0.,1.),.PIECEWISE_BEZIER_KNOTS.);
#4519 = CARTESIAN_POINT('',(48.,6.315392043613));
#4520 = CARTESIAN_POINT('',(36.0000000012,6.315392043613));
#4521 = CARTESIAN_POINT('',(23.999999999963,6.315392043613));
#4522 = CARTESIAN_POINT('',(11.9999999988,6.315392043613));
#4523 = CARTESIAN_POINT('',(0.,6.315392043613));
#4524 = ( GEOMETRIC_REPRESENTATION_CONTEXT(2) 
PARAMETRIC_REPRESENTATION_CONTEXT() REPRESENTATION_CONTEXT('2D SPACE',''
  ) );
#4525 = ADVANCED_FACE('',(#4526),#2028,.F.);
#4526 = FACE_BOUND('',#4527,.F.);
#4527 = EDGE_LOOP('',(#4528,#4529,#4530,#4531));
#4528 = ORIENTED_EDGE('',*,*,#2010,.F.);
#4529 = ORIENTED_EDGE('',*,*,#3847,.F.);
#4530 = ORIENTED_EDGE('',*,*,#3281,.T.);
#4531 = ORIENTED_EDGE('',*,*,#4532,.T.);
#4532 = EDGE_CURVE('',#3284,#2013,#4533,.T.);
#4533 = SURFACE_CURVE('',#4534,(#4538,#4545),.PCURVE_S1.);
#4534 = LINE('',#4535,#4536);
#4535 = CARTESIAN_POINT('',(19.,63.,25.));
#4536 = VECTOR('',#4537,1.);
#4537 = DIRECTION('',(0.,0.,1.));
#4538 = PCURVE('',#2028,#4539);
#4539 = DEFINITIONAL_REPRESENTATION('',(#4540),#4544);
#4540 = LINE('',#4541,#4542);
#4541 = CARTESIAN_POINT('',(0.,-8.));
#4542 = VECTOR('',#4543,1.);
#4543 = DIRECTION('',(1.,0.));
#4544 = ( GEOMETRIC_REPRESENTATION_CONTEXT(2) 
PARAMETRIC_REPRESENTATION_CONTEXT() REPRESENTATION_CONTEXT('2D SPACE',''
  ) );
#4545 = PCURVE('',#3210,#4546);
#4546 = DEFINITIONAL_REPRESENTATION('',(#4547),#4551);
#4547 = LINE('',#4548,#4549);
#4548 = CARTESIAN_POINT('',(0.,0.));
#4549 = VECTOR('',#4550,1.);
#4550 = DIRECTION('',(1.,0.));
#4551 = ( GEOMETRIC_REPRESENTATION_CONTEXT(2) 
PARAMETRIC_REPRESENTATION_CONTEXT() REPRESENTATION_CONTEXT('2D SPACE',''
  ) );
#4552 = ADVANCED_FACE('',(#4553),#2995,.T.);
#4553 = FACE_BOUND('',#4554,.T.);
#4554 = EDGE_LOOP('',(#4555,#4556,#4557,#4558));
#4555 = ORIENTED_EDGE('',*,*,#2979,.F.);
#4556 = ORIENTED_EDGE('',*,*,#4345,.T.);
#4557 = ORIENTED_EDGE('',*,*,#4377,.T.);
#4558 = ORIENTED_EDGE('',*,*,#4559,.T.);
#4559 = EDGE_CURVE('',#4378,#2980,#4560,.T.);
#4560 = SURFACE_CURVE('',#4561,(#4565,#4572),.PCURVE_S1.);
#4561 = LINE('',#4562,#4563);
#4562 = CARTESIAN_POINT('',(-19.,63.,25.));
#4563 = VECTOR('',#4564,1.);
#4564 = DIRECTION('',(0.,0.,1.));
#4565 = PCURVE('',#2995,#4566);
#4566 = DEFINITIONAL_REPRESENTATION('',(#4567),#4571);
#4567 = LINE('',#4568,#4569);
#4568 = CARTESIAN_POINT('',(0.,-8.));
#4569 = VECTOR('',#4570,1.);
#4570 = DIRECTION('',(1.,0.));
#4571 = ( GEOMETRIC_REPRESENTATION_CONTEXT(2) 
PARAMETRIC_REPRESENTATION_CONTEXT() REPRESENTATION_CONTEXT('2D SPACE',''
  ) );
#4572 = PCURVE('',#3023,#4573);
#4573 = DEFINITIONAL_REPRESENTATION('',(#4574),#4578);
#4574 = LINE('',#4575,#4576);
#4575 = CARTESIAN_POINT('',(0.,9.));
#4576 = VECTOR('',#4577,1.);
#4577 = DIRECTION('',(1.,0.));
#4578 = ( GEOMETRIC_REPRESENTATION_CONTEXT(2) 
PARAMETRIC_REPRESENTATION_CONTEXT() REPRESENTATION_CONTEXT('2D SPACE',''
  ) );
#4579 = ADVANCED_FACE('',(#4580,#4606,#4712),#3023,.T.);
#4580 = FACE_BOUND('',#4581,.T.);
#4581 = EDGE_LOOP('',(#4582,#4583,#4604,#4605));
#4582 = ORIENTED_EDGE('',*,*,#4400,.F.);
#4583 = ORIENTED_EDGE('',*,*,#4584,.T.);
#4584 = EDGE_CURVE('',#4401,#3008,#4585,.T.);
#4585 = SURFACE_CURVE('',#4586,(#4590,#4597),.PCURVE_S1.);
#4586 = LINE('',#4587,#4588);
#4587 = CARTESIAN_POINT('',(-28.,63.,25.));
#4588 = VECTOR('',#4589,1.);
#4589 = DIRECTION('',(0.,0.,1.));
#4590 = PCURVE('',#3023,#4591);
#4591 = DEFINITIONAL_REPRESENTATION('',(#4592),#4596);
#4592 = LINE('',#4593,#4594);
#4593 = CARTESIAN_POINT('',(0.,0.));
#4594 = VECTOR('',#4595,1.);
#4595 = DIRECTION('',(1.,0.));
#4596 = ( GEOMETRIC_REPRESENTATION_CONTEXT(2) 
PARAMETRIC_REPRESENTATION_CONTEXT() REPRESENTATION_CONTEXT('2D SPACE',''
  ) );
#4597 = PCURVE('',#3051,#4598);
#4598 = DEFINITIONAL_REPRESENTATION('',(#4599),#4603);
#4599 = LINE('',#4600,#4601);
#4600 = CARTESIAN_POINT('',(0.,-8.));
#4601 = VECTOR('',#4602,1.);
#4602 = DIRECTION('',(1.,0.));
#4603 = ( GEOMETRIC_REPRESENTATION_CONTEXT(2) 
PARAMETRIC_REPRESENTATION_CONTEXT() REPRESENTATION_CONTEXT('2D SPACE',''
  ) );
#4604 = ORIENTED_EDGE('',*,*,#3007,.T.);
#4605 = ORIENTED_EDGE('',*,*,#4559,.F.);
#4606 = FACE_BOUND('',#4607,.T.);
#4607 = EDGE_LOOP('',(#4608,#4636,#4662,#4688));
#4608 = ORIENTED_EDGE('',*,*,#4609,.F.);
#4609 = EDGE_CURVE('',#4610,#4612,#4614,.T.);
#4610 = VERTEX_POINT('',#4611);
#4611 = CARTESIAN_POINT('',(-25.5,63.,40.5));
#4612 = VERTEX_POINT('',#4613);
#4613 = CARTESIAN_POINT('',(-22.5,63.,40.5));
#4614 = SURFACE_CURVE('',#4615,(#4619,#4625),.PCURVE_S1.);
#4615 = LINE('',#4616,#4617);
#4616 = CARTESIAN_POINT('',(-26.75,63.,40.5));
#4617 = VECTOR('',#4618,1.);
#4618 = DIRECTION('',(1.,0.,0.));
#4619 = PCURVE('',#3023,#4620);
#4620 = DEFINITIONAL_REPRESENTATION('',(#4621),#4624);
#4621 = B_SPLINE_CURVE_WITH_KNOTS('',1,(#4622,#4623),.UNSPECIFIED.,.F.,
  .F.,(2,2),(1.25,4.25),.PIECEWISE_BEZIER_KNOTS.);
#4622 = CARTESIAN_POINT('',(15.5,2.5));
#4623 = CARTESIAN_POINT('',(15.5,5.5));
#4624 = ( GEOMETRIC_REPRESENTATION_CONTEXT(2) 
PARAMETRIC_REPRESENTATION_CONTEXT() REPRESENTATION_CONTEXT('2D SPACE',''
  ) );
#4625 = PCURVE('',#4626,#4631);
#4626 = PLANE('',#4627);
#4627 = AXIS2_PLACEMENT_3D('',#4628,#4629,#4630);
#4628 = CARTESIAN_POINT('',(-25.5,53.,40.5));
#4629 = DIRECTION('',(0.,0.,1.));
#4630 = DIRECTION('',(1.,0.,0.));
#4631 = DEFINITIONAL_REPRESENTATION('',(#4632),#4635);
#4632 = B_SPLINE_CURVE_WITH_KNOTS('',1,(#4633,#4634),.UNSPECIFIED.,.F.,
  .F.,(2,2),(1.25,4.25),.PIECEWISE_BEZIER_KNOTS.);
#4633 = CARTESIAN_POINT('',(0.,10.));
#4634 = CARTESIAN_POINT('',(3.,10.));
#4635 = ( GEOMETRIC_REPRESENTATION_CONTEXT(2) 
PARAMETRIC_REPRESENTATION_CONTEXT() REPRESENTATION_CONTEXT('2D SPACE',''
  ) );
#4636 = ORIENTED_EDGE('',*,*,#4637,.T.);
#4637 = EDGE_CURVE('',#4610,#4638,#4640,.T.);
#4638 = VERTEX_POINT('',#4639);
#4639 = CARTESIAN_POINT('',(-25.5,63.,29.5));
#4640 = SURFACE_CURVE('',#4641,(#4645,#4651),.PCURVE_S1.);
#4641 = LINE('',#4642,#4643);
#4642 = CARTESIAN_POINT('',(-25.5,63.,27.25));
#4643 = VECTOR('',#4644,1.);
#4644 = DIRECTION('',(0.,0.,-1.));
#4645 = PCURVE('',#3023,#4646);
#4646 = DEFINITIONAL_REPRESENTATION('',(#4647),#4650);
#4647 = B_SPLINE_CURVE_WITH_KNOTS('',1,(#4648,#4649),.UNSPECIFIED.,.F.,
  .F.,(2,2),(-13.25,-2.25),.PIECEWISE_BEZIER_KNOTS.);
#4648 = CARTESIAN_POINT('',(15.5,2.5));
#4649 = CARTESIAN_POINT('',(4.5,2.5));
#4650 = ( GEOMETRIC_REPRESENTATION_CONTEXT(2) 
PARAMETRIC_REPRESENTATION_CONTEXT() REPRESENTATION_CONTEXT('2D SPACE',''
  ) );
#4651 = PCURVE('',#4652,#4657);
#4652 = PLANE('',#4653);
#4653 = AXIS2_PLACEMENT_3D('',#4654,#4655,#4656);
#4654 = CARTESIAN_POINT('',(-25.5,53.,29.5));
#4655 = DIRECTION('',(1.,0.,0.));
#4656 = DIRECTION('',(0.,0.,1.));
#4657 = DEFINITIONAL_REPRESENTATION('',(#4658),#4661);
#4658 = B_SPLINE_CURVE_WITH_KNOTS('',1,(#4659,#4660),.UNSPECIFIED.,.F.,
  .F.,(2,2),(-13.25,-2.25),.PIECEWISE_BEZIER_KNOTS.);
#4659 = CARTESIAN_POINT('',(11.,-10.));
#4660 = CARTESIAN_POINT('',(0.,-10.));
#4661 = ( GEOMETRIC_REPRESENTATION_CONTEXT(2) 
PARAMETRIC_REPRESENTATION_CONTEXT() REPRESENTATION_CONTEXT('2D SPACE',''
  ) );
#4662 = ORIENTED_EDGE('',*,*,#4663,.T.);
#4663 = EDGE_CURVE('',#4638,#4664,#4666,.T.);
#4664 = VERTEX_POINT('',#4665);
#4665 = CARTESIAN_POINT('',(-22.5,63.,29.5));
#4666 = SURFACE_CURVE('',#4667,(#4671,#4677),.PCURVE_S1.);
#4667 = LINE('',#4668,#4669);
#4668 = CARTESIAN_POINT('',(-26.75,63.,29.5));
#4669 = VECTOR('',#4670,1.);
#4670 = DIRECTION('',(1.,0.,0.));
#4671 = PCURVE('',#3023,#4672);
#4672 = DEFINITIONAL_REPRESENTATION('',(#4673),#4676);
#4673 = B_SPLINE_CURVE_WITH_KNOTS('',1,(#4674,#4675),.UNSPECIFIED.,.F.,
  .F.,(2,2),(1.25,4.25),.PIECEWISE_BEZIER_KNOTS.);
#4674 = CARTESIAN_POINT('',(4.5,2.5));
#4675 = CARTESIAN_POINT('',(4.5,5.5));
#4676 = ( GEOMETRIC_REPRESENTATION_CONTEXT(2) 
PARAMETRIC_REPRESENTATION_CONTEXT() REPRESENTATION_CONTEXT('2D SPACE',''
  ) );
#4677 = PCURVE('',#4678,#4683);
#4678 = PLANE('',#4679);
#4679 = AXIS2_PLACEMENT_3D('',#4680,#4681,#4682);
#4680 = CARTESIAN_POINT('',(-25.5,53.,29.5));
#4681 = DIRECTION('',(0.,0.,1.));
#4682 = DIRECTION('',(1.,0.,0.));
#4683 = DEFINITIONAL_REPRESENTATION('',(#4684),#4687);
#4684 = B_SPLINE_CURVE_WITH_KNOTS('',1,(#4685,#4686),.UNSPECIFIED.,.F.,
  .F.,(2,2),(1.25,4.25),.PIECEWISE_BEZIER_KNOTS.);
#4685 = CARTESIAN_POINT('',(0.,10.));
#4686 = CARTESIAN_POINT('',(3.,10.));
#4687 = ( GEOMETRIC_REPRESENTATION_CONTEXT(2) 
PARAMETRIC_REPRESENTATION_CONTEXT() REPRESENTATION_CONTEXT('2D SPACE',''
  ) );
#4688 = ORIENTED_EDGE('',*,*,#4689,.F.);
#4689 = EDGE_CURVE('',#4612,#4664,#4690,.T.);
#4690 = SURFACE_CURVE('',#4691,(#4695,#4701),.PCURVE_S1.);
#4691 = LINE('',#4692,#4693);
#4692 = CARTESIAN_POINT('',(-22.5,63.,27.25));
#4693 = VECTOR('',#4694,1.);
#4694 = DIRECTION('',(0.,0.,-1.));
#4695 = PCURVE('',#3023,#4696);
#4696 = DEFINITIONAL_REPRESENTATION('',(#4697),#4700);
#4697 = B_SPLINE_CURVE_WITH_KNOTS('',1,(#4698,#4699),.UNSPECIFIED.,.F.,
  .F.,(2,2),(-13.25,-2.25),.PIECEWISE_BEZIER_KNOTS.);
#4698 = CARTESIAN_POINT('',(15.5,5.5));
#4699 = CARTESIAN_POINT('',(4.5,5.5));
#4700 = ( GEOMETRIC_REPRESENTATION_CONTEXT(2) 
PARAMETRIC_REPRESENTATION_CONTEXT() REPRESENTATION_CONTEXT('2D SPACE',''
  ) );
#4701 = PCURVE('',#4702,#4707);
#4702 = PLANE('',#4703);
#4703 = AXIS2_PLACEMENT_3D('',#4704,#4705,#4706);
#4704 = CARTESIAN_POINT('',(-22.5,53.,29.5));
#4705 = DIRECTION('',(1.,0.,0.));
#4706 = DIRECTION('',(0.,0.,1.));
#4707 = DEFINITIONAL_REPRESENTATION('',(#4708),#4711);
#4708 = B_SPLINE_CURVE_WITH_KNOTS('',1,(#4709,#4710),.UNSPECIFIED.,.F.,
  .F.,(2,2),(-13.25,-2.25),.PIECEWISE_BEZIER_KNOTS.);
#4709 = CARTESIAN_POINT('',(11.,-10.));
#4710 = CARTESIAN_POINT('',(0.,-10.));
#4711 = ( GEOMETRIC_REPRESENTATION_CONTEXT(2) 
PARAMETRIC_REPRESENTATION_CONTEXT() REPRESENTATION_CONTEXT('2D SPACE',''
  ) );
#4712 = FACE_BOUND('',#4713,.T.);
#4713 = EDGE_LOOP('',(#4714,#4742,#4768,#4794));
#4714 = ORIENTED_EDGE('',*,*,#4715,.F.);
#4715 = EDGE_CURVE('',#4716,#4718,#4720,.T.);
#4716 = VERTEX_POINT('',#4717);
#4717 = CARTESIAN_POINT('',(-25.5,63.,68.5));
#4718 = VERTEX_POINT('',#4719);
#4719 = CARTESIAN_POINT('',(-22.5,63.,68.5));
#4720 = SURFACE_CURVE('',#4721,(#4725,#4731),.PCURVE_S1.);
#4721 = LINE('',#4722,#4723);
#4722 = CARTESIAN_POINT('',(-26.75,63.,68.5));
#4723 = VECTOR('',#4724,1.);
#4724 = DIRECTION('',(1.,0.,0.));
#4725 = PCURVE('',#3023,#4726);
#4726 = DEFINITIONAL_REPRESENTATION('',(#4727),#4730);
#4727 = B_SPLINE_CURVE_WITH_KNOTS('',1,(#4728,#4729),.UNSPECIFIED.,.F.,
  .F.,(2,2),(1.25,4.25),.PIECEWISE_BEZIER_KNOTS.);
#4728 = CARTESIAN_POINT('',(43.5,2.5));
#4729 = CARTESIAN_POINT('',(43.5,5.5));
#4730 = ( GEOMETRIC_REPRESENTATION_CONTEXT(2) 
PARAMETRIC_REPRESENTATION_CONTEXT() REPRESENTATION_CONTEXT('2D SPACE',''
  ) );
#4731 = PCURVE('',#4732,#4737);
#4732 = PLANE('',#4733);
#4733 = AXIS2_PLACEMENT_3D('',#4734,#4735,#4736);
#4734 = CARTESIAN_POINT('',(-25.5,53.,68.5));
#4735 = DIRECTION('',(0.,0.,1.));
#4736 = DIRECTION('',(1.,0.,0.));
#4737 = DEFINITIONAL_REPRESENTATION('',(#4738),#4741);
#4738 = B_SPLINE_CURVE_WITH_KNOTS('',1,(#4739,#4740),.UNSPECIFIED.,.F.,
  .F.,(2,2),(1.25,4.25),.PIECEWISE_BEZIER_KNOTS.);
#4739 = CARTESIAN_POINT('',(0.,10.));
#4740 = CARTESIAN_POINT('',(3.,10.));
#4741 = ( GEOMETRIC_REPRESENTATION_CONTEXT(2) 
PARAMETRIC_REPRESENTATION_CONTEXT() REPRESENTATION_CONTEXT('2D SPACE',''
  ) );
#4742 = ORIENTED_EDGE('',*,*,#4743,.T.);
#4743 = EDGE_CURVE('',#4716,#4744,#4746,.T.);
#4744 = VERTEX_POINT('',#4745);
#4745 = CARTESIAN_POINT('',(-25.5,63.,57.5));
#4746 = SURFACE_CURVE('',#4747,(#4751,#4757),.PCURVE_S1.);
#4747 = LINE('',#4748,#4749);
#4748 = CARTESIAN_POINT('',(-25.5,63.,41.25));
#4749 = VECTOR('',#4750,1.);
#4750 = DIRECTION('',(0.,0.,-1.));
#4751 = PCURVE('',#3023,#4752);
#4752 = DEFINITIONAL_REPRESENTATION('',(#4753),#4756);
#4753 = B_SPLINE_CURVE_WITH_KNOTS('',1,(#4754,#4755),.UNSPECIFIED.,.F.,
  .F.,(2,2),(-27.25,-16.25),.PIECEWISE_BEZIER_KNOTS.);
#4754 = CARTESIAN_POINT('',(43.5,2.5));
#4755 = CARTESIAN_POINT('',(32.5,2.5));
#4756 = ( GEOMETRIC_REPRESENTATION_CONTEXT(2) 
PARAMETRIC_REPRESENTATION_CONTEXT() REPRESENTATION_CONTEXT('2D SPACE',''
  ) );
#4757 = PCURVE('',#4758,#4763);
#4758 = PLANE('',#4759);
#4759 = AXIS2_PLACEMENT_3D('',#4760,#4761,#4762);
#4760 = CARTESIAN_POINT('',(-25.5,53.,57.5));
#4761 = DIRECTION('',(1.,0.,0.));
#4762 = DIRECTION('',(0.,0.,1.));
#4763 = DEFINITIONAL_REPRESENTATION('',(#4764),#4767);
#4764 = B_SPLINE_CURVE_WITH_KNOTS('',1,(#4765,#4766),.UNSPECIFIED.,.F.,
  .F.,(2,2),(-27.25,-16.25),.PIECEWISE_BEZIER_KNOTS.);
#4765 = CARTESIAN_POINT('',(11.,-10.));
#4766 = CARTESIAN_POINT('',(0.,-10.));
#4767 = ( GEOMETRIC_REPRESENTATION_CONTEXT(2) 
PARAMETRIC_REPRESENTATION_CONTEXT() REPRESENTATION_CONTEXT('2D SPACE',''
  ) );
#4768 = ORIENTED_EDGE('',*,*,#4769,.T.);
#4769 = EDGE_CURVE('',#4744,#4770,#4772,.T.);
#4770 = VERTEX_POINT('',#4771);
#4771 = CARTESIAN_POINT('',(-22.5,63.,57.5));
#4772 = SURFACE_CURVE('',#4773,(#4777,#4783),.PCURVE_S1.);
#4773 = LINE('',#4774,#4775);
#4774 = CARTESIAN_POINT('',(-26.75,63.,57.5));
#4775 = VECTOR('',#4776,1.);
#4776 = DIRECTION('',(1.,0.,0.));
#4777 = PCURVE('',#3023,#4778);
#4778 = DEFINITIONAL_REPRESENTATION('',(#4779),#4782);
#4779 = B_SPLINE_CURVE_WITH_KNOTS('',1,(#4780,#4781),.UNSPECIFIED.,.F.,
  .F.,(2,2),(1.25,4.25),.PIECEWISE_BEZIER_KNOTS.);
#4780 = CARTESIAN_POINT('',(32.5,2.5));
#4781 = CARTESIAN_POINT('',(32.5,5.5));
#4782 = ( GEOMETRIC_REPRESENTATION_CONTEXT(2) 
PARAMETRIC_REPRESENTATION_CONTEXT() REPRESENTATION_CONTEXT('2D SPACE',''
  ) );
#4783 = PCURVE('',#4784,#4789);
#4784 = PLANE('',#4785);
#4785 = AXIS2_PLACEMENT_3D('',#4786,#4787,#4788);
#4786 = CARTESIAN_POINT('',(-25.5,53.,57.5));
#4787 = DIRECTION('',(0.,0.,1.));
#4788 = DIRECTION('',(1.,0.,0.));
#4789 = DEFINITIONAL_REPRESENTATION('',(#4790),#4793);
#4790 = B_SPLINE_CURVE_WITH_KNOTS('',1,(#4791,#4792),.UNSPECIFIED.,.F.,
  .F.,(2,2),(1.25,4.25),.PIECEWISE_BEZIER_KNOTS.);
#4791 = CARTESIAN_POINT('',(0.,10.));
#4792 = CARTESIAN_POINT('',(3.,10.));
#4793 = ( GEOMETRIC_REPRESENTATION_CONTEXT(2) 
PARAMETRIC_REPRESENTATION_CONTEXT() REPRESENTATION_CONTEXT('2D SPACE',''
  ) );
#4794 = ORIENTED_EDGE('',*,*,#4795,.F.);
#4795 = EDGE_CURVE('',#4718,#4770,#4796,.T.);
#4796 = SURFACE_CURVE('',#4797,(#4801,#4807),.PCURVE_S1.);
#4797 = LINE('',#4798,#4799);
#4798 = CARTESIAN_POINT('',(-22.5,63.,41.25));
#4799 = VECTOR('',#4800,1.);
#4800 = DIRECTION('',(0.,0.,-1.));
#4801 = PCURVE('',#3023,#4802);
#4802 = DEFINITIONAL_REPRESENTATION('',(#4803),#4806);
#4803 = B_SPLINE_CURVE_WITH_KNOTS('',1,(#4804,#4805),.UNSPECIFIED.,.F.,
  .F.,(2,2),(-27.25,-16.25),.PIECEWISE_BEZIER_KNOTS.);
#4804 = CARTESIAN_POINT('',(43.5,5.5));
#4805 = CARTESIAN_POINT('',(32.5,5.5));
#4806 = ( GEOMETRIC_REPRESENTATION_CONTEXT(2) 
PARAMETRIC_REPRESENTATION_CONTEXT() REPRESENTATION_CONTEXT('2D SPACE',''
  ) );
#4807 = PCURVE('',#4808,#4813);
#4808 = PLANE('',#4809);
#4809 = AXIS2_PLACEMENT_3D('',#4810,#4811,#4812);
#4810 = CARTESIAN_POINT('',(-22.5,53.,57.5));
#4811 = DIRECTION('',(1.,0.,0.));
#4812 = DIRECTION('',(0.,0.,1.));
#4813 = DEFINITIONAL_REPRESENTATION('',(#4814),#4817);
#4814 = B_SPLINE_CURVE_WITH_KNOTS('',1,(#4815,#4816),.UNSPECIFIED.,.F.,
  .F.,(2,2),(-27.25,-16.25),.PIECEWISE_BEZIER_KNOTS.);
#4815 = CARTESIAN_POINT('',(11.,-10.));
#4816 = CARTESIAN_POINT('',(0.,-10.));
#4817 = ( GEOMETRIC_REPRESENTATION_CONTEXT(2) 
PARAMETRIC_REPRESENTATION_CONTEXT() REPRESENTATION_CONTEXT('2D SPACE',''
  ) );
#4818 = ADVANCED_FACE('',(#4819),#3051,.F.);
#4819 = FACE_BOUND('',#4820,.F.);
#4820 = EDGE_LOOP('',(#4821,#4842,#4843,#4844));
#4821 = ORIENTED_EDGE('',*,*,#4822,.F.);
#4822 = EDGE_CURVE('',#4424,#3036,#4823,.T.);
#4823 = SURFACE_CURVE('',#4824,(#4828,#4835),.PCURVE_S1.);
#4824 = LINE('',#4825,#4826);
#4825 = CARTESIAN_POINT('',(-28.,55.,25.));
#4826 = VECTOR('',#4827,1.);
#4827 = DIRECTION('',(0.,0.,1.));
#4828 = PCURVE('',#3051,#4829);
#4829 = DEFINITIONAL_REPRESENTATION('',(#4830),#4834);
#4830 = LINE('',#4831,#4832);
#4831 = CARTESIAN_POINT('',(0.,0.));
#4832 = VECTOR('',#4833,1.);
#4833 = DIRECTION('',(1.,0.));
#4834 = ( GEOMETRIC_REPRESENTATION_CONTEXT(2) 
PARAMETRIC_REPRESENTATION_CONTEXT() REPRESENTATION_CONTEXT('2D SPACE',''
  ) );
#4835 = PCURVE('',#3079,#4836);
#4836 = DEFINITIONAL_REPRESENTATION('',(#4837),#4841);
#4837 = LINE('',#4838,#4839);
#4838 = CARTESIAN_POINT('',(0.,0.));
#4839 = VECTOR('',#4840,1.);
#4840 = DIRECTION('',(1.,0.));
#4841 = ( GEOMETRIC_REPRESENTATION_CONTEXT(2) 
PARAMETRIC_REPRESENTATION_CONTEXT() REPRESENTATION_CONTEXT('2D SPACE',''
  ) );
#4842 = ORIENTED_EDGE('',*,*,#4423,.T.);
#4843 = ORIENTED_EDGE('',*,*,#4584,.T.);
#4844 = ORIENTED_EDGE('',*,*,#3035,.F.);
#4845 = ADVANCED_FACE('',(#4846,#4852,#4943),#3079,.F.);
#4846 = FACE_BOUND('',#4847,.F.);
#4847 = EDGE_LOOP('',(#4848,#4849,#4850,#4851));
#4848 = ORIENTED_EDGE('',*,*,#4446,.F.);
#4849 = ORIENTED_EDGE('',*,*,#4822,.T.);
#4850 = ORIENTED_EDGE('',*,*,#3063,.T.);
#4851 = ORIENTED_EDGE('',*,*,#4499,.T.);
#4852 = FACE_BOUND('',#4853,.F.);
#4853 = EDGE_LOOP('',(#4854,#4877,#4898,#4919));
#4854 = ORIENTED_EDGE('',*,*,#4855,.F.);
#4855 = EDGE_CURVE('',#4856,#4858,#4860,.T.);
#4856 = VERTEX_POINT('',#4857);
#4857 = CARTESIAN_POINT('',(-25.5,55.,40.5));
#4858 = VERTEX_POINT('',#4859);
#4859 = CARTESIAN_POINT('',(-22.5,55.,40.5));
#4860 = SURFACE_CURVE('',#4861,(#4865,#4871),.PCURVE_S1.);
#4861 = LINE('',#4862,#4863);
#4862 = CARTESIAN_POINT('',(-26.75,55.,40.5));
#4863 = VECTOR('',#4864,1.);
#4864 = DIRECTION('',(1.,0.,0.));
#4865 = PCURVE('',#3079,#4866);
#4866 = DEFINITIONAL_REPRESENTATION('',(#4867),#4870);
#4867 = B_SPLINE_CURVE_WITH_KNOTS('',1,(#4868,#4869),.UNSPECIFIED.,.F.,
  .F.,(2,2),(1.25,4.25),.PIECEWISE_BEZIER_KNOTS.);
#4868 = CARTESIAN_POINT('',(15.5,2.5));
#4869 = CARTESIAN_POINT('',(15.5,5.5));
#4870 = ( GEOMETRIC_REPRESENTATION_CONTEXT(2) 
PARAMETRIC_REPRESENTATION_CONTEXT() REPRESENTATION_CONTEXT('2D SPACE',''
  ) );
#4871 = PCURVE('',#4626,#4872);
#4872 = DEFINITIONAL_REPRESENTATION('',(#4873),#4876);
#4873 = B_SPLINE_CURVE_WITH_KNOTS('',1,(#4874,#4875),.UNSPECIFIED.,.F.,
  .F.,(2,2),(1.25,4.25),.PIECEWISE_BEZIER_KNOTS.);
#4874 = CARTESIAN_POINT('',(0.,2.));
#4875 = CARTESIAN_POINT('',(3.,2.));
#4876 = ( GEOMETRIC_REPRESENTATION_CONTEXT(2) 
PARAMETRIC_REPRESENTATION_CONTEXT() REPRESENTATION_CONTEXT('2D SPACE',''
  ) );
#4877 = ORIENTED_EDGE('',*,*,#4878,.T.);
#4878 = EDGE_CURVE('',#4856,#4879,#4881,.T.);
#4879 = VERTEX_POINT('',#4880);
#4880 = CARTESIAN_POINT('',(-25.5,55.,29.5));
#4881 = SURFACE_CURVE('',#4882,(#4886,#4892),.PCURVE_S1.);
#4882 = LINE('',#4883,#4884);
#4883 = CARTESIAN_POINT('',(-25.5,55.,27.25));
#4884 = VECTOR('',#4885,1.);
#4885 = DIRECTION('',(0.,0.,-1.));
#4886 = PCURVE('',#3079,#4887);
#4887 = DEFINITIONAL_REPRESENTATION('',(#4888),#4891);
#4888 = B_SPLINE_CURVE_WITH_KNOTS('',1,(#4889,#4890),.UNSPECIFIED.,.F.,
  .F.,(2,2),(-13.25,-2.25),.PIECEWISE_BEZIER_KNOTS.);
#4889 = CARTESIAN_POINT('',(15.5,2.5));
#4890 = CARTESIAN_POINT('',(4.5,2.5));
#4891 = ( GEOMETRIC_REPRESENTATION_CONTEXT(2) 
PARAMETRIC_REPRESENTATION_CONTEXT() REPRESENTATION_CONTEXT('2D SPACE',''
  ) );
#4892 = PCURVE('',#4652,#4893);
#4893 = DEFINITIONAL_REPRESENTATION('',(#4894),#4897);
#4894 = B_SPLINE_CURVE_WITH_KNOTS('',1,(#4895,#4896),.UNSPECIFIED.,.F.,
  .F.,(2,2),(-13.25,-2.25),.PIECEWISE_BEZIER_KNOTS.);
#4895 = CARTESIAN_POINT('',(11.,-2.));
#4896 = CARTESIAN_POINT('',(0.,-2.));
#4897 = ( GEOMETRIC_REPRESENTATION_CONTEXT(2) 
PARAMETRIC_REPRESENTATION_CONTEXT() REPRESENTATION_CONTEXT('2D SPACE',''
  ) );
#4898 = ORIENTED_EDGE('',*,*,#4899,.T.);
#4899 = EDGE_CURVE('',#4879,#4900,#4902,.T.);
#4900 = VERTEX_POINT('',#4901);
#4901 = CARTESIAN_POINT('',(-22.5,55.,29.5));
#4902 = SURFACE_CURVE('',#4903,(#4907,#4913),.PCURVE_S1.);
#4903 = LINE('',#4904,#4905);
#4904 = CARTESIAN_POINT('',(-26.75,55.,29.5));
#4905 = VECTOR('',#4906,1.);
#4906 = DIRECTION('',(1.,0.,0.));
#4907 = PCURVE('',#3079,#4908);
#4908 = DEFINITIONAL_REPRESENTATION('',(#4909),#4912);
#4909 = B_SPLINE_CURVE_WITH_KNOTS('',1,(#4910,#4911),.UNSPECIFIED.,.F.,
  .F.,(2,2),(1.25,4.25),.PIECEWISE_BEZIER_KNOTS.);
#4910 = CARTESIAN_POINT('',(4.5,2.5));
#4911 = CARTESIAN_POINT('',(4.5,5.5));
#4912 = ( GEOMETRIC_REPRESENTATION_CONTEXT(2) 
PARAMETRIC_REPRESENTATION_CONTEXT() REPRESENTATION_CONTEXT('2D SPACE',''
  ) );
#4913 = PCURVE('',#4678,#4914);
#4914 = DEFINITIONAL_REPRESENTATION('',(#4915),#4918);
#4915 = B_SPLINE_CURVE_WITH_KNOTS('',1,(#4916,#4917),.UNSPECIFIED.,.F.,
  .F.,(2,2),(1.25,4.25),.PIECEWISE_BEZIER_KNOTS.);
#4916 = CARTESIAN_POINT('',(0.,2.));
#4917 = CARTESIAN_POINT('',(3.,2.));
#4918 = ( GEOMETRIC_REPRESENTATION_CONTEXT(2) 
PARAMETRIC_REPRESENTATION_CONTEXT() REPRESENTATION_CONTEXT('2D SPACE',''
  ) );
#4919 = ORIENTED_EDGE('',*,*,#4920,.F.);
#4920 = EDGE_CURVE('',#4858,#4900,#4921,.T.);
#4921 = SURFACE_CURVE('',#4922,(#4926,#4932),.PCURVE_S1.);
#4922 = LINE('',#4923,#4924);
#4923 = CARTESIAN_POINT('',(-22.5,55.,27.25));
#4924 = VECTOR('',#4925,1.);
#4925 = DIRECTION('',(0.,0.,-1.));
#4926 = PCURVE('',#3079,#4927);
#4927 = DEFINITIONAL_REPRESENTATION('',(#4928),#4931);
#4928 = B_SPLINE_CURVE_WITH_KNOTS('',1,(#4929,#4930),.UNSPECIFIED.,.F.,
  .F.,(2,2),(-13.25,-2.25),.PIECEWISE_BEZIER_KNOTS.);
#4929 = CARTESIAN_POINT('',(15.5,5.5));
#4930 = CARTESIAN_POINT('',(4.5,5.5));
#4931 = ( GEOMETRIC_REPRESENTATION_CONTEXT(2) 
PARAMETRIC_REPRESENTATION_CONTEXT() REPRESENTATION_CONTEXT('2D SPACE',''
  ) );
#4932 = PCURVE('',#4933,#4938);
#4933 = PLANE('',#4934);
#4934 = AXIS2_PLACEMENT_3D('',#4935,#4936,#4937);
#4935 = CARTESIAN_POINT('',(-22.5,53.,29.5));
#4936 = DIRECTION('',(1.,0.,0.));
#4937 = DIRECTION('',(0.,0.,1.));
#4938 = DEFINITIONAL_REPRESENTATION('',(#4939),#4942);
#4939 = B_SPLINE_CURVE_WITH_KNOTS('',1,(#4940,#4941),.UNSPECIFIED.,.F.,
  .F.,(2,2),(-13.25,-2.25),.PIECEWISE_BEZIER_KNOTS.);
#4940 = CARTESIAN_POINT('',(11.,-2.));
#4941 = CARTESIAN_POINT('',(0.,-2.));
#4942 = ( GEOMETRIC_REPRESENTATION_CONTEXT(2) 
PARAMETRIC_REPRESENTATION_CONTEXT() REPRESENTATION_CONTEXT('2D SPACE',''
  ) );
#4943 = FACE_BOUND('',#4944,.F.);
#4944 = EDGE_LOOP('',(#4945,#4968,#4989,#5010));
#4945 = ORIENTED_EDGE('',*,*,#4946,.F.);
#4946 = EDGE_CURVE('',#4947,#4949,#4951,.T.);
#4947 = VERTEX_POINT('',#4948);
#4948 = CARTESIAN_POINT('',(-25.5,55.,68.5));
#4949 = VERTEX_POINT('',#4950);
#4950 = CARTESIAN_POINT('',(-22.5,55.,68.5));
#4951 = SURFACE_CURVE('',#4952,(#4956,#4962),.PCURVE_S1.);
#4952 = LINE('',#4953,#4954);
#4953 = CARTESIAN_POINT('',(-26.75,55.,68.5));
#4954 = VECTOR('',#4955,1.);
#4955 = DIRECTION('',(1.,0.,0.));
#4956 = PCURVE('',#3079,#4957);
#4957 = DEFINITIONAL_REPRESENTATION('',(#4958),#4961);
#4958 = B_SPLINE_CURVE_WITH_KNOTS('',1,(#4959,#4960),.UNSPECIFIED.,.F.,
  .F.,(2,2),(1.25,4.25),.PIECEWISE_BEZIER_KNOTS.);
#4959 = CARTESIAN_POINT('',(43.5,2.5));
#4960 = CARTESIAN_POINT('',(43.5,5.5));
#4961 = ( GEOMETRIC_REPRESENTATION_CONTEXT(2) 
PARAMETRIC_REPRESENTATION_CONTEXT() REPRESENTATION_CONTEXT('2D SPACE',''
  ) );
#4962 = PCURVE('',#4732,#4963);
#4963 = DEFINITIONAL_REPRESENTATION('',(#4964),#4967);
#4964 = B_SPLINE_CURVE_WITH_KNOTS('',1,(#4965,#4966),.UNSPECIFIED.,.F.,
  .F.,(2,2),(1.25,4.25),.PIECEWISE_BEZIER_KNOTS.);
#4965 = CARTESIAN_POINT('',(0.,2.));
#4966 = CARTESIAN_POINT('',(3.,2.));
#4967 = ( GEOMETRIC_REPRESENTATION_CONTEXT(2) 
PARAMETRIC_REPRESENTATION_CONTEXT() REPRESENTATION_CONTEXT('2D SPACE',''
  ) );
#4968 = ORIENTED_EDGE('',*,*,#4969,.T.);
#4969 = EDGE_CURVE('',#4947,#4970,#4972,.T.);
#4970 = VERTEX_POINT('',#4971);
#4971 = CARTESIAN_POINT('',(-25.5,55.,57.5));
#4972 = SURFACE_CURVE('',#4973,(#4977,#4983),.PCURVE_S1.);
#4973 = LINE('',#4974,#4975);
#4974 = CARTESIAN_POINT('',(-25.5,55.,41.25));
#4975 = VECTOR('',#4976,1.);
#4976 = DIRECTION('',(0.,0.,-1.));
#4977 = PCURVE('',#3079,#4978);
#4978 = DEFINITIONAL_REPRESENTATION('',(#4979),#4982);
#4979 = B_SPLINE_CURVE_WITH_KNOTS('',1,(#4980,#4981),.UNSPECIFIED.,.F.,
  .F.,(2,2),(-27.25,-16.25),.PIECEWISE_BEZIER_KNOTS.);
#4980 = CARTESIAN_POINT('',(43.5,2.5));
#4981 = CARTESIAN_POINT('',(32.5,2.5));
#4982 = ( GEOMETRIC_REPRESENTATION_CONTEXT(2) 
PARAMETRIC_REPRESENTATION_CONTEXT() REPRESENTATION_CONTEXT('2D SPACE',''
  ) );
#4983 = PCURVE('',#4758,#4984);
#4984 = DEFINITIONAL_REPRESENTATION('',(#4985),#4988);
#4985 = B_SPLINE_CURVE_WITH_KNOTS('',1,(#4986,#4987),.UNSPECIFIED.,.F.,
  .F.,(2,2),(-27.25,-16.25),.PIECEWISE_BEZIER_KNOTS.);
#4986 = CARTESIAN_POINT('',(11.,-2.));
#4987 = CARTESIAN_POINT('',(0.,-2.));
#4988 = ( GEOMETRIC_REPRESENTATION_CONTEXT(2) 
PARAMETRIC_REPRESENTATION_CONTEXT() REPRESENTATION_CONTEXT('2D SPACE',''
  ) );
#4989 = ORIENTED_EDGE('',*,*,#4990,.T.);
#4990 = EDGE_CURVE('',#4970,#4991,#4993,.T.);
#4991 = VERTEX_POINT('',#4992);
#4992 = CARTESIAN_POINT('',(-22.5,55.,57.5));
#4993 = SURFACE_CURVE('',#4994,(#4998,#5004),.PCURVE_S1.);
#4994 = LINE('',#4995,#4996);
#4995 = CARTESIAN_POINT('',(-26.75,55.,57.5));
#4996 = VECTOR('',#4997,1.);
#4997 = DIRECTION('',(1.,0.,0.));
#4998 = PCURVE('',#3079,#4999);
#4999 = DEFINITIONAL_REPRESENTATION('',(#5000),#5003);
#5000 = B_SPLINE_CURVE_WITH_KNOTS('',1,(#5001,#5002),.UNSPECIFIED.,.F.,
  .F.,(2,2),(1.25,4.25),.PIECEWISE_BEZIER_KNOTS.);
#5001 = CARTESIAN_POINT('',(32.5,2.5));
#5002 = CARTESIAN_POINT('',(32.5,5.5));
#5003 = ( GEOMETRIC_REPRESENTATION_CONTEXT(2) 
PARAMETRIC_REPRESENTATION_CONTEXT() REPRESENTATION_CONTEXT('2D SPACE',''
  ) );
#5004 = PCURVE('',#4784,#5005);
#5005 = DEFINITIONAL_REPRESENTATION('',(#5006),#5009);
#5006 = B_SPLINE_CURVE_WITH_KNOTS('',1,(#5007,#5008),.UNSPECIFIED.,.F.,
  .F.,(2,2),(1.25,4.25),.PIECEWISE_BEZIER_KNOTS.);
#5007 = CARTESIAN_POINT('',(0.,2.));
#5008 = CARTESIAN_POINT('',(3.,2.));
#5009 = ( GEOMETRIC_REPRESENTATION_CONTEXT(2) 
PARAMETRIC_REPRESENTATION_CONTEXT() REPRESENTATION_CONTEXT('2D SPACE',''
  ) );
#5010 = ORIENTED_EDGE('',*,*,#5011,.F.);
#5011 = EDGE_CURVE('',#4949,#4991,#5012,.T.);
#5012 = SURFACE_CURVE('',#5013,(#5017,#5023),.PCURVE_S1.);
#5013 = LINE('',#5014,#5015);
#5014 = CARTESIAN_POINT('',(-22.5,55.,41.25));
#5015 = VECTOR('',#5016,1.);
#5016 = DIRECTION('',(0.,0.,-1.));
#5017 = PCURVE('',#3079,#5018);
#5018 = DEFINITIONAL_REPRESENTATION('',(#5019),#5022);
#5019 = B_SPLINE_CURVE_WITH_KNOTS('',1,(#5020,#5021),.UNSPECIFIED.,.F.,
  .F.,(2,2),(-27.25,-16.25),.PIECEWISE_BEZIER_KNOTS.);
#5020 = CARTESIAN_POINT('',(43.5,5.5));
#5021 = CARTESIAN_POINT('',(32.5,5.5));
#5022 = ( GEOMETRIC_REPRESENTATION_CONTEXT(2) 
PARAMETRIC_REPRESENTATION_CONTEXT() REPRESENTATION_CONTEXT('2D SPACE',''
  ) );
#5023 = PCURVE('',#5024,#5029);
#5024 = PLANE('',#5025);
#5025 = AXIS2_PLACEMENT_3D('',#5026,#5027,#5028);
#5026 = CARTESIAN_POINT('',(-22.5,53.,57.5));
#5027 = DIRECTION('',(1.,0.,0.));
#5028 = DIRECTION('',(0.,0.,1.));
#5029 = DEFINITIONAL_REPRESENTATION('',(#5030),#5033);
#5030 = B_SPLINE_CURVE_WITH_KNOTS('',1,(#5031,#5032),.UNSPECIFIED.,.F.,
  .F.,(2,2),(-27.25,-16.25),.PIECEWISE_BEZIER_KNOTS.);
#5031 = CARTESIAN_POINT('',(11.,-2.));
#5032 = CARTESIAN_POINT('',(0.,-2.));
#5033 = ( GEOMETRIC_REPRESENTATION_CONTEXT(2) 
PARAMETRIC_REPRESENTATION_CONTEXT() REPRESENTATION_CONTEXT('2D SPACE',''
  ) );
#5034 = ADVANCED_FACE('',(#5035,#5061,#5167),#3156,.F.);
#5035 = FACE_BOUND('',#5036,.F.);
#5036 = EDGE_LOOP('',(#5037,#5038,#5039,#5040));
#5037 = ORIENTED_EDGE('',*,*,#3777,.F.);
#5038 = ORIENTED_EDGE('',*,*,#3225,.F.);
#5039 = ORIENTED_EDGE('',*,*,#3140,.T.);
#5040 = ORIENTED_EDGE('',*,*,#5041,.F.);
#5041 = EDGE_CURVE('',#3778,#3141,#5042,.T.);
#5042 = SURFACE_CURVE('',#5043,(#5047,#5054),.PCURVE_S1.);
#5043 = LINE('',#5044,#5045);
#5044 = CARTESIAN_POINT('',(28.,55.,25.));
#5045 = VECTOR('',#5046,1.);
#5046 = DIRECTION('',(0.,0.,1.));
#5047 = PCURVE('',#3156,#5048);
#5048 = DEFINITIONAL_REPRESENTATION('',(#5049),#5053);
#5049 = LINE('',#5050,#5051);
#5050 = CARTESIAN_POINT('',(0.,9.));
#5051 = VECTOR('',#5052,1.);
#5052 = DIRECTION('',(1.,0.));
#5053 = ( GEOMETRIC_REPRESENTATION_CONTEXT(2) 
PARAMETRIC_REPRESENTATION_CONTEXT() REPRESENTATION_CONTEXT('2D SPACE',''
  ) );
#5054 = PCURVE('',#3184,#5055);
#5055 = DEFINITIONAL_REPRESENTATION('',(#5056),#5060);
#5056 = LINE('',#5057,#5058);
#5057 = CARTESIAN_POINT('',(0.,0.));
#5058 = VECTOR('',#5059,1.);
#5059 = DIRECTION('',(1.,0.));
#5060 = ( GEOMETRIC_REPRESENTATION_CONTEXT(2) 
PARAMETRIC_REPRESENTATION_CONTEXT() REPRESENTATION_CONTEXT('2D SPACE',''
  ) );
#5061 = FACE_BOUND('',#5062,.F.);
#5062 = EDGE_LOOP('',(#5063,#5091,#5117,#5143));
#5063 = ORIENTED_EDGE('',*,*,#5064,.F.);
#5064 = EDGE_CURVE('',#5065,#5067,#5069,.T.);
#5065 = VERTEX_POINT('',#5066);
#5066 = CARTESIAN_POINT('',(22.5,55.,40.5));
#5067 = VERTEX_POINT('',#5068);
#5068 = CARTESIAN_POINT('',(25.5,55.,40.5));
#5069 = SURFACE_CURVE('',#5070,(#5074,#5080),.PCURVE_S1.);
#5070 = LINE('',#5071,#5072);
#5071 = CARTESIAN_POINT('',(20.75,55.,40.5));
#5072 = VECTOR('',#5073,1.);
#5073 = DIRECTION('',(1.,0.,0.));
#5074 = PCURVE('',#3156,#5075);
#5075 = DEFINITIONAL_REPRESENTATION('',(#5076),#5079);
#5076 = B_SPLINE_CURVE_WITH_KNOTS('',1,(#5077,#5078),.UNSPECIFIED.,.F.,
  .F.,(2,2),(1.75,4.75),.PIECEWISE_BEZIER_KNOTS.);
#5077 = CARTESIAN_POINT('',(15.5,3.5));
#5078 = CARTESIAN_POINT('',(15.5,6.5));
#5079 = ( GEOMETRIC_REPRESENTATION_CONTEXT(2) 
PARAMETRIC_REPRESENTATION_CONTEXT() REPRESENTATION_CONTEXT('2D SPACE',''
  ) );
#5080 = PCURVE('',#5081,#5086);
#5081 = PLANE('',#5082);
#5082 = AXIS2_PLACEMENT_3D('',#5083,#5084,#5085);
#5083 = CARTESIAN_POINT('',(22.5,53.,40.5));
#5084 = DIRECTION('',(0.,0.,1.));
#5085 = DIRECTION('',(1.,0.,0.));
#5086 = DEFINITIONAL_REPRESENTATION('',(#5087),#5090);
#5087 = B_SPLINE_CURVE_WITH_KNOTS('',1,(#5088,#5089),.UNSPECIFIED.,.F.,
  .F.,(2,2),(1.75,4.75),.PIECEWISE_BEZIER_KNOTS.);
#5088 = CARTESIAN_POINT('',(0.,2.));
#5089 = CARTESIAN_POINT('',(3.,2.));
#5090 = ( GEOMETRIC_REPRESENTATION_CONTEXT(2) 
PARAMETRIC_REPRESENTATION_CONTEXT() REPRESENTATION_CONTEXT('2D SPACE',''
  ) );
#5091 = ORIENTED_EDGE('',*,*,#5092,.T.);
#5092 = EDGE_CURVE('',#5065,#5093,#5095,.T.);
#5093 = VERTEX_POINT('',#5094);
#5094 = CARTESIAN_POINT('',(22.5,55.,29.5));
#5095 = SURFACE_CURVE('',#5096,(#5100,#5106),.PCURVE_S1.);
#5096 = LINE('',#5097,#5098);
#5097 = CARTESIAN_POINT('',(22.5,55.,27.25));
#5098 = VECTOR('',#5099,1.);
#5099 = DIRECTION('',(0.,0.,-1.));
#5100 = PCURVE('',#3156,#5101);
#5101 = DEFINITIONAL_REPRESENTATION('',(#5102),#5105);
#5102 = B_SPLINE_CURVE_WITH_KNOTS('',1,(#5103,#5104),.UNSPECIFIED.,.F.,
  .F.,(2,2),(-13.25,-2.25),.PIECEWISE_BEZIER_KNOTS.);
#5103 = CARTESIAN_POINT('',(15.5,3.5));
#5104 = CARTESIAN_POINT('',(4.5,3.5));
#5105 = ( GEOMETRIC_REPRESENTATION_CONTEXT(2) 
PARAMETRIC_REPRESENTATION_CONTEXT() REPRESENTATION_CONTEXT('2D SPACE',''
  ) );
#5106 = PCURVE('',#5107,#5112);
#5107 = PLANE('',#5108);
#5108 = AXIS2_PLACEMENT_3D('',#5109,#5110,#5111);
#5109 = CARTESIAN_POINT('',(22.5,53.,29.5));
#5110 = DIRECTION('',(1.,0.,0.));
#5111 = DIRECTION('',(0.,0.,1.));
#5112 = DEFINITIONAL_REPRESENTATION('',(#5113),#5116);
#5113 = B_SPLINE_CURVE_WITH_KNOTS('',1,(#5114,#5115),.UNSPECIFIED.,.F.,
  .F.,(2,2),(-13.25,-2.25),.PIECEWISE_BEZIER_KNOTS.);
#5114 = CARTESIAN_POINT('',(11.,-2.));
#5115 = CARTESIAN_POINT('',(0.,-2.));
#5116 = ( GEOMETRIC_REPRESENTATION_CONTEXT(2) 
PARAMETRIC_REPRESENTATION_CONTEXT() REPRESENTATION_CONTEXT('2D SPACE',''
  ) );
#5117 = ORIENTED_EDGE('',*,*,#5118,.T.);
#5118 = EDGE_CURVE('',#5093,#5119,#5121,.T.);
#5119 = VERTEX_POINT('',#5120);
#5120 = CARTESIAN_POINT('',(25.5,55.,29.5));
#5121 = SURFACE_CURVE('',#5122,(#5126,#5132),.PCURVE_S1.);
#5122 = LINE('',#5123,#5124);
#5123 = CARTESIAN_POINT('',(20.75,55.,29.5));
#5124 = VECTOR('',#5125,1.);
#5125 = DIRECTION('',(1.,0.,0.));
#5126 = PCURVE('',#3156,#5127);
#5127 = DEFINITIONAL_REPRESENTATION('',(#5128),#5131);
#5128 = B_SPLINE_CURVE_WITH_KNOTS('',1,(#5129,#5130),.UNSPECIFIED.,.F.,
  .F.,(2,2),(1.75,4.75),.PIECEWISE_BEZIER_KNOTS.);
#5129 = CARTESIAN_POINT('',(4.5,3.5));
#5130 = CARTESIAN_POINT('',(4.5,6.5));
#5131 = ( GEOMETRIC_REPRESENTATION_CONTEXT(2) 
PARAMETRIC_REPRESENTATION_CONTEXT() REPRESENTATION_CONTEXT('2D SPACE',''
  ) );
#5132 = PCURVE('',#5133,#5138);
#5133 = PLANE('',#5134);
#5134 = AXIS2_PLACEMENT_3D('',#5135,#5136,#5137);
#5135 = CARTESIAN_POINT('',(22.5,53.,29.5));
#5136 = DIRECTION('',(0.,0.,1.));
#5137 = DIRECTION('',(1.,0.,0.));
#5138 = DEFINITIONAL_REPRESENTATION('',(#5139),#5142);
#5139 = B_SPLINE_CURVE_WITH_KNOTS('',1,(#5140,#5141),.UNSPECIFIED.,.F.,
  .F.,(2,2),(1.75,4.75),.PIECEWISE_BEZIER_KNOTS.);
#5140 = CARTESIAN_POINT('',(0.,2.));
#5141 = CARTESIAN_POINT('',(3.,2.));
#5142 = ( GEOMETRIC_REPRESENTATION_CONTEXT(2) 
PARAMETRIC_REPRESENTATION_CONTEXT() REPRESENTATION_CONTEXT('2D SPACE',''
  ) );
#5143 = ORIENTED_EDGE('',*,*,#5144,.F.);
#5144 = EDGE_CURVE('',#5067,#5119,#5145,.T.);
#5145 = SURFACE_CURVE('',#5146,(#5150,#5156),.PCURVE_S1.);
#5146 = LINE('',#5147,#5148);
#5147 = CARTESIAN_POINT('',(25.5,55.,27.25));
#5148 = VECTOR('',#5149,1.);
#5149 = DIRECTION('',(0.,0.,-1.));
#5150 = PCURVE('',#3156,#5151);
#5151 = DEFINITIONAL_REPRESENTATION('',(#5152),#5155);
#5152 = B_SPLINE_CURVE_WITH_KNOTS('',1,(#5153,#5154),.UNSPECIFIED.,.F.,
  .F.,(2,2),(-13.25,-2.25),.PIECEWISE_BEZIER_KNOTS.);
#5153 = CARTESIAN_POINT('',(15.5,6.5));
#5154 = CARTESIAN_POINT('',(4.5,6.5));
#5155 = ( GEOMETRIC_REPRESENTATION_CONTEXT(2) 
PARAMETRIC_REPRESENTATION_CONTEXT() REPRESENTATION_CONTEXT('2D SPACE',''
  ) );
#5156 = PCURVE('',#5157,#5162);
#5157 = PLANE('',#5158);
#5158 = AXIS2_PLACEMENT_3D('',#5159,#5160,#5161);
#5159 = CARTESIAN_POINT('',(25.5,53.,29.5));
#5160 = DIRECTION('',(1.,0.,0.));
#5161 = DIRECTION('',(0.,0.,1.));
#5162 = DEFINITIONAL_REPRESENTATION('',(#5163),#5166);
#5163 = B_SPLINE_CURVE_WITH_KNOTS('',1,(#5164,#5165),.UNSPECIFIED.,.F.,
  .F.,(2,2),(-13.25,-2.25),.PIECEWISE_BEZIER_KNOTS.);
#5164 = CARTESIAN_POINT('',(11.,-2.));
#5165 = CARTESIAN_POINT('',(0.,-2.));
#5166 = ( GEOMETRIC_REPRESENTATION_CONTEXT(2) 
PARAMETRIC_REPRESENTATION_CONTEXT() REPRESENTATION_CONTEXT('2D SPACE',''
  ) );
#5167 = FACE_BOUND('',#5168,.F.);
#5168 = EDGE_LOOP('',(#5169,#5197,#5223,#5249));
#5169 = ORIENTED_EDGE('',*,*,#5170,.F.);
#5170 = EDGE_CURVE('',#5171,#5173,#5175,.T.);
#5171 = VERTEX_POINT('',#5172);
#5172 = CARTESIAN_POINT('',(22.5,55.,68.5));
#5173 = VERTEX_POINT('',#5174);
#5174 = CARTESIAN_POINT('',(25.5,55.,68.5));
#5175 = SURFACE_CURVE('',#5176,(#5180,#5186),.PCURVE_S1.);
#5176 = LINE('',#5177,#5178);
#5177 = CARTESIAN_POINT('',(20.75,55.,68.5));
#5178 = VECTOR('',#5179,1.);
#5179 = DIRECTION('',(1.,0.,0.));
#5180 = PCURVE('',#3156,#5181);
#5181 = DEFINITIONAL_REPRESENTATION('',(#5182),#5185);
#5182 = B_SPLINE_CURVE_WITH_KNOTS('',1,(#5183,#5184),.UNSPECIFIED.,.F.,
  .F.,(2,2),(1.75,4.75),.PIECEWISE_BEZIER_KNOTS.);
#5183 = CARTESIAN_POINT('',(43.5,3.5));
#5184 = CARTESIAN_POINT('',(43.5,6.5));
#5185 = ( GEOMETRIC_REPRESENTATION_CONTEXT(2) 
PARAMETRIC_REPRESENTATION_CONTEXT() REPRESENTATION_CONTEXT('2D SPACE',''
  ) );
#5186 = PCURVE('',#5187,#5192);
#5187 = PLANE('',#5188);
#5188 = AXIS2_PLACEMENT_3D('',#5189,#5190,#5191);
#5189 = CARTESIAN_POINT('',(22.5,53.,68.5));
#5190 = DIRECTION('',(0.,0.,1.));
#5191 = DIRECTION('',(1.,0.,0.));
#5192 = DEFINITIONAL_REPRESENTATION('',(#5193),#5196);
#5193 = B_SPLINE_CURVE_WITH_KNOTS('',1,(#5194,#5195),.UNSPECIFIED.,.F.,
  .F.,(2,2),(1.75,4.75),.PIECEWISE_BEZIER_KNOTS.);
#5194 = CARTESIAN_POINT('',(0.,2.));
#5195 = CARTESIAN_POINT('',(3.,2.));
#5196 = ( GEOMETRIC_REPRESENTATION_CONTEXT(2) 
PARAMETRIC_REPRESENTATION_CONTEXT() REPRESENTATION_CONTEXT('2D SPACE',''
  ) );
#5197 = ORIENTED_EDGE('',*,*,#5198,.T.);
#5198 = EDGE_CURVE('',#5171,#5199,#5201,.T.);
#5199 = VERTEX_POINT('',#5200);
#5200 = CARTESIAN_POINT('',(22.5,55.,57.5));
#5201 = SURFACE_CURVE('',#5202,(#5206,#5212),.PCURVE_S1.);
#5202 = LINE('',#5203,#5204);
#5203 = CARTESIAN_POINT('',(22.5,55.,41.25));
#5204 = VECTOR('',#5205,1.);
#5205 = DIRECTION('',(0.,0.,-1.));
#5206 = PCURVE('',#3156,#5207);
#5207 = DEFINITIONAL_REPRESENTATION('',(#5208),#5211);
#5208 = B_SPLINE_CURVE_WITH_KNOTS('',1,(#5209,#5210),.UNSPECIFIED.,.F.,
  .F.,(2,2),(-27.25,-16.25),.PIECEWISE_BEZIER_KNOTS.);
#5209 = CARTESIAN_POINT('',(43.5,3.5));
#5210 = CARTESIAN_POINT('',(32.5,3.5));
#5211 = ( GEOMETRIC_REPRESENTATION_CONTEXT(2) 
PARAMETRIC_REPRESENTATION_CONTEXT() REPRESENTATION_CONTEXT('2D SPACE',''
  ) );
#5212 = PCURVE('',#5213,#5218);
#5213 = PLANE('',#5214);
#5214 = AXIS2_PLACEMENT_3D('',#5215,#5216,#5217);
#5215 = CARTESIAN_POINT('',(22.5,53.,57.5));
#5216 = DIRECTION('',(1.,0.,0.));
#5217 = DIRECTION('',(0.,0.,1.));
#5218 = DEFINITIONAL_REPRESENTATION('',(#5219),#5222);
#5219 = B_SPLINE_CURVE_WITH_KNOTS('',1,(#5220,#5221),.UNSPECIFIED.,.F.,
  .F.,(2,2),(-27.25,-16.25),.PIECEWISE_BEZIER_KNOTS.);
#5220 = CARTESIAN_POINT('',(11.,-2.));
#5221 = CARTESIAN_POINT('',(0.,-2.));
#5222 = ( GEOMETRIC_REPRESENTATION_CONTEXT(2) 
PARAMETRIC_REPRESENTATION_CONTEXT() REPRESENTATION_CONTEXT('2D SPACE',''
  ) );
#5223 = ORIENTED_EDGE('',*,*,#5224,.T.);
#5224 = EDGE_CURVE('',#5199,#5225,#5227,.T.);
#5225 = VERTEX_POINT('',#5226);
#5226 = CARTESIAN_POINT('',(25.5,55.,57.5));
#5227 = SURFACE_CURVE('',#5228,(#5232,#5238),.PCURVE_S1.);
#5228 = LINE('',#5229,#5230);
#5229 = CARTESIAN_POINT('',(20.75,55.,57.5));
#5230 = VECTOR('',#5231,1.);
#5231 = DIRECTION('',(1.,0.,0.));
#5232 = PCURVE('',#3156,#5233);
#5233 = DEFINITIONAL_REPRESENTATION('',(#5234),#5237);
#5234 = B_SPLINE_CURVE_WITH_KNOTS('',1,(#5235,#5236),.UNSPECIFIED.,.F.,
  .F.,(2,2),(1.75,4.75),.PIECEWISE_BEZIER_KNOTS.);
#5235 = CARTESIAN_POINT('',(32.5,3.5));
#5236 = CARTESIAN_POINT('',(32.5,6.5));
#5237 = ( GEOMETRIC_REPRESENTATION_CONTEXT(2) 
PARAMETRIC_REPRESENTATION_CONTEXT() REPRESENTATION_CONTEXT('2D SPACE',''
  ) );
#5238 = PCURVE('',#5239,#5244);
#5239 = PLANE('',#5240);
#5240 = AXIS2_PLACEMENT_3D('',#5241,#5242,#5243);
#5241 = CARTESIAN_POINT('',(22.5,53.,57.5));
#5242 = DIRECTION('',(0.,0.,1.));
#5243 = DIRECTION('',(1.,0.,0.));
#5244 = DEFINITIONAL_REPRESENTATION('',(#5245),#5248);
#5245 = B_SPLINE_CURVE_WITH_KNOTS('',1,(#5246,#5247),.UNSPECIFIED.,.F.,
  .F.,(2,2),(1.75,4.75),.PIECEWISE_BEZIER_KNOTS.);
#5246 = CARTESIAN_POINT('',(0.,2.));
#5247 = CARTESIAN_POINT('',(3.,2.));
#5248 = ( GEOMETRIC_REPRESENTATION_CONTEXT(2) 
PARAMETRIC_REPRESENTATION_CONTEXT() REPRESENTATION_CONTEXT('2D SPACE',''
  ) );
#5249 = ORIENTED_EDGE('',*,*,#5250,.F.);
#5250 = EDGE_CURVE('',#5173,#5225,#5251,.T.);
#5251 = SURFACE_CURVE('',#5252,(#5256,#5262),.PCURVE_S1.);
#5252 = LINE('',#5253,#5254);
#5253 = CARTESIAN_POINT('',(25.5,55.,41.25));
#5254 = VECTOR('',#5255,1.);
#5255 = DIRECTION('',(0.,0.,-1.));
#5256 = PCURVE('',#3156,#5257);
#5257 = DEFINITIONAL_REPRESENTATION('',(#5258),#5261);
#5258 = B_SPLINE_CURVE_WITH_KNOTS('',1,(#5259,#5260),.UNSPECIFIED.,.F.,
  .F.,(2,2),(-27.25,-16.25),.PIECEWISE_BEZIER_KNOTS.);
#5259 = CARTESIAN_POINT('',(43.5,6.5));
#5260 = CARTESIAN_POINT('',(32.5,6.5));
#5261 = ( GEOMETRIC_REPRESENTATION_CONTEXT(2) 
PARAMETRIC_REPRESENTATION_CONTEXT() REPRESENTATION_CONTEXT('2D SPACE',''
  ) );
#5262 = PCURVE('',#5263,#5268);
#5263 = PLANE('',#5264);
#5264 = AXIS2_PLACEMENT_3D('',#5265,#5266,#5267);
#5265 = CARTESIAN_POINT('',(25.5,53.,57.5));
#5266 = DIRECTION('',(1.,0.,0.));
#5267 = DIRECTION('',(0.,0.,1.));
#5268 = DEFINITIONAL_REPRESENTATION('',(#5269),#5272);
#5269 = B_SPLINE_CURVE_WITH_KNOTS('',1,(#5270,#5271),.UNSPECIFIED.,.F.,
  .F.,(2,2),(-27.25,-16.25),.PIECEWISE_BEZIER_KNOTS.);
#5270 = CARTESIAN_POINT('',(11.,-2.));
#5271 = CARTESIAN_POINT('',(0.,-2.));
#5272 = ( GEOMETRIC_REPRESENTATION_CONTEXT(2) 
PARAMETRIC_REPRESENTATION_CONTEXT() REPRESENTATION_CONTEXT('2D SPACE',''
  ) );
#5273 = ADVANCED_FACE('',(#5274),#3184,.T.);
#5274 = FACE_BOUND('',#5275,.T.);
#5275 = EDGE_LOOP('',(#5276,#5277,#5278,#5299));
#5276 = ORIENTED_EDGE('',*,*,#5041,.F.);
#5277 = ORIENTED_EDGE('',*,*,#3800,.T.);
#5278 = ORIENTED_EDGE('',*,*,#5279,.T.);
#5279 = EDGE_CURVE('',#3801,#3169,#5280,.T.);
#5280 = SURFACE_CURVE('',#5281,(#5285,#5292),.PCURVE_S1.);
#5281 = LINE('',#5282,#5283);
#5282 = CARTESIAN_POINT('',(28.,63.,25.));
#5283 = VECTOR('',#5284,1.);
#5284 = DIRECTION('',(0.,0.,1.));
#5285 = PCURVE('',#3184,#5286);
#5286 = DEFINITIONAL_REPRESENTATION('',(#5287),#5291);
#5287 = LINE('',#5288,#5289);
#5288 = CARTESIAN_POINT('',(0.,-8.));
#5289 = VECTOR('',#5290,1.);
#5290 = DIRECTION('',(1.,0.));
#5291 = ( GEOMETRIC_REPRESENTATION_CONTEXT(2) 
PARAMETRIC_REPRESENTATION_CONTEXT() REPRESENTATION_CONTEXT('2D SPACE',''
  ) );
#5292 = PCURVE('',#3210,#5293);
#5293 = DEFINITIONAL_REPRESENTATION('',(#5294),#5298);
#5294 = LINE('',#5295,#5296);
#5295 = CARTESIAN_POINT('',(0.,9.));
#5296 = VECTOR('',#5297,1.);
#5297 = DIRECTION('',(1.,0.));
#5298 = ( GEOMETRIC_REPRESENTATION_CONTEXT(2) 
PARAMETRIC_REPRESENTATION_CONTEXT() REPRESENTATION_CONTEXT('2D SPACE',''
  ) );
#5299 = ORIENTED_EDGE('',*,*,#3168,.F.);
#5300 = ADVANCED_FACE('',(#5301,#5307,#5398),#3210,.T.);
#5301 = FACE_BOUND('',#5302,.T.);
#5302 = EDGE_LOOP('',(#5303,#5304,#5305,#5306));
#5303 = ORIENTED_EDGE('',*,*,#3823,.F.);
#5304 = ORIENTED_EDGE('',*,*,#4532,.T.);
#5305 = ORIENTED_EDGE('',*,*,#3196,.T.);
#5306 = ORIENTED_EDGE('',*,*,#5279,.F.);
#5307 = FACE_BOUND('',#5308,.T.);
#5308 = EDGE_LOOP('',(#5309,#5332,#5358,#5379));
#5309 = ORIENTED_EDGE('',*,*,#5310,.F.);
#5310 = EDGE_CURVE('',#5311,#5313,#5315,.T.);
#5311 = VERTEX_POINT('',#5312);
#5312 = CARTESIAN_POINT('',(22.5,63.,40.5));
#5313 = VERTEX_POINT('',#5314);
#5314 = CARTESIAN_POINT('',(25.5,63.,40.5));
#5315 = SURFACE_CURVE('',#5316,(#5320,#5326),.PCURVE_S1.);
#5316 = LINE('',#5317,#5318);
#5317 = CARTESIAN_POINT('',(20.75,63.,40.5));
#5318 = VECTOR('',#5319,1.);
#5319 = DIRECTION('',(1.,0.,0.));
#5320 = PCURVE('',#3210,#5321);
#5321 = DEFINITIONAL_REPRESENTATION('',(#5322),#5325);
#5322 = B_SPLINE_CURVE_WITH_KNOTS('',1,(#5323,#5324),.UNSPECIFIED.,.F.,
  .F.,(2,2),(1.75,4.75),.PIECEWISE_BEZIER_KNOTS.);
#5323 = CARTESIAN_POINT('',(15.5,3.5));
#5324 = CARTESIAN_POINT('',(15.5,6.5));
#5325 = ( GEOMETRIC_REPRESENTATION_CONTEXT(2) 
PARAMETRIC_REPRESENTATION_CONTEXT() REPRESENTATION_CONTEXT('2D SPACE',''
  ) );
#5326 = PCURVE('',#5081,#5327);
#5327 = DEFINITIONAL_REPRESENTATION('',(#5328),#5331);
#5328 = B_SPLINE_CURVE_WITH_KNOTS('',1,(#5329,#5330),.UNSPECIFIED.,.F.,
  .F.,(2,2),(1.75,4.75),.PIECEWISE_BEZIER_KNOTS.);
#5329 = CARTESIAN_POINT('',(0.,10.));
#5330 = CARTESIAN_POINT('',(3.,10.));
#5331 = ( GEOMETRIC_REPRESENTATION_CONTEXT(2) 
PARAMETRIC_REPRESENTATION_CONTEXT() REPRESENTATION_CONTEXT('2D SPACE',''
  ) );
#5332 = ORIENTED_EDGE('',*,*,#5333,.T.);
#5333 = EDGE_CURVE('',#5311,#5334,#5336,.T.);
#5334 = VERTEX_POINT('',#5335);
#5335 = CARTESIAN_POINT('',(22.5,63.,29.5));
#5336 = SURFACE_CURVE('',#5337,(#5341,#5347),.PCURVE_S1.);
#5337 = LINE('',#5338,#5339);
#5338 = CARTESIAN_POINT('',(22.5,63.,27.25));
#5339 = VECTOR('',#5340,1.);
#5340 = DIRECTION('',(0.,0.,-1.));
#5341 = PCURVE('',#3210,#5342);
#5342 = DEFINITIONAL_REPRESENTATION('',(#5343),#5346);
#5343 = B_SPLINE_CURVE_WITH_KNOTS('',1,(#5344,#5345),.UNSPECIFIED.,.F.,
  .F.,(2,2),(-13.25,-2.25),.PIECEWISE_BEZIER_KNOTS.);
#5344 = CARTESIAN_POINT('',(15.5,3.5));
#5345 = CARTESIAN_POINT('',(4.5,3.5));
#5346 = ( GEOMETRIC_REPRESENTATION_CONTEXT(2) 
PARAMETRIC_REPRESENTATION_CONTEXT() REPRESENTATION_CONTEXT('2D SPACE',''
  ) );
#5347 = PCURVE('',#5348,#5353);
#5348 = PLANE('',#5349);
#5349 = AXIS2_PLACEMENT_3D('',#5350,#5351,#5352);
#5350 = CARTESIAN_POINT('',(22.5,53.,29.5));
#5351 = DIRECTION('',(1.,0.,0.));
#5352 = DIRECTION('',(0.,0.,1.));
#5353 = DEFINITIONAL_REPRESENTATION('',(#5354),#5357);
#5354 = B_SPLINE_CURVE_WITH_KNOTS('',1,(#5355,#5356),.UNSPECIFIED.,.F.,
  .F.,(2,2),(-13.25,-2.25),.PIECEWISE_BEZIER_KNOTS.);
#5355 = CARTESIAN_POINT('',(11.,-10.));
#5356 = CARTESIAN_POINT('',(0.,-10.));
#5357 = ( GEOMETRIC_REPRESENTATION_CONTEXT(2) 
PARAMETRIC_REPRESENTATION_CONTEXT() REPRESENTATION_CONTEXT('2D SPACE',''
  ) );
#5358 = ORIENTED_EDGE('',*,*,#5359,.T.);
#5359 = EDGE_CURVE('',#5334,#5360,#5362,.T.);
#5360 = VERTEX_POINT('',#5361);
#5361 = CARTESIAN_POINT('',(25.5,63.,29.5));
#5362 = SURFACE_CURVE('',#5363,(#5367,#5373),.PCURVE_S1.);
#5363 = LINE('',#5364,#5365);
#5364 = CARTESIAN_POINT('',(20.75,63.,29.5));
#5365 = VECTOR('',#5366,1.);
#5366 = DIRECTION('',(1.,0.,0.));
#5367 = PCURVE('',#3210,#5368);
#5368 = DEFINITIONAL_REPRESENTATION('',(#5369),#5372);
#5369 = B_SPLINE_CURVE_WITH_KNOTS('',1,(#5370,#5371),.UNSPECIFIED.,.F.,
  .F.,(2,2),(1.75,4.75),.PIECEWISE_BEZIER_KNOTS.);
#5370 = CARTESIAN_POINT('',(4.5,3.5));
#5371 = CARTESIAN_POINT('',(4.5,6.5));
#5372 = ( GEOMETRIC_REPRESENTATION_CONTEXT(2) 
PARAMETRIC_REPRESENTATION_CONTEXT() REPRESENTATION_CONTEXT('2D SPACE',''
  ) );
#5373 = PCURVE('',#5133,#5374);
#5374 = DEFINITIONAL_REPRESENTATION('',(#5375),#5378);
#5375 = B_SPLINE_CURVE_WITH_KNOTS('',1,(#5376,#5377),.UNSPECIFIED.,.F.,
  .F.,(2,2),(1.75,4.75),.PIECEWISE_BEZIER_KNOTS.);
#5376 = CARTESIAN_POINT('',(0.,10.));
#5377 = CARTESIAN_POINT('',(3.,10.));
#5378 = ( GEOMETRIC_REPRESENTATION_CONTEXT(2) 
PARAMETRIC_REPRESENTATION_CONTEXT() REPRESENTATION_CONTEXT('2D SPACE',''
  ) );
#5379 = ORIENTED_EDGE('',*,*,#5380,.F.);
#5380 = EDGE_CURVE('',#5313,#5360,#5381,.T.);
#5381 = SURFACE_CURVE('',#5382,(#5386,#5392),.PCURVE_S1.);
#5382 = LINE('',#5383,#5384);
#5383 = CARTESIAN_POINT('',(25.5,63.,27.25));
#5384 = VECTOR('',#5385,1.);
#5385 = DIRECTION('',(0.,0.,-1.));
#5386 = PCURVE('',#3210,#5387);
#5387 = DEFINITIONAL_REPRESENTATION('',(#5388),#5391);
#5388 = B_SPLINE_CURVE_WITH_KNOTS('',1,(#5389,#5390),.UNSPECIFIED.,.F.,
  .F.,(2,2),(-13.25,-2.25),.PIECEWISE_BEZIER_KNOTS.);
#5389 = CARTESIAN_POINT('',(15.5,6.5));
#5390 = CARTESIAN_POINT('',(4.5,6.5));
#5391 = ( GEOMETRIC_REPRESENTATION_CONTEXT(2) 
PARAMETRIC_REPRESENTATION_CONTEXT() REPRESENTATION_CONTEXT('2D SPACE',''
  ) );
#5392 = PCURVE('',#5157,#5393);
#5393 = DEFINITIONAL_REPRESENTATION('',(#5394),#5397);
#5394 = B_SPLINE_CURVE_WITH_KNOTS('',1,(#5395,#5396),.UNSPECIFIED.,.F.,
  .F.,(2,2),(-13.25,-2.25),.PIECEWISE_BEZIER_KNOTS.);
#5395 = CARTESIAN_POINT('',(11.,-10.));
#5396 = CARTESIAN_POINT('',(0.,-10.));
#5397 = ( GEOMETRIC_REPRESENTATION_CONTEXT(2) 
PARAMETRIC_REPRESENTATION_CONTEXT() REPRESENTATION_CONTEXT('2D SPACE',''
  ) );
#5398 = FACE_BOUND('',#5399,.T.);
#5399 = EDGE_LOOP('',(#5400,#5423,#5449,#5470));
#5400 = ORIENTED_EDGE('',*,*,#5401,.F.);
#5401 = EDGE_CURVE('',#5402,#5404,#5406,.T.);
#5402 = VERTEX_POINT('',#5403);
#5403 = CARTESIAN_POINT('',(22.5,63.,68.5));
#5404 = VERTEX_POINT('',#5405);
#5405 = CARTESIAN_POINT('',(25.5,63.,68.5));
#5406 = SURFACE_CURVE('',#5407,(#5411,#5417),.PCURVE_S1.);
#5407 = LINE('',#5408,#5409);
#5408 = CARTESIAN_POINT('',(20.75,63.,68.5));
#5409 = VECTOR('',#5410,1.);
#5410 = DIRECTION('',(1.,0.,0.));
#5411 = PCURVE('',#3210,#5412);
#5412 = DEFINITIONAL_REPRESENTATION('',(#5413),#5416);
#5413 = B_SPLINE_CURVE_WITH_KNOTS('',1,(#5414,#5415),.UNSPECIFIED.,.F.,
  .F.,(2,2),(1.75,4.75),.PIECEWISE_BEZIER_KNOTS.);
#5414 = CARTESIAN_POINT('',(43.5,3.5));
#5415 = CARTESIAN_POINT('',(43.5,6.5));
#5416 = ( GEOMETRIC_REPRESENTATION_CONTEXT(2) 
PARAMETRIC_REPRESENTATION_CONTEXT() REPRESENTATION_CONTEXT('2D SPACE',''
  ) );
#5417 = PCURVE('',#5187,#5418);
#5418 = DEFINITIONAL_REPRESENTATION('',(#5419),#5422);
#5419 = B_SPLINE_CURVE_WITH_KNOTS('',1,(#5420,#5421),.UNSPECIFIED.,.F.,
  .F.,(2,2),(1.75,4.75),.PIECEWISE_BEZIER_KNOTS.);
#5420 = CARTESIAN_POINT('',(0.,10.));
#5421 = CARTESIAN_POINT('',(3.,10.));
#5422 = ( GEOMETRIC_REPRESENTATION_CONTEXT(2) 
PARAMETRIC_REPRESENTATION_CONTEXT() REPRESENTATION_CONTEXT('2D SPACE',''
  ) );
#5423 = ORIENTED_EDGE('',*,*,#5424,.T.);
#5424 = EDGE_CURVE('',#5402,#5425,#5427,.T.);
#5425 = VERTEX_POINT('',#5426);
#5426 = CARTESIAN_POINT('',(22.5,63.,57.5));
#5427 = SURFACE_CURVE('',#5428,(#5432,#5438),.PCURVE_S1.);
#5428 = LINE('',#5429,#5430);
#5429 = CARTESIAN_POINT('',(22.5,63.,41.25));
#5430 = VECTOR('',#5431,1.);
#5431 = DIRECTION('',(0.,0.,-1.));
#5432 = PCURVE('',#3210,#5433);
#5433 = DEFINITIONAL_REPRESENTATION('',(#5434),#5437);
#5434 = B_SPLINE_CURVE_WITH_KNOTS('',1,(#5435,#5436),.UNSPECIFIED.,.F.,
  .F.,(2,2),(-27.25,-16.25),.PIECEWISE_BEZIER_KNOTS.);
#5435 = CARTESIAN_POINT('',(43.5,3.5));
#5436 = CARTESIAN_POINT('',(32.5,3.5));
#5437 = ( GEOMETRIC_REPRESENTATION_CONTEXT(2) 
PARAMETRIC_REPRESENTATION_CONTEXT() REPRESENTATION_CONTEXT('2D SPACE',''
  ) );
#5438 = PCURVE('',#5439,#5444);
#5439 = PLANE('',#5440);
#5440 = AXIS2_PLACEMENT_3D('',#5441,#5442,#5443);
#5441 = CARTESIAN_POINT('',(22.5,53.,57.5));
#5442 = DIRECTION('',(1.,0.,0.));
#5443 = DIRECTION('',(0.,0.,1.));
#5444 = DEFINITIONAL_REPRESENTATION('',(#5445),#5448);
#5445 = B_SPLINE_CURVE_WITH_KNOTS('',1,(#5446,#5447),.UNSPECIFIED.,.F.,
  .F.,(2,2),(-27.25,-16.25),.PIECEWISE_BEZIER_KNOTS.);
#5446 = CARTESIAN_POINT('',(11.,-10.));
#5447 = CARTESIAN_POINT('',(0.,-10.));
#5448 = ( GEOMETRIC_REPRESENTATION_CONTEXT(2) 
PARAMETRIC_REPRESENTATION_CONTEXT() REPRESENTATION_CONTEXT('2D SPACE',''
  ) );
#5449 = ORIENTED_EDGE('',*,*,#5450,.T.);
#5450 = EDGE_CURVE('',#5425,#5451,#5453,.T.);
#5451 = VERTEX_POINT('',#5452);
#5452 = CARTESIAN_POINT('',(25.5,63.,57.5));
#5453 = SURFACE_CURVE('',#5454,(#5458,#5464),.PCURVE_S1.);
#5454 = LINE('',#5455,#5456);
#5455 = CARTESIAN_POINT('',(20.75,63.,57.5));
#5456 = VECTOR('',#5457,1.);
#5457 = DIRECTION('',(1.,0.,0.));
#5458 = PCURVE('',#3210,#5459);
#5459 = DEFINITIONAL_REPRESENTATION('',(#5460),#5463);
#5460 = B_SPLINE_CURVE_WITH_KNOTS('',1,(#5461,#5462),.UNSPECIFIED.,.F.,
  .F.,(2,2),(1.75,4.75),.PIECEWISE_BEZIER_KNOTS.);
#5461 = CARTESIAN_POINT('',(32.5,3.5));
#5462 = CARTESIAN_POINT('',(32.5,6.5));
#5463 = ( GEOMETRIC_REPRESENTATION_CONTEXT(2) 
PARAMETRIC_REPRESENTATION_CONTEXT() REPRESENTATION_CONTEXT('2D SPACE',''
  ) );
#5464 = PCURVE('',#5239,#5465);
#5465 = DEFINITIONAL_REPRESENTATION('',(#5466),#5469);
#5466 = B_SPLINE_CURVE_WITH_KNOTS('',1,(#5467,#5468),.UNSPECIFIED.,.F.,
  .F.,(2,2),(1.75,4.75),.PIECEWISE_BEZIER_KNOTS.);
#5467 = CARTESIAN_POINT('',(0.,10.));
#5468 = CARTESIAN_POINT('',(3.,10.));
#5469 = ( GEOMETRIC_REPRESENTATION_CONTEXT(2) 
PARAMETRIC_REPRESENTATION_CONTEXT() REPRESENTATION_CONTEXT('2D SPACE',''
  ) );
#5470 = ORIENTED_EDGE('',*,*,#5471,.F.);
#5471 = EDGE_CURVE('',#5404,#5451,#5472,.T.);
#5472 = SURFACE_CURVE('',#5473,(#5477,#5483),.PCURVE_S1.);
#5473 = LINE('',#5474,#5475);
#5474 = CARTESIAN_POINT('',(25.5,63.,41.25));
#5475 = VECTOR('',#5476,1.);
#5476 = DIRECTION('',(0.,0.,-1.));
#5477 = PCURVE('',#3210,#5478);
#5478 = DEFINITIONAL_REPRESENTATION('',(#5479),#5482);
#5479 = B_SPLINE_CURVE_WITH_KNOTS('',1,(#5480,#5481),.UNSPECIFIED.,.F.,
  .F.,(2,2),(-27.25,-16.25),.PIECEWISE_BEZIER_KNOTS.);
#5480 = CARTESIAN_POINT('',(43.5,6.5));
#5481 = CARTESIAN_POINT('',(32.5,6.5));
#5482 = ( GEOMETRIC_REPRESENTATION_CONTEXT(2) 
PARAMETRIC_REPRESENTATION_CONTEXT() REPRESENTATION_CONTEXT('2D SPACE',''
  ) );
#5483 = PCURVE('',#5263,#5484);
#5484 = DEFINITIONAL_REPRESENTATION('',(#5485),#5488);
#5485 = B_SPLINE_CURVE_WITH_KNOTS('',1,(#5486,#5487),.UNSPECIFIED.,.F.,
  .F.,(2,2),(-27.25,-16.25),.PIECEWISE_BEZIER_KNOTS.);
#5486 = CARTESIAN_POINT('',(11.,-10.));
#5487 = CARTESIAN_POINT('',(0.,-10.));
#5488 = ( GEOMETRIC_REPRESENTATION_CONTEXT(2) 
PARAMETRIC_REPRESENTATION_CONTEXT() REPRESENTATION_CONTEXT('2D SPACE',''
  ) );
#5489 = ADVANCED_FACE('',(#5490),#4626,.F.);
#5490 = FACE_BOUND('',#5491,.F.);
#5491 = EDGE_LOOP('',(#5492,#5513,#5514,#5537,#5577,#5603,#5624));
#5492 = ORIENTED_EDGE('',*,*,#5493,.F.);
#5493 = EDGE_CURVE('',#4856,#4610,#5494,.T.);
#5494 = SURFACE_CURVE('',#5495,(#5499,#5506),.PCURVE_S1.);
#5495 = LINE('',#5496,#5497);
#5496 = CARTESIAN_POINT('',(-25.5,53.,40.5));
#5497 = VECTOR('',#5498,1.);
#5498 = DIRECTION('',(0.,1.,0.));
#5499 = PCURVE('',#4626,#5500);
#5500 = DEFINITIONAL_REPRESENTATION('',(#5501),#5505);
#5501 = LINE('',#5502,#5503);
#5502 = CARTESIAN_POINT('',(0.,0.));
#5503 = VECTOR('',#5504,1.);
#5504 = DIRECTION('',(0.,1.));
#5505 = ( GEOMETRIC_REPRESENTATION_CONTEXT(2) 
PARAMETRIC_REPRESENTATION_CONTEXT() REPRESENTATION_CONTEXT('2D SPACE',''
  ) );
#5506 = PCURVE('',#4652,#5507);
#5507 = DEFINITIONAL_REPRESENTATION('',(#5508),#5512);
#5508 = LINE('',#5509,#5510);
#5509 = CARTESIAN_POINT('',(11.,0.));
#5510 = VECTOR('',#5511,1.);
#5511 = DIRECTION('',(0.,-1.));
#5512 = ( GEOMETRIC_REPRESENTATION_CONTEXT(2) 
PARAMETRIC_REPRESENTATION_CONTEXT() REPRESENTATION_CONTEXT('2D SPACE',''
  ) );
#5513 = ORIENTED_EDGE('',*,*,#4855,.T.);
#5514 = ORIENTED_EDGE('',*,*,#5515,.T.);
#5515 = EDGE_CURVE('',#4858,#5516,#5518,.T.);
#5516 = VERTEX_POINT('',#5517);
#5517 = CARTESIAN_POINT('',(-22.5,57.645060167444,40.5));
#5518 = SURFACE_CURVE('',#5519,(#5523,#5530),.PCURVE_S1.);
#5519 = LINE('',#5520,#5521);
#5520 = CARTESIAN_POINT('',(-22.5,53.,40.5));
#5521 = VECTOR('',#5522,1.);
#5522 = DIRECTION('',(0.,1.,0.));
#5523 = PCURVE('',#4626,#5524);
#5524 = DEFINITIONAL_REPRESENTATION('',(#5525),#5529);
#5525 = LINE('',#5526,#5527);
#5526 = CARTESIAN_POINT('',(3.,0.));
#5527 = VECTOR('',#5528,1.);
#5528 = DIRECTION('',(0.,1.));
#5529 = ( GEOMETRIC_REPRESENTATION_CONTEXT(2) 
PARAMETRIC_REPRESENTATION_CONTEXT() REPRESENTATION_CONTEXT('2D SPACE',''
  ) );
#5530 = PCURVE('',#4933,#5531);
#5531 = DEFINITIONAL_REPRESENTATION('',(#5532),#5536);
#5532 = LINE('',#5533,#5534);
#5533 = CARTESIAN_POINT('',(11.,0.));
#5534 = VECTOR('',#5535,1.);
#5535 = DIRECTION('',(0.,-1.));
#5536 = ( GEOMETRIC_REPRESENTATION_CONTEXT(2) 
PARAMETRIC_REPRESENTATION_CONTEXT() REPRESENTATION_CONTEXT('2D SPACE',''
  ) );
#5537 = ORIENTED_EDGE('',*,*,#5538,.T.);
#5538 = EDGE_CURVE('',#5516,#5539,#5541,.T.);
#5539 = VERTEX_POINT('',#5540);
#5540 = CARTESIAN_POINT('',(-23.,62.,40.5));
#5541 = SURFACE_CURVE('',#5542,(#5549,#5559),.PCURVE_S1.);
#5542 = B_SPLINE_CURVE_WITH_KNOTS('',5,(#5543,#5544,#5545,#5546,#5547,
    #5548),.UNSPECIFIED.,.F.,.F.,(6,6),(0.,1.),
  .PIECEWISE_BEZIER_KNOTS.);
#5543 = CARTESIAN_POINT('',(-22.5,57.645060167444,40.5));
#5544 = CARTESIAN_POINT('',(-22.69870782902,58.50091134952,40.5));
#5545 = CARTESIAN_POINT('',(-22.84902072198,59.368017012507,40.5));
#5546 = CARTESIAN_POINT('',(-22.94967357582,60.242763110298,40.5));
#5547 = CARTESIAN_POINT('',(-23.,61.121391756034,40.5));
#5548 = CARTESIAN_POINT('',(-23.,62.,40.5));
#5549 = PCURVE('',#4626,#5550);
#5550 = DEFINITIONAL_REPRESENTATION('',(#5551),#5558);
#5551 = B_SPLINE_CURVE_WITH_KNOTS('',5,(#5552,#5553,#5554,#5555,#5556,
    #5557),.UNSPECIFIED.,.F.,.F.,(6,6),(0.,1.),
  .PIECEWISE_BEZIER_KNOTS.);
#5552 = CARTESIAN_POINT('',(3.,4.645060167444));
#5553 = CARTESIAN_POINT('',(2.801292170977,5.50091134952));
#5554 = CARTESIAN_POINT('',(2.65097927802,6.368017012507));
#5555 = CARTESIAN_POINT('',(2.550326424174,7.242763110298));
#5556 = CARTESIAN_POINT('',(2.5,8.121391756035));
#5557 = CARTESIAN_POINT('',(2.5,9.));
#5558 = ( GEOMETRIC_REPRESENTATION_CONTEXT(2) 
PARAMETRIC_REPRESENTATION_CONTEXT() REPRESENTATION_CONTEXT('2D SPACE',''
  ) );
#5559 = PCURVE('',#5560,#5568);
#5560 = SURFACE_OF_LINEAR_EXTRUSION('',#5561,#5566);
#5561 = ELLIPSE('',#5562,23.,21.);
#5562 = AXIS2_PLACEMENT_3D('',#5563,#5564,#5565);
#5563 = CARTESIAN_POINT('',(0.,62.,25.));
#5564 = DIRECTION('',(0.,0.,1.));
#5565 = DIRECTION('',(1.,0.,0.));
#5566 = VECTOR('',#5567,1.);
#5567 = DIRECTION('',(-0.,-0.,-1.));
#5568 = DEFINITIONAL_REPRESENTATION('',(#5569),#5576);
#5569 = B_SPLINE_CURVE_WITH_KNOTS('',5,(#5570,#5571,#5572,#5573,#5574,
    #5575),.UNSPECIFIED.,.F.,.F.,(6,6),(0.,1.),
  .PIECEWISE_BEZIER_KNOTS.);
#5570 = CARTESIAN_POINT('',(3.350486670852,-15.5));
#5571 = CARTESIAN_POINT('',(3.308826190032,-15.5));
#5572 = CARTESIAN_POINT('',(3.267077774048,-15.5));
#5573 = CARTESIAN_POINT('',(3.225270595877,-15.5));
#5574 = CARTESIAN_POINT('',(3.183431141398,-15.5));
#5575 = CARTESIAN_POINT('',(3.14159265359,-15.5));
#5576 = ( GEOMETRIC_REPRESENTATION_CONTEXT(2) 
PARAMETRIC_REPRESENTATION_CONTEXT() REPRESENTATION_CONTEXT('2D SPACE',''
  ) );
#5577 = ORIENTED_EDGE('',*,*,#5578,.T.);
#5578 = EDGE_CURVE('',#5539,#5579,#5581,.T.);
#5579 = VERTEX_POINT('',#5580);
#5580 = CARTESIAN_POINT('',(-22.5,62.,40.5));
#5581 = SURFACE_CURVE('',#5582,(#5586,#5592),.PCURVE_S1.);
#5582 = LINE('',#5583,#5584);
#5583 = CARTESIAN_POINT('',(-32.75,62.,40.5));
#5584 = VECTOR('',#5585,1.);
#5585 = DIRECTION('',(1.,0.,0.));
#5586 = PCURVE('',#4626,#5587);
#5587 = DEFINITIONAL_REPRESENTATION('',(#5588),#5591);
#5588 = B_SPLINE_CURVE_WITH_KNOTS('',1,(#5589,#5590),.UNSPECIFIED.,.F.,
  .F.,(2,2),(9.75,10.25),.PIECEWISE_BEZIER_KNOTS.);
#5589 = CARTESIAN_POINT('',(2.5,9.));
#5590 = CARTESIAN_POINT('',(3.,9.));
#5591 = ( GEOMETRIC_REPRESENTATION_CONTEXT(2) 
PARAMETRIC_REPRESENTATION_CONTEXT() REPRESENTATION_CONTEXT('2D SPACE',''
  ) );
#5592 = PCURVE('',#5593,#5598);
#5593 = PLANE('',#5594);
#5594 = AXIS2_PLACEMENT_3D('',#5595,#5596,#5597);
#5595 = CARTESIAN_POINT('',(-40.,62.,23.));
#5596 = DIRECTION('',(0.,1.,0.));
#5597 = DIRECTION('',(0.,0.,1.));
#5598 = DEFINITIONAL_REPRESENTATION('',(#5599),#5602);
#5599 = B_SPLINE_CURVE_WITH_KNOTS('',1,(#5600,#5601),.UNSPECIFIED.,.F.,
  .F.,(2,2),(9.75,10.25),.PIECEWISE_BEZIER_KNOTS.);
#5600 = CARTESIAN_POINT('',(17.5,17.));
#5601 = CARTESIAN_POINT('',(17.5,17.5));
#5602 = ( GEOMETRIC_REPRESENTATION_CONTEXT(2) 
PARAMETRIC_REPRESENTATION_CONTEXT() REPRESENTATION_CONTEXT('2D SPACE',''
  ) );
#5603 = ORIENTED_EDGE('',*,*,#5604,.T.);
#5604 = EDGE_CURVE('',#5579,#4612,#5605,.T.);
#5605 = SURFACE_CURVE('',#5606,(#5610,#5617),.PCURVE_S1.);
#5606 = LINE('',#5607,#5608);
#5607 = CARTESIAN_POINT('',(-22.5,53.,40.5));
#5608 = VECTOR('',#5609,1.);
#5609 = DIRECTION('',(0.,1.,0.));
#5610 = PCURVE('',#4626,#5611);
#5611 = DEFINITIONAL_REPRESENTATION('',(#5612),#5616);
#5612 = LINE('',#5613,#5614);
#5613 = CARTESIAN_POINT('',(3.,0.));
#5614 = VECTOR('',#5615,1.);
#5615 = DIRECTION('',(0.,1.));
#5616 = ( GEOMETRIC_REPRESENTATION_CONTEXT(2) 
PARAMETRIC_REPRESENTATION_CONTEXT() REPRESENTATION_CONTEXT('2D SPACE',''
  ) );
#5617 = PCURVE('',#4702,#5618);
#5618 = DEFINITIONAL_REPRESENTATION('',(#5619),#5623);
#5619 = LINE('',#5620,#5621);
#5620 = CARTESIAN_POINT('',(11.,0.));
#5621 = VECTOR('',#5622,1.);
#5622 = DIRECTION('',(0.,-1.));
#5623 = ( GEOMETRIC_REPRESENTATION_CONTEXT(2) 
PARAMETRIC_REPRESENTATION_CONTEXT() REPRESENTATION_CONTEXT('2D SPACE',''
  ) );
#5624 = ORIENTED_EDGE('',*,*,#4609,.F.);
#5625 = ADVANCED_FACE('',(#5626),#4652,.T.);
#5626 = FACE_BOUND('',#5627,.T.);
#5627 = EDGE_LOOP('',(#5628,#5629,#5630,#5651));
#5628 = ORIENTED_EDGE('',*,*,#5493,.F.);
#5629 = ORIENTED_EDGE('',*,*,#4878,.T.);
#5630 = ORIENTED_EDGE('',*,*,#5631,.T.);
#5631 = EDGE_CURVE('',#4879,#4638,#5632,.T.);
#5632 = SURFACE_CURVE('',#5633,(#5637,#5644),.PCURVE_S1.);
#5633 = LINE('',#5634,#5635);
#5634 = CARTESIAN_POINT('',(-25.5,53.,29.5));
#5635 = VECTOR('',#5636,1.);
#5636 = DIRECTION('',(0.,1.,0.));
#5637 = PCURVE('',#4652,#5638);
#5638 = DEFINITIONAL_REPRESENTATION('',(#5639),#5643);
#5639 = LINE('',#5640,#5641);
#5640 = CARTESIAN_POINT('',(0.,0.));
#5641 = VECTOR('',#5642,1.);
#5642 = DIRECTION('',(0.,-1.));
#5643 = ( GEOMETRIC_REPRESENTATION_CONTEXT(2) 
PARAMETRIC_REPRESENTATION_CONTEXT() REPRESENTATION_CONTEXT('2D SPACE',''
  ) );
#5644 = PCURVE('',#4678,#5645);
#5645 = DEFINITIONAL_REPRESENTATION('',(#5646),#5650);
#5646 = LINE('',#5647,#5648);
#5647 = CARTESIAN_POINT('',(0.,0.));
#5648 = VECTOR('',#5649,1.);
#5649 = DIRECTION('',(0.,1.));
#5650 = ( GEOMETRIC_REPRESENTATION_CONTEXT(2) 
PARAMETRIC_REPRESENTATION_CONTEXT() REPRESENTATION_CONTEXT('2D SPACE',''
  ) );
#5651 = ORIENTED_EDGE('',*,*,#4637,.F.);
#5652 = ADVANCED_FACE('',(#5653),#4702,.F.);
#5653 = FACE_BOUND('',#5654,.F.);
#5654 = EDGE_LOOP('',(#5655,#5656,#5677,#5698));
#5655 = ORIENTED_EDGE('',*,*,#5604,.F.);
#5656 = ORIENTED_EDGE('',*,*,#5657,.T.);
#5657 = EDGE_CURVE('',#5579,#5658,#5660,.T.);
#5658 = VERTEX_POINT('',#5659);
#5659 = CARTESIAN_POINT('',(-22.5,62.,29.5));
#5660 = SURFACE_CURVE('',#5661,(#5665,#5671),.PCURVE_S1.);
#5661 = LINE('',#5662,#5663);
#5662 = CARTESIAN_POINT('',(-22.5,62.,26.25));
#5663 = VECTOR('',#5664,1.);
#5664 = DIRECTION('',(0.,0.,-1.));
#5665 = PCURVE('',#4702,#5666);
#5666 = DEFINITIONAL_REPRESENTATION('',(#5667),#5670);
#5667 = B_SPLINE_CURVE_WITH_KNOTS('',1,(#5668,#5669),.UNSPECIFIED.,.F.,
  .F.,(2,2),(-14.25,-3.25),.PIECEWISE_BEZIER_KNOTS.);
#5668 = CARTESIAN_POINT('',(11.,-9.));
#5669 = CARTESIAN_POINT('',(0.,-9.));
#5670 = ( GEOMETRIC_REPRESENTATION_CONTEXT(2) 
PARAMETRIC_REPRESENTATION_CONTEXT() REPRESENTATION_CONTEXT('2D SPACE',''
  ) );
#5671 = PCURVE('',#5593,#5672);
#5672 = DEFINITIONAL_REPRESENTATION('',(#5673),#5676);
#5673 = B_SPLINE_CURVE_WITH_KNOTS('',1,(#5674,#5675),.UNSPECIFIED.,.F.,
  .F.,(2,2),(-14.25,-3.25),.PIECEWISE_BEZIER_KNOTS.);
#5674 = CARTESIAN_POINT('',(17.5,17.5));
#5675 = CARTESIAN_POINT('',(6.5,17.5));
#5676 = ( GEOMETRIC_REPRESENTATION_CONTEXT(2) 
PARAMETRIC_REPRESENTATION_CONTEXT() REPRESENTATION_CONTEXT('2D SPACE',''
  ) );
#5677 = ORIENTED_EDGE('',*,*,#5678,.T.);
#5678 = EDGE_CURVE('',#5658,#4664,#5679,.T.);
#5679 = SURFACE_CURVE('',#5680,(#5684,#5691),.PCURVE_S1.);
#5680 = LINE('',#5681,#5682);
#5681 = CARTESIAN_POINT('',(-22.5,53.,29.5));
#5682 = VECTOR('',#5683,1.);
#5683 = DIRECTION('',(0.,1.,0.));
#5684 = PCURVE('',#4702,#5685);
#5685 = DEFINITIONAL_REPRESENTATION('',(#5686),#5690);
#5686 = LINE('',#5687,#5688);
#5687 = CARTESIAN_POINT('',(0.,0.));
#5688 = VECTOR('',#5689,1.);
#5689 = DIRECTION('',(0.,-1.));
#5690 = ( GEOMETRIC_REPRESENTATION_CONTEXT(2) 
PARAMETRIC_REPRESENTATION_CONTEXT() REPRESENTATION_CONTEXT('2D SPACE',''
  ) );
#5691 = PCURVE('',#4678,#5692);
#5692 = DEFINITIONAL_REPRESENTATION('',(#5693),#5697);
#5693 = LINE('',#5694,#5695);
#5694 = CARTESIAN_POINT('',(3.,0.));
#5695 = VECTOR('',#5696,1.);
#5696 = DIRECTION('',(0.,1.));
#5697 = ( GEOMETRIC_REPRESENTATION_CONTEXT(2) 
PARAMETRIC_REPRESENTATION_CONTEXT() REPRESENTATION_CONTEXT('2D SPACE',''
  ) );
#5698 = ORIENTED_EDGE('',*,*,#4689,.F.);
#5699 = ADVANCED_FACE('',(#5700),#4678,.T.);
#5700 = FACE_BOUND('',#5701,.T.);
#5701 = EDGE_LOOP('',(#5702,#5703,#5704,#5727,#5759,#5778,#5779));
#5702 = ORIENTED_EDGE('',*,*,#5631,.F.);
#5703 = ORIENTED_EDGE('',*,*,#4899,.T.);
#5704 = ORIENTED_EDGE('',*,*,#5705,.T.);
#5705 = EDGE_CURVE('',#4900,#5706,#5708,.T.);
#5706 = VERTEX_POINT('',#5707);
#5707 = CARTESIAN_POINT('',(-22.5,57.645060167444,29.5));
#5708 = SURFACE_CURVE('',#5709,(#5713,#5720),.PCURVE_S1.);
#5709 = LINE('',#5710,#5711);
#5710 = CARTESIAN_POINT('',(-22.5,53.,29.5));
#5711 = VECTOR('',#5712,1.);
#5712 = DIRECTION('',(0.,1.,0.));
#5713 = PCURVE('',#4678,#5714);
#5714 = DEFINITIONAL_REPRESENTATION('',(#5715),#5719);
#5715 = LINE('',#5716,#5717);
#5716 = CARTESIAN_POINT('',(3.,0.));
#5717 = VECTOR('',#5718,1.);
#5718 = DIRECTION('',(0.,1.));
#5719 = ( GEOMETRIC_REPRESENTATION_CONTEXT(2) 
PARAMETRIC_REPRESENTATION_CONTEXT() REPRESENTATION_CONTEXT('2D SPACE',''
  ) );
#5720 = PCURVE('',#4933,#5721);
#5721 = DEFINITIONAL_REPRESENTATION('',(#5722),#5726);
#5722 = LINE('',#5723,#5724);
#5723 = CARTESIAN_POINT('',(0.,0.));
#5724 = VECTOR('',#5725,1.);
#5725 = DIRECTION('',(0.,-1.));
#5726 = ( GEOMETRIC_REPRESENTATION_CONTEXT(2) 
PARAMETRIC_REPRESENTATION_CONTEXT() REPRESENTATION_CONTEXT('2D SPACE',''
  ) );
#5727 = ORIENTED_EDGE('',*,*,#5728,.T.);
#5728 = EDGE_CURVE('',#5706,#5729,#5731,.T.);
#5729 = VERTEX_POINT('',#5730);
#5730 = CARTESIAN_POINT('',(-23.,62.,29.5));
#5731 = SURFACE_CURVE('',#5732,(#5739,#5749),.PCURVE_S1.);
#5732 = B_SPLINE_CURVE_WITH_KNOTS('',5,(#5733,#5734,#5735,#5736,#5737,
    #5738),.UNSPECIFIED.,.F.,.F.,(6,6),(0.,1.),
  .PIECEWISE_BEZIER_KNOTS.);
#5733 = CARTESIAN_POINT('',(-22.5,57.645060167444,29.5));
#5734 = CARTESIAN_POINT('',(-22.69870782902,58.50091134952,29.5));
#5735 = CARTESIAN_POINT('',(-22.84902072198,59.368017012507,29.5));
#5736 = CARTESIAN_POINT('',(-22.94967357582,60.242763110298,29.5));
#5737 = CARTESIAN_POINT('',(-23.,61.121391756034,29.5));
#5738 = CARTESIAN_POINT('',(-23.,62.,29.5));
#5739 = PCURVE('',#4678,#5740);
#5740 = DEFINITIONAL_REPRESENTATION('',(#5741),#5748);
#5741 = B_SPLINE_CURVE_WITH_KNOTS('',5,(#5742,#5743,#5744,#5745,#5746,
    #5747),.UNSPECIFIED.,.F.,.F.,(6,6),(0.,1.),
  .PIECEWISE_BEZIER_KNOTS.);
#5742 = CARTESIAN_POINT('',(3.,4.645060167444));
#5743 = CARTESIAN_POINT('',(2.801292170977,5.50091134952));
#5744 = CARTESIAN_POINT('',(2.65097927802,6.368017012507));
#5745 = CARTESIAN_POINT('',(2.550326424174,7.242763110298));
#5746 = CARTESIAN_POINT('',(2.5,8.121391756035));
#5747 = CARTESIAN_POINT('',(2.5,9.));
#5748 = ( GEOMETRIC_REPRESENTATION_CONTEXT(2) 
PARAMETRIC_REPRESENTATION_CONTEXT() REPRESENTATION_CONTEXT('2D SPACE',''
  ) );
#5749 = PCURVE('',#5560,#5750);
#5750 = DEFINITIONAL_REPRESENTATION('',(#5751),#5758);
#5751 = B_SPLINE_CURVE_WITH_KNOTS('',5,(#5752,#5753,#5754,#5755,#5756,
    #5757),.UNSPECIFIED.,.F.,.F.,(6,6),(0.,1.),
  .PIECEWISE_BEZIER_KNOTS.);
#5752 = CARTESIAN_POINT('',(3.350486670852,-4.5));
#5753 = CARTESIAN_POINT('',(3.308826190032,-4.5));
#5754 = CARTESIAN_POINT('',(3.267077774048,-4.5));
#5755 = CARTESIAN_POINT('',(3.225270595877,-4.5));
#5756 = CARTESIAN_POINT('',(3.183431141398,-4.5));
#5757 = CARTESIAN_POINT('',(3.14159265359,-4.5));
#5758 = ( GEOMETRIC_REPRESENTATION_CONTEXT(2) 
PARAMETRIC_REPRESENTATION_CONTEXT() REPRESENTATION_CONTEXT('2D SPACE',''
  ) );
#5759 = ORIENTED_EDGE('',*,*,#5760,.T.);
#5760 = EDGE_CURVE('',#5729,#5658,#5761,.T.);
#5761 = SURFACE_CURVE('',#5762,(#5766,#5772),.PCURVE_S1.);
#5762 = LINE('',#5763,#5764);
#5763 = CARTESIAN_POINT('',(-32.75,62.,29.5));
#5764 = VECTOR('',#5765,1.);
#5765 = DIRECTION('',(1.,0.,0.));
#5766 = PCURVE('',#4678,#5767);
#5767 = DEFINITIONAL_REPRESENTATION('',(#5768),#5771);
#5768 = B_SPLINE_CURVE_WITH_KNOTS('',1,(#5769,#5770),.UNSPECIFIED.,.F.,
  .F.,(2,2),(9.75,10.25),.PIECEWISE_BEZIER_KNOTS.);
#5769 = CARTESIAN_POINT('',(2.5,9.));
#5770 = CARTESIAN_POINT('',(3.,9.));
#5771 = ( GEOMETRIC_REPRESENTATION_CONTEXT(2) 
PARAMETRIC_REPRESENTATION_CONTEXT() REPRESENTATION_CONTEXT('2D SPACE',''
  ) );
#5772 = PCURVE('',#5593,#5773);
#5773 = DEFINITIONAL_REPRESENTATION('',(#5774),#5777);
#5774 = B_SPLINE_CURVE_WITH_KNOTS('',1,(#5775,#5776),.UNSPECIFIED.,.F.,
  .F.,(2,2),(9.75,10.25),.PIECEWISE_BEZIER_KNOTS.);
#5775 = CARTESIAN_POINT('',(6.5,17.));
#5776 = CARTESIAN_POINT('',(6.5,17.5));
#5777 = ( GEOMETRIC_REPRESENTATION_CONTEXT(2) 
PARAMETRIC_REPRESENTATION_CONTEXT() REPRESENTATION_CONTEXT('2D SPACE',''
  ) );
#5778 = ORIENTED_EDGE('',*,*,#5678,.T.);
#5779 = ORIENTED_EDGE('',*,*,#4663,.F.);
#5780 = ADVANCED_FACE('',(#5781),#4732,.F.);
#5781 = FACE_BOUND('',#5782,.F.);
#5782 = EDGE_LOOP('',(#5783,#5804,#5805,#5828,#5868,#5894,#5915));
#5783 = ORIENTED_EDGE('',*,*,#5784,.F.);
#5784 = EDGE_CURVE('',#4947,#4716,#5785,.T.);
#5785 = SURFACE_CURVE('',#5786,(#5790,#5797),.PCURVE_S1.);
#5786 = LINE('',#5787,#5788);
#5787 = CARTESIAN_POINT('',(-25.5,53.,68.5));
#5788 = VECTOR('',#5789,1.);
#5789 = DIRECTION('',(0.,1.,0.));
#5790 = PCURVE('',#4732,#5791);
#5791 = DEFINITIONAL_REPRESENTATION('',(#5792),#5796);
#5792 = LINE('',#5793,#5794);
#5793 = CARTESIAN_POINT('',(0.,0.));
#5794 = VECTOR('',#5795,1.);
#5795 = DIRECTION('',(0.,1.));
#5796 = ( GEOMETRIC_REPRESENTATION_CONTEXT(2) 
PARAMETRIC_REPRESENTATION_CONTEXT() REPRESENTATION_CONTEXT('2D SPACE',''
  ) );
#5797 = PCURVE('',#4758,#5798);
#5798 = DEFINITIONAL_REPRESENTATION('',(#5799),#5803);
#5799 = LINE('',#5800,#5801);
#5800 = CARTESIAN_POINT('',(11.,0.));
#5801 = VECTOR('',#5802,1.);
#5802 = DIRECTION('',(0.,-1.));
#5803 = ( GEOMETRIC_REPRESENTATION_CONTEXT(2) 
PARAMETRIC_REPRESENTATION_CONTEXT() REPRESENTATION_CONTEXT('2D SPACE',''
  ) );
#5804 = ORIENTED_EDGE('',*,*,#4946,.T.);
#5805 = ORIENTED_EDGE('',*,*,#5806,.T.);
#5806 = EDGE_CURVE('',#4949,#5807,#5809,.T.);
#5807 = VERTEX_POINT('',#5808);
#5808 = CARTESIAN_POINT('',(-22.5,57.645060167444,68.5));
#5809 = SURFACE_CURVE('',#5810,(#5814,#5821),.PCURVE_S1.);
#5810 = LINE('',#5811,#5812);
#5811 = CARTESIAN_POINT('',(-22.5,53.,68.5));
#5812 = VECTOR('',#5813,1.);
#5813 = DIRECTION('',(0.,1.,0.));
#5814 = PCURVE('',#4732,#5815);
#5815 = DEFINITIONAL_REPRESENTATION('',(#5816),#5820);
#5816 = LINE('',#5817,#5818);
#5817 = CARTESIAN_POINT('',(3.,0.));
#5818 = VECTOR('',#5819,1.);
#5819 = DIRECTION('',(0.,1.));
#5820 = ( GEOMETRIC_REPRESENTATION_CONTEXT(2) 
PARAMETRIC_REPRESENTATION_CONTEXT() REPRESENTATION_CONTEXT('2D SPACE',''
  ) );
#5821 = PCURVE('',#5024,#5822);
#5822 = DEFINITIONAL_REPRESENTATION('',(#5823),#5827);
#5823 = LINE('',#5824,#5825);
#5824 = CARTESIAN_POINT('',(11.,0.));
#5825 = VECTOR('',#5826,1.);
#5826 = DIRECTION('',(0.,-1.));
#5827 = ( GEOMETRIC_REPRESENTATION_CONTEXT(2) 
PARAMETRIC_REPRESENTATION_CONTEXT() REPRESENTATION_CONTEXT('2D SPACE',''
  ) );
#5828 = ORIENTED_EDGE('',*,*,#5829,.T.);
#5829 = EDGE_CURVE('',#5807,#5830,#5832,.T.);
#5830 = VERTEX_POINT('',#5831);
#5831 = CARTESIAN_POINT('',(-23.,62.,68.5));
#5832 = SURFACE_CURVE('',#5833,(#5840,#5850),.PCURVE_S1.);
#5833 = B_SPLINE_CURVE_WITH_KNOTS('',5,(#5834,#5835,#5836,#5837,#5838,
    #5839),.UNSPECIFIED.,.F.,.F.,(6,6),(0.,1.),
  .PIECEWISE_BEZIER_KNOTS.);
#5834 = CARTESIAN_POINT('',(-22.5,57.645060167444,68.5));
#5835 = CARTESIAN_POINT('',(-22.69870782902,58.50091134952,68.5));
#5836 = CARTESIAN_POINT('',(-22.84902072198,59.368017012507,68.5));
#5837 = CARTESIAN_POINT('',(-22.94967357582,60.242763110298,68.5));
#5838 = CARTESIAN_POINT('',(-23.,61.121391756034,68.5));
#5839 = CARTESIAN_POINT('',(-23.,62.,68.5));
#5840 = PCURVE('',#4732,#5841);
#5841 = DEFINITIONAL_REPRESENTATION('',(#5842),#5849);
#5842 = B_SPLINE_CURVE_WITH_KNOTS('',5,(#5843,#5844,#5845,#5846,#5847,
    #5848),.UNSPECIFIED.,.F.,.F.,(6,6),(0.,1.),
  .PIECEWISE_BEZIER_KNOTS.);
#5843 = CARTESIAN_POINT('',(3.,4.645060167444));
#5844 = CARTESIAN_POINT('',(2.801292170977,5.50091134952));
#5845 = CARTESIAN_POINT('',(2.65097927802,6.368017012507));
#5846 = CARTESIAN_POINT('',(2.550326424174,7.242763110298));
#5847 = CARTESIAN_POINT('',(2.5,8.121391756035));
#5848 = CARTESIAN_POINT('',(2.5,9.));
#5849 = ( GEOMETRIC_REPRESENTATION_CONTEXT(2) 
PARAMETRIC_REPRESENTATION_CONTEXT() REPRESENTATION_CONTEXT('2D SPACE',''
  ) );
#5850 = PCURVE('',#5851,#5859);
#5851 = SURFACE_OF_LINEAR_EXTRUSION('',#5852,#5857);
#5852 = ELLIPSE('',#5853,23.,21.);
#5853 = AXIS2_PLACEMENT_3D('',#5854,#5855,#5856);
#5854 = CARTESIAN_POINT('',(0.,62.,25.));
#5855 = DIRECTION('',(0.,0.,1.));
#5856 = DIRECTION('',(1.,0.,0.));
#5857 = VECTOR('',#5858,1.);
#5858 = DIRECTION('',(-0.,-0.,-1.));
#5859 = DEFINITIONAL_REPRESENTATION('',(#5860),#5867);
#5860 = B_SPLINE_CURVE_WITH_KNOTS('',5,(#5861,#5862,#5863,#5864,#5865,
    #5866),.UNSPECIFIED.,.F.,.F.,(6,6),(0.,1.),
  .PIECEWISE_BEZIER_KNOTS.);
#5861 = CARTESIAN_POINT('',(3.350486670852,-43.5));
#5862 = CARTESIAN_POINT('',(3.308826190032,-43.5));
#5863 = CARTESIAN_POINT('',(3.267077774048,-43.5));
#5864 = CARTESIAN_POINT('',(3.225270595877,-43.5));
#5865 = CARTESIAN_POINT('',(3.183431141398,-43.5));
#5866 = CARTESIAN_POINT('',(3.14159265359,-43.5));
#5867 = ( GEOMETRIC_REPRESENTATION_CONTEXT(2) 
PARAMETRIC_REPRESENTATION_CONTEXT() REPRESENTATION_CONTEXT('2D SPACE',''
  ) );
#5868 = ORIENTED_EDGE('',*,*,#5869,.T.);
#5869 = EDGE_CURVE('',#5830,#5870,#5872,.T.);
#5870 = VERTEX_POINT('',#5871);
#5871 = CARTESIAN_POINT('',(-22.5,62.,68.5));
#5872 = SURFACE_CURVE('',#5873,(#5877,#5883),.PCURVE_S1.);
#5873 = LINE('',#5874,#5875);
#5874 = CARTESIAN_POINT('',(-32.75,62.,68.5));
#5875 = VECTOR('',#5876,1.);
#5876 = DIRECTION('',(1.,0.,0.));
#5877 = PCURVE('',#4732,#5878);
#5878 = DEFINITIONAL_REPRESENTATION('',(#5879),#5882);
#5879 = B_SPLINE_CURVE_WITH_KNOTS('',1,(#5880,#5881),.UNSPECIFIED.,.F.,
  .F.,(2,2),(9.75,10.25),.PIECEWISE_BEZIER_KNOTS.);
#5880 = CARTESIAN_POINT('',(2.5,9.));
#5881 = CARTESIAN_POINT('',(3.,9.));
#5882 = ( GEOMETRIC_REPRESENTATION_CONTEXT(2) 
PARAMETRIC_REPRESENTATION_CONTEXT() REPRESENTATION_CONTEXT('2D SPACE',''
  ) );
#5883 = PCURVE('',#5884,#5889);
#5884 = PLANE('',#5885);
#5885 = AXIS2_PLACEMENT_3D('',#5886,#5887,#5888);
#5886 = CARTESIAN_POINT('',(-40.,62.,23.));
#5887 = DIRECTION('',(0.,1.,0.));
#5888 = DIRECTION('',(0.,0.,1.));
#5889 = DEFINITIONAL_REPRESENTATION('',(#5890),#5893);
#5890 = B_SPLINE_CURVE_WITH_KNOTS('',1,(#5891,#5892),.UNSPECIFIED.,.F.,
  .F.,(2,2),(9.75,10.25),.PIECEWISE_BEZIER_KNOTS.);
#5891 = CARTESIAN_POINT('',(45.5,17.));
#5892 = CARTESIAN_POINT('',(45.5,17.5));
#5893 = ( GEOMETRIC_REPRESENTATION_CONTEXT(2) 
PARAMETRIC_REPRESENTATION_CONTEXT() REPRESENTATION_CONTEXT('2D SPACE',''
  ) );
#5894 = ORIENTED_EDGE('',*,*,#5895,.T.);
#5895 = EDGE_CURVE('',#5870,#4718,#5896,.T.);
#5896 = SURFACE_CURVE('',#5897,(#5901,#5908),.PCURVE_S1.);
#5897 = LINE('',#5898,#5899);
#5898 = CARTESIAN_POINT('',(-22.5,53.,68.5));
#5899 = VECTOR('',#5900,1.);
#5900 = DIRECTION('',(0.,1.,0.));
#5901 = PCURVE('',#4732,#5902);
#5902 = DEFINITIONAL_REPRESENTATION('',(#5903),#5907);
#5903 = LINE('',#5904,#5905);
#5904 = CARTESIAN_POINT('',(3.,0.));
#5905 = VECTOR('',#5906,1.);
#5906 = DIRECTION('',(0.,1.));
#5907 = ( GEOMETRIC_REPRESENTATION_CONTEXT(2) 
PARAMETRIC_REPRESENTATION_CONTEXT() REPRESENTATION_CONTEXT('2D SPACE',''
  ) );
#5908 = PCURVE('',#4808,#5909);
#5909 = DEFINITIONAL_REPRESENTATION('',(#5910),#5914);
#5910 = LINE('',#5911,#5912);
#5911 = CARTESIAN_POINT('',(11.,0.));
#5912 = VECTOR('',#5913,1.);
#5913 = DIRECTION('',(0.,-1.));
#5914 = ( GEOMETRIC_REPRESENTATION_CONTEXT(2) 
PARAMETRIC_REPRESENTATION_CONTEXT() REPRESENTATION_CONTEXT('2D SPACE',''
  ) );
#5915 = ORIENTED_EDGE('',*,*,#4715,.F.);
#5916 = ADVANCED_FACE('',(#5917),#4808,.F.);
#5917 = FACE_BOUND('',#5918,.F.);
#5918 = EDGE_LOOP('',(#5919,#5920,#5941,#5962));
#5919 = ORIENTED_EDGE('',*,*,#5895,.F.);
#5920 = ORIENTED_EDGE('',*,*,#5921,.T.);
#5921 = EDGE_CURVE('',#5870,#5922,#5924,.T.);
#5922 = VERTEX_POINT('',#5923);
#5923 = CARTESIAN_POINT('',(-22.5,62.,57.5));
#5924 = SURFACE_CURVE('',#5925,(#5929,#5935),.PCURVE_S1.);
#5925 = LINE('',#5926,#5927);
#5926 = CARTESIAN_POINT('',(-22.5,62.,40.25));
#5927 = VECTOR('',#5928,1.);
#5928 = DIRECTION('',(0.,0.,-1.));
#5929 = PCURVE('',#4808,#5930);
#5930 = DEFINITIONAL_REPRESENTATION('',(#5931),#5934);
#5931 = B_SPLINE_CURVE_WITH_KNOTS('',1,(#5932,#5933),.UNSPECIFIED.,.F.,
  .F.,(2,2),(-28.25,-17.25),.PIECEWISE_BEZIER_KNOTS.);
#5932 = CARTESIAN_POINT('',(11.,-9.));
#5933 = CARTESIAN_POINT('',(0.,-9.));
#5934 = ( GEOMETRIC_REPRESENTATION_CONTEXT(2) 
PARAMETRIC_REPRESENTATION_CONTEXT() REPRESENTATION_CONTEXT('2D SPACE',''
  ) );
#5935 = PCURVE('',#5884,#5936);
#5936 = DEFINITIONAL_REPRESENTATION('',(#5937),#5940);
#5937 = B_SPLINE_CURVE_WITH_KNOTS('',1,(#5938,#5939),.UNSPECIFIED.,.F.,
  .F.,(2,2),(-28.25,-17.25),.PIECEWISE_BEZIER_KNOTS.);
#5938 = CARTESIAN_POINT('',(45.5,17.5));
#5939 = CARTESIAN_POINT('',(34.5,17.5));
#5940 = ( GEOMETRIC_REPRESENTATION_CONTEXT(2) 
PARAMETRIC_REPRESENTATION_CONTEXT() REPRESENTATION_CONTEXT('2D SPACE',''
  ) );
#5941 = ORIENTED_EDGE('',*,*,#5942,.T.);
#5942 = EDGE_CURVE('',#5922,#4770,#5943,.T.);
#5943 = SURFACE_CURVE('',#5944,(#5948,#5955),.PCURVE_S1.);
#5944 = LINE('',#5945,#5946);
#5945 = CARTESIAN_POINT('',(-22.5,53.,57.5));
#5946 = VECTOR('',#5947,1.);
#5947 = DIRECTION('',(0.,1.,0.));
#5948 = PCURVE('',#4808,#5949);
#5949 = DEFINITIONAL_REPRESENTATION('',(#5950),#5954);
#5950 = LINE('',#5951,#5952);
#5951 = CARTESIAN_POINT('',(0.,0.));
#5952 = VECTOR('',#5953,1.);
#5953 = DIRECTION('',(0.,-1.));
#5954 = ( GEOMETRIC_REPRESENTATION_CONTEXT(2) 
PARAMETRIC_REPRESENTATION_CONTEXT() REPRESENTATION_CONTEXT('2D SPACE',''
  ) );
#5955 = PCURVE('',#4784,#5956);
#5956 = DEFINITIONAL_REPRESENTATION('',(#5957),#5961);
#5957 = LINE('',#5958,#5959);
#5958 = CARTESIAN_POINT('',(3.,0.));
#5959 = VECTOR('',#5960,1.);
#5960 = DIRECTION('',(0.,1.));
#5961 = ( GEOMETRIC_REPRESENTATION_CONTEXT(2) 
PARAMETRIC_REPRESENTATION_CONTEXT() REPRESENTATION_CONTEXT('2D SPACE',''
  ) );
#5962 = ORIENTED_EDGE('',*,*,#4795,.F.);
#5963 = ADVANCED_FACE('',(#5964),#4784,.T.);
#5964 = FACE_BOUND('',#5965,.T.);
#5965 = EDGE_LOOP('',(#5966,#5987,#5988,#6011,#6043,#6062,#6063));
#5966 = ORIENTED_EDGE('',*,*,#5967,.F.);
#5967 = EDGE_CURVE('',#4970,#4744,#5968,.T.);
#5968 = SURFACE_CURVE('',#5969,(#5973,#5980),.PCURVE_S1.);
#5969 = LINE('',#5970,#5971);
#5970 = CARTESIAN_POINT('',(-25.5,53.,57.5));
#5971 = VECTOR('',#5972,1.);
#5972 = DIRECTION('',(0.,1.,0.));
#5973 = PCURVE('',#4784,#5974);
#5974 = DEFINITIONAL_REPRESENTATION('',(#5975),#5979);
#5975 = LINE('',#5976,#5977);
#5976 = CARTESIAN_POINT('',(0.,0.));
#5977 = VECTOR('',#5978,1.);
#5978 = DIRECTION('',(0.,1.));
#5979 = ( GEOMETRIC_REPRESENTATION_CONTEXT(2) 
PARAMETRIC_REPRESENTATION_CONTEXT() REPRESENTATION_CONTEXT('2D SPACE',''
  ) );
#5980 = PCURVE('',#4758,#5981);
#5981 = DEFINITIONAL_REPRESENTATION('',(#5982),#5986);
#5982 = LINE('',#5983,#5984);
#5983 = CARTESIAN_POINT('',(0.,0.));
#5984 = VECTOR('',#5985,1.);
#5985 = DIRECTION('',(0.,-1.));
#5986 = ( GEOMETRIC_REPRESENTATION_CONTEXT(2) 
PARAMETRIC_REPRESENTATION_CONTEXT() REPRESENTATION_CONTEXT('2D SPACE',''
  ) );
#5987 = ORIENTED_EDGE('',*,*,#4990,.T.);
#5988 = ORIENTED_EDGE('',*,*,#5989,.T.);
#5989 = EDGE_CURVE('',#4991,#5990,#5992,.T.);
#5990 = VERTEX_POINT('',#5991);
#5991 = CARTESIAN_POINT('',(-22.5,57.645060167444,57.5));
#5992 = SURFACE_CURVE('',#5993,(#5997,#6004),.PCURVE_S1.);
#5993 = LINE('',#5994,#5995);
#5994 = CARTESIAN_POINT('',(-22.5,53.,57.5));
#5995 = VECTOR('',#5996,1.);
#5996 = DIRECTION('',(0.,1.,0.));
#5997 = PCURVE('',#4784,#5998);
#5998 = DEFINITIONAL_REPRESENTATION('',(#5999),#6003);
#5999 = LINE('',#6000,#6001);
#6000 = CARTESIAN_POINT('',(3.,0.));
#6001 = VECTOR('',#6002,1.);
#6002 = DIRECTION('',(0.,1.));
#6003 = ( GEOMETRIC_REPRESENTATION_CONTEXT(2) 
PARAMETRIC_REPRESENTATION_CONTEXT() REPRESENTATION_CONTEXT('2D SPACE',''
  ) );
#6004 = PCURVE('',#5024,#6005);
#6005 = DEFINITIONAL_REPRESENTATION('',(#6006),#6010);
#6006 = LINE('',#6007,#6008);
#6007 = CARTESIAN_POINT('',(0.,0.));
#6008 = VECTOR('',#6009,1.);
#6009 = DIRECTION('',(0.,-1.));
#6010 = ( GEOMETRIC_REPRESENTATION_CONTEXT(2) 
PARAMETRIC_REPRESENTATION_CONTEXT() REPRESENTATION_CONTEXT('2D SPACE',''
  ) );
#6011 = ORIENTED_EDGE('',*,*,#6012,.T.);
#6012 = EDGE_CURVE('',#5990,#6013,#6015,.T.);
#6013 = VERTEX_POINT('',#6014);
#6014 = CARTESIAN_POINT('',(-23.,62.,57.5));
#6015 = SURFACE_CURVE('',#6016,(#6023,#6033),.PCURVE_S1.);
#6016 = B_SPLINE_CURVE_WITH_KNOTS('',5,(#6017,#6018,#6019,#6020,#6021,
    #6022),.UNSPECIFIED.,.F.,.F.,(6,6),(0.,1.),
  .PIECEWISE_BEZIER_KNOTS.);
#6017 = CARTESIAN_POINT('',(-22.5,57.645060167444,57.5));
#6018 = CARTESIAN_POINT('',(-22.69870782902,58.50091134952,57.5));
#6019 = CARTESIAN_POINT('',(-22.84902072198,59.368017012507,57.5));
#6020 = CARTESIAN_POINT('',(-22.94967357582,60.242763110298,57.5));
#6021 = CARTESIAN_POINT('',(-23.,61.121391756034,57.5));
#6022 = CARTESIAN_POINT('',(-23.,62.,57.5));
#6023 = PCURVE('',#4784,#6024);
#6024 = DEFINITIONAL_REPRESENTATION('',(#6025),#6032);
#6025 = B_SPLINE_CURVE_WITH_KNOTS('',5,(#6026,#6027,#6028,#6029,#6030,
    #6031),.UNSPECIFIED.,.F.,.F.,(6,6),(0.,1.),
  .PIECEWISE_BEZIER_KNOTS.);
#6026 = CARTESIAN_POINT('',(3.,4.645060167444));
#6027 = CARTESIAN_POINT('',(2.801292170977,5.50091134952));
#6028 = CARTESIAN_POINT('',(2.65097927802,6.368017012507));
#6029 = CARTESIAN_POINT('',(2.550326424174,7.242763110298));
#6030 = CARTESIAN_POINT('',(2.5,8.121391756035));
#6031 = CARTESIAN_POINT('',(2.5,9.));
#6032 = ( GEOMETRIC_REPRESENTATION_CONTEXT(2) 
PARAMETRIC_REPRESENTATION_CONTEXT() REPRESENTATION_CONTEXT('2D SPACE',''
  ) );
#6033 = PCURVE('',#5851,#6034);
#6034 = DEFINITIONAL_REPRESENTATION('',(#6035),#6042);
#6035 = B_SPLINE_CURVE_WITH_KNOTS('',5,(#6036,#6037,#6038,#6039,#6040,
    #6041),.UNSPECIFIED.,.F.,.F.,(6,6),(0.,1.),
  .PIECEWISE_BEZIER_KNOTS.);
#6036 = CARTESIAN_POINT('',(3.350486670852,-32.5));
#6037 = CARTESIAN_POINT('',(3.308826190032,-32.5));
#6038 = CARTESIAN_POINT('',(3.267077774048,-32.5));
#6039 = CARTESIAN_POINT('',(3.225270595877,-32.5));
#6040 = CARTESIAN_POINT('',(3.183431141398,-32.5));
#6041 = CARTESIAN_POINT('',(3.14159265359,-32.5));
#6042 = ( GEOMETRIC_REPRESENTATION_CONTEXT(2) 
PARAMETRIC_REPRESENTATION_CONTEXT() REPRESENTATION_CONTEXT('2D SPACE',''
  ) );
#6043 = ORIENTED_EDGE('',*,*,#6044,.T.);
#6044 = EDGE_CURVE('',#6013,#5922,#6045,.T.);
#6045 = SURFACE_CURVE('',#6046,(#6050,#6056),.PCURVE_S1.);
#6046 = LINE('',#6047,#6048);
#6047 = CARTESIAN_POINT('',(-32.75,62.,57.5));
#6048 = VECTOR('',#6049,1.);
#6049 = DIRECTION('',(1.,0.,0.));
#6050 = PCURVE('',#4784,#6051);
#6051 = DEFINITIONAL_REPRESENTATION('',(#6052),#6055);
#6052 = B_SPLINE_CURVE_WITH_KNOTS('',1,(#6053,#6054),.UNSPECIFIED.,.F.,
  .F.,(2,2),(9.75,10.25),.PIECEWISE_BEZIER_KNOTS.);
#6053 = CARTESIAN_POINT('',(2.5,9.));
#6054 = CARTESIAN_POINT('',(3.,9.));
#6055 = ( GEOMETRIC_REPRESENTATION_CONTEXT(2) 
PARAMETRIC_REPRESENTATION_CONTEXT() REPRESENTATION_CONTEXT('2D SPACE',''
  ) );
#6056 = PCURVE('',#5884,#6057);
#6057 = DEFINITIONAL_REPRESENTATION('',(#6058),#6061);
#6058 = B_SPLINE_CURVE_WITH_KNOTS('',1,(#6059,#6060),.UNSPECIFIED.,.F.,
  .F.,(2,2),(9.75,10.25),.PIECEWISE_BEZIER_KNOTS.);
#6059 = CARTESIAN_POINT('',(34.5,17.));
#6060 = CARTESIAN_POINT('',(34.5,17.5));
#6061 = ( GEOMETRIC_REPRESENTATION_CONTEXT(2) 
PARAMETRIC_REPRESENTATION_CONTEXT() REPRESENTATION_CONTEXT('2D SPACE',''
  ) );
#6062 = ORIENTED_EDGE('',*,*,#5942,.T.);
#6063 = ORIENTED_EDGE('',*,*,#4769,.F.);
#6064 = ADVANCED_FACE('',(#6065),#4758,.T.);
#6065 = FACE_BOUND('',#6066,.T.);
#6066 = EDGE_LOOP('',(#6067,#6068,#6069,#6070));
#6067 = ORIENTED_EDGE('',*,*,#5784,.F.);
#6068 = ORIENTED_EDGE('',*,*,#4969,.T.);
#6069 = ORIENTED_EDGE('',*,*,#5967,.T.);
#6070 = ORIENTED_EDGE('',*,*,#4743,.F.);
#6071 = ADVANCED_FACE('',(#6072),#4933,.F.);
#6072 = FACE_BOUND('',#6073,.F.);
#6073 = EDGE_LOOP('',(#6074,#6075,#6076,#6077));
#6074 = ORIENTED_EDGE('',*,*,#5515,.F.);
#6075 = ORIENTED_EDGE('',*,*,#4920,.T.);
#6076 = ORIENTED_EDGE('',*,*,#5705,.T.);
#6077 = ORIENTED_EDGE('',*,*,#6078,.F.);
#6078 = EDGE_CURVE('',#5516,#5706,#6079,.T.);
#6079 = SURFACE_CURVE('',#6080,(#6086,#6095),.PCURVE_S1.);
#6080 = B_SPLINE_CURVE_WITH_KNOTS('',4,(#6081,#6082,#6083,#6084,#6085),
  .UNSPECIFIED.,.F.,.F.,(5,5),(0.,1.),.PIECEWISE_BEZIER_KNOTS.);
#6081 = CARTESIAN_POINT('',(-22.5,57.645060167444,40.5));
#6082 = CARTESIAN_POINT('',(-22.5,57.645060167444,37.75));
#6083 = CARTESIAN_POINT('',(-22.5,57.645060167444,35.));
#6084 = CARTESIAN_POINT('',(-22.5,57.645060167444,32.25));
#6085 = CARTESIAN_POINT('',(-22.5,57.645060167444,29.5));
#6086 = PCURVE('',#4933,#6087);
#6087 = DEFINITIONAL_REPRESENTATION('',(#6088),#6094);
#6088 = B_SPLINE_CURVE_WITH_KNOTS('',4,(#6089,#6090,#6091,#6092,#6093),
  .UNSPECIFIED.,.F.,.F.,(5,5),(0.,1.),.PIECEWISE_BEZIER_KNOTS.);
#6089 = CARTESIAN_POINT('',(11.,-4.645060167444));
#6090 = CARTESIAN_POINT('',(8.25,-4.645060167444));
#6091 = CARTESIAN_POINT('',(5.5,-4.645060167444));
#6092 = CARTESIAN_POINT('',(2.75,-4.645060167444));
#6093 = CARTESIAN_POINT('',(0.,-4.645060167444));
#6094 = ( GEOMETRIC_REPRESENTATION_CONTEXT(2) 
PARAMETRIC_REPRESENTATION_CONTEXT() REPRESENTATION_CONTEXT('2D SPACE',''
  ) );
#6095 = PCURVE('',#5560,#6096);
#6096 = DEFINITIONAL_REPRESENTATION('',(#6097),#6103);
#6097 = B_SPLINE_CURVE_WITH_KNOTS('',4,(#6098,#6099,#6100,#6101,#6102),
  .UNSPECIFIED.,.F.,.F.,(5,5),(0.,1.),.PIECEWISE_BEZIER_KNOTS.);
#6098 = CARTESIAN_POINT('',(3.350486670852,-15.5));
#6099 = CARTESIAN_POINT('',(3.350486670852,-12.75));
#6100 = CARTESIAN_POINT('',(3.350486670852,-10.));
#6101 = CARTESIAN_POINT('',(3.350486670852,-7.25));
#6102 = CARTESIAN_POINT('',(3.350486670852,-4.5));
#6103 = ( GEOMETRIC_REPRESENTATION_CONTEXT(2) 
PARAMETRIC_REPRESENTATION_CONTEXT() REPRESENTATION_CONTEXT('2D SPACE',''
  ) );
#6104 = ADVANCED_FACE('',(#6105),#5024,.F.);
#6105 = FACE_BOUND('',#6106,.F.);
#6106 = EDGE_LOOP('',(#6107,#6108,#6109,#6110));
#6107 = ORIENTED_EDGE('',*,*,#5806,.F.);
#6108 = ORIENTED_EDGE('',*,*,#5011,.T.);
#6109 = ORIENTED_EDGE('',*,*,#5989,.T.);
#6110 = ORIENTED_EDGE('',*,*,#6111,.F.);
#6111 = EDGE_CURVE('',#5807,#5990,#6112,.T.);
#6112 = SURFACE_CURVE('',#6113,(#6119,#6128),.PCURVE_S1.);
#6113 = B_SPLINE_CURVE_WITH_KNOTS('',4,(#6114,#6115,#6116,#6117,#6118),
  .UNSPECIFIED.,.F.,.F.,(5,5),(0.,1.),.PIECEWISE_BEZIER_KNOTS.);
#6114 = CARTESIAN_POINT('',(-22.5,57.645060167444,68.5));
#6115 = CARTESIAN_POINT('',(-22.5,57.645060167444,65.75));
#6116 = CARTESIAN_POINT('',(-22.5,57.645060167444,63.));
#6117 = CARTESIAN_POINT('',(-22.5,57.645060167444,60.25));
#6118 = CARTESIAN_POINT('',(-22.5,57.645060167444,57.5));
#6119 = PCURVE('',#5024,#6120);
#6120 = DEFINITIONAL_REPRESENTATION('',(#6121),#6127);
#6121 = B_SPLINE_CURVE_WITH_KNOTS('',4,(#6122,#6123,#6124,#6125,#6126),
  .UNSPECIFIED.,.F.,.F.,(5,5),(0.,1.),.PIECEWISE_BEZIER_KNOTS.);
#6122 = CARTESIAN_POINT('',(11.,-4.645060167444));
#6123 = CARTESIAN_POINT('',(8.25,-4.645060167444));
#6124 = CARTESIAN_POINT('',(5.5,-4.645060167444));
#6125 = CARTESIAN_POINT('',(2.75,-4.645060167444));
#6126 = CARTESIAN_POINT('',(0.,-4.645060167444));
#6127 = ( GEOMETRIC_REPRESENTATION_CONTEXT(2) 
PARAMETRIC_REPRESENTATION_CONTEXT() REPRESENTATION_CONTEXT('2D SPACE',''
  ) );
#6128 = PCURVE('',#5851,#6129);
#6129 = DEFINITIONAL_REPRESENTATION('',(#6130),#6136);
#6130 = B_SPLINE_CURVE_WITH_KNOTS('',4,(#6131,#6132,#6133,#6134,#6135),
  .UNSPECIFIED.,.F.,.F.,(5,5),(0.,1.),.PIECEWISE_BEZIER_KNOTS.);
#6131 = CARTESIAN_POINT('',(3.350486670852,-43.5));
#6132 = CARTESIAN_POINT('',(3.350486670852,-40.75));
#6133 = CARTESIAN_POINT('',(3.350486670852,-38.));
#6134 = CARTESIAN_POINT('',(3.350486670852,-35.25));
#6135 = CARTESIAN_POINT('',(3.350486670852,-32.5));
#6136 = ( GEOMETRIC_REPRESENTATION_CONTEXT(2) 
PARAMETRIC_REPRESENTATION_CONTEXT() REPRESENTATION_CONTEXT('2D SPACE',''
  ) );
#6137 = ADVANCED_FACE('',(#6138),#5081,.F.);
#6138 = FACE_BOUND('',#6139,.F.);
#6139 = EDGE_LOOP('',(#6140,#6163,#6164,#6185,#6186,#6209,#6235));
#6140 = ORIENTED_EDGE('',*,*,#6141,.F.);
#6141 = EDGE_CURVE('',#5065,#6142,#6144,.T.);
#6142 = VERTEX_POINT('',#6143);
#6143 = CARTESIAN_POINT('',(22.5,57.645060167444,40.5));
#6144 = SURFACE_CURVE('',#6145,(#6149,#6156),.PCURVE_S1.);
#6145 = LINE('',#6146,#6147);
#6146 = CARTESIAN_POINT('',(22.5,53.,40.5));
#6147 = VECTOR('',#6148,1.);
#6148 = DIRECTION('',(0.,1.,0.));
#6149 = PCURVE('',#5081,#6150);
#6150 = DEFINITIONAL_REPRESENTATION('',(#6151),#6155);
#6151 = LINE('',#6152,#6153);
#6152 = CARTESIAN_POINT('',(0.,0.));
#6153 = VECTOR('',#6154,1.);
#6154 = DIRECTION('',(0.,1.));
#6155 = ( GEOMETRIC_REPRESENTATION_CONTEXT(2) 
PARAMETRIC_REPRESENTATION_CONTEXT() REPRESENTATION_CONTEXT('2D SPACE',''
  ) );
#6156 = PCURVE('',#5107,#6157);
#6157 = DEFINITIONAL_REPRESENTATION('',(#6158),#6162);
#6158 = LINE('',#6159,#6160);
#6159 = CARTESIAN_POINT('',(11.,0.));
#6160 = VECTOR('',#6161,1.);
#6161 = DIRECTION('',(0.,-1.));
#6162 = ( GEOMETRIC_REPRESENTATION_CONTEXT(2) 
PARAMETRIC_REPRESENTATION_CONTEXT() REPRESENTATION_CONTEXT('2D SPACE',''
  ) );
#6163 = ORIENTED_EDGE('',*,*,#5064,.T.);
#6164 = ORIENTED_EDGE('',*,*,#6165,.T.);
#6165 = EDGE_CURVE('',#5067,#5313,#6166,.T.);
#6166 = SURFACE_CURVE('',#6167,(#6171,#6178),.PCURVE_S1.);
#6167 = LINE('',#6168,#6169);
#6168 = CARTESIAN_POINT('',(25.5,53.,40.5));
#6169 = VECTOR('',#6170,1.);
#6170 = DIRECTION('',(0.,1.,0.));
#6171 = PCURVE('',#5081,#6172);
#6172 = DEFINITIONAL_REPRESENTATION('',(#6173),#6177);
#6173 = LINE('',#6174,#6175);
#6174 = CARTESIAN_POINT('',(3.,0.));
#6175 = VECTOR('',#6176,1.);
#6176 = DIRECTION('',(0.,1.));
#6177 = ( GEOMETRIC_REPRESENTATION_CONTEXT(2) 
PARAMETRIC_REPRESENTATION_CONTEXT() REPRESENTATION_CONTEXT('2D SPACE',''
  ) );
#6178 = PCURVE('',#5157,#6179);
#6179 = DEFINITIONAL_REPRESENTATION('',(#6180),#6184);
#6180 = LINE('',#6181,#6182);
#6181 = CARTESIAN_POINT('',(11.,0.));
#6182 = VECTOR('',#6183,1.);
#6183 = DIRECTION('',(0.,-1.));
#6184 = ( GEOMETRIC_REPRESENTATION_CONTEXT(2) 
PARAMETRIC_REPRESENTATION_CONTEXT() REPRESENTATION_CONTEXT('2D SPACE',''
  ) );
#6185 = ORIENTED_EDGE('',*,*,#5310,.F.);
#6186 = ORIENTED_EDGE('',*,*,#6187,.F.);
#6187 = EDGE_CURVE('',#6188,#5311,#6190,.T.);
#6188 = VERTEX_POINT('',#6189);
#6189 = CARTESIAN_POINT('',(22.5,62.,40.5));
#6190 = SURFACE_CURVE('',#6191,(#6195,#6202),.PCURVE_S1.);
#6191 = LINE('',#6192,#6193);
#6192 = CARTESIAN_POINT('',(22.5,53.,40.5));
#6193 = VECTOR('',#6194,1.);
#6194 = DIRECTION('',(0.,1.,0.));
#6195 = PCURVE('',#5081,#6196);
#6196 = DEFINITIONAL_REPRESENTATION('',(#6197),#6201);
#6197 = LINE('',#6198,#6199);
#6198 = CARTESIAN_POINT('',(0.,0.));
#6199 = VECTOR('',#6200,1.);
#6200 = DIRECTION('',(0.,1.));
#6201 = ( GEOMETRIC_REPRESENTATION_CONTEXT(2) 
PARAMETRIC_REPRESENTATION_CONTEXT() REPRESENTATION_CONTEXT('2D SPACE',''
  ) );
#6202 = PCURVE('',#5348,#6203);
#6203 = DEFINITIONAL_REPRESENTATION('',(#6204),#6208);
#6204 = LINE('',#6205,#6206);
#6205 = CARTESIAN_POINT('',(11.,0.));
#6206 = VECTOR('',#6207,1.);
#6207 = DIRECTION('',(0.,-1.));
#6208 = ( GEOMETRIC_REPRESENTATION_CONTEXT(2) 
PARAMETRIC_REPRESENTATION_CONTEXT() REPRESENTATION_CONTEXT('2D SPACE',''
  ) );
#6209 = ORIENTED_EDGE('',*,*,#6210,.T.);
#6210 = EDGE_CURVE('',#6188,#6211,#6213,.T.);
#6211 = VERTEX_POINT('',#6212);
#6212 = CARTESIAN_POINT('',(23.,62.,40.5));
#6213 = SURFACE_CURVE('',#6214,(#6218,#6224),.PCURVE_S1.);
#6214 = LINE('',#6215,#6216);
#6215 = CARTESIAN_POINT('',(-8.75,62.,40.5));
#6216 = VECTOR('',#6217,1.);
#6217 = DIRECTION('',(1.,0.,0.));
#6218 = PCURVE('',#5081,#6219);
#6219 = DEFINITIONAL_REPRESENTATION('',(#6220),#6223);
#6220 = B_SPLINE_CURVE_WITH_KNOTS('',1,(#6221,#6222),.UNSPECIFIED.,.F.,
  .F.,(2,2),(31.25,31.75),.PIECEWISE_BEZIER_KNOTS.);
#6221 = CARTESIAN_POINT('',(0.,9.));
#6222 = CARTESIAN_POINT('',(0.5,9.));
#6223 = ( GEOMETRIC_REPRESENTATION_CONTEXT(2) 
PARAMETRIC_REPRESENTATION_CONTEXT() REPRESENTATION_CONTEXT('2D SPACE',''
  ) );
#6224 = PCURVE('',#6225,#6230);
#6225 = PLANE('',#6226);
#6226 = AXIS2_PLACEMENT_3D('',#6227,#6228,#6229);
#6227 = CARTESIAN_POINT('',(-40.,62.,23.));
#6228 = DIRECTION('',(0.,1.,0.));
#6229 = DIRECTION('',(0.,0.,1.));
#6230 = DEFINITIONAL_REPRESENTATION('',(#6231),#6234);
#6231 = B_SPLINE_CURVE_WITH_KNOTS('',1,(#6232,#6233),.UNSPECIFIED.,.F.,
  .F.,(2,2),(31.25,31.75),.PIECEWISE_BEZIER_KNOTS.);
#6232 = CARTESIAN_POINT('',(17.5,62.5));
#6233 = CARTESIAN_POINT('',(17.5,63.));
#6234 = ( GEOMETRIC_REPRESENTATION_CONTEXT(2) 
PARAMETRIC_REPRESENTATION_CONTEXT() REPRESENTATION_CONTEXT('2D SPACE',''
  ) );
#6235 = ORIENTED_EDGE('',*,*,#6236,.T.);
#6236 = EDGE_CURVE('',#6211,#6142,#6237,.T.);
#6237 = SURFACE_CURVE('',#6238,(#6245,#6255),.PCURVE_S1.);
#6238 = B_SPLINE_CURVE_WITH_KNOTS('',5,(#6239,#6240,#6241,#6242,#6243,
    #6244),.UNSPECIFIED.,.F.,.F.,(6,6),(0.,1.),
  .PIECEWISE_BEZIER_KNOTS.);
#6239 = CARTESIAN_POINT('',(23.,62.,40.5));
#6240 = CARTESIAN_POINT('',(23.,61.121391756034,40.5));
#6241 = CARTESIAN_POINT('',(22.949673575826,60.242763110298,40.5));
#6242 = CARTESIAN_POINT('',(22.84902072198,59.368017012507,40.5));
#6243 = CARTESIAN_POINT('',(22.698707829023,58.50091134952,40.5));
#6244 = CARTESIAN_POINT('',(22.5,57.645060167444,40.5));
#6245 = PCURVE('',#5081,#6246);
#6246 = DEFINITIONAL_REPRESENTATION('',(#6247),#6254);
#6247 = B_SPLINE_CURVE_WITH_KNOTS('',5,(#6248,#6249,#6250,#6251,#6252,
    #6253),.UNSPECIFIED.,.F.,.F.,(6,6),(0.,1.),
  .PIECEWISE_BEZIER_KNOTS.);
#6248 = CARTESIAN_POINT('',(0.5,9.));
#6249 = CARTESIAN_POINT('',(0.5,8.121391756034));
#6250 = CARTESIAN_POINT('',(0.449673575826,7.242763110298));
#6251 = CARTESIAN_POINT('',(0.34902072198,6.368017012507));
#6252 = CARTESIAN_POINT('',(0.198707829023,5.50091134952));
#6253 = CARTESIAN_POINT('',(0.,4.645060167444));
#6254 = ( GEOMETRIC_REPRESENTATION_CONTEXT(2) 
PARAMETRIC_REPRESENTATION_CONTEXT() REPRESENTATION_CONTEXT('2D SPACE',''
  ) );
#6255 = PCURVE('',#6256,#6264);
#6256 = SURFACE_OF_LINEAR_EXTRUSION('',#6257,#6262);
#6257 = ELLIPSE('',#6258,23.,21.);
#6258 = AXIS2_PLACEMENT_3D('',#6259,#6260,#6261);
#6259 = CARTESIAN_POINT('',(0.,62.,25.));
#6260 = DIRECTION('',(0.,0.,1.));
#6261 = DIRECTION('',(1.,0.,0.));
#6262 = VECTOR('',#6263,1.);
#6263 = DIRECTION('',(-0.,-0.,-1.));
#6264 = DEFINITIONAL_REPRESENTATION('',(#6265),#6272);
#6265 = B_SPLINE_CURVE_WITH_KNOTS('',5,(#6266,#6267,#6268,#6269,#6270,
    #6271),.UNSPECIFIED.,.F.,.F.,(6,6),(0.,1.),
  .PIECEWISE_BEZIER_KNOTS.);
#6266 = CARTESIAN_POINT('',(6.28318530718,-15.5));
#6267 = CARTESIAN_POINT('',(6.241346819372,-15.5));
#6268 = CARTESIAN_POINT('',(6.199507364892,-15.5));
#6269 = CARTESIAN_POINT('',(6.157700186722,-15.5));
#6270 = CARTESIAN_POINT('',(6.115951770738,-15.5));
#6271 = CARTESIAN_POINT('',(6.074291289917,-15.5));
#6272 = ( GEOMETRIC_REPRESENTATION_CONTEXT(2) 
PARAMETRIC_REPRESENTATION_CONTEXT() REPRESENTATION_CONTEXT('2D SPACE',''
  ) );
#6273 = ADVANCED_FACE('',(#6274),#5107,.T.);
#6274 = FACE_BOUND('',#6275,.T.);
#6275 = EDGE_LOOP('',(#6276,#6277,#6278,#6301));
#6276 = ORIENTED_EDGE('',*,*,#6141,.F.);
#6277 = ORIENTED_EDGE('',*,*,#5092,.T.);
#6278 = ORIENTED_EDGE('',*,*,#6279,.T.);
#6279 = EDGE_CURVE('',#5093,#6280,#6282,.T.);
#6280 = VERTEX_POINT('',#6281);
#6281 = CARTESIAN_POINT('',(22.5,57.645060167444,29.5));
#6282 = SURFACE_CURVE('',#6283,(#6287,#6294),.PCURVE_S1.);
#6283 = LINE('',#6284,#6285);
#6284 = CARTESIAN_POINT('',(22.5,53.,29.5));
#6285 = VECTOR('',#6286,1.);
#6286 = DIRECTION('',(0.,1.,0.));
#6287 = PCURVE('',#5107,#6288);
#6288 = DEFINITIONAL_REPRESENTATION('',(#6289),#6293);
#6289 = LINE('',#6290,#6291);
#6290 = CARTESIAN_POINT('',(0.,0.));
#6291 = VECTOR('',#6292,1.);
#6292 = DIRECTION('',(0.,-1.));
#6293 = ( GEOMETRIC_REPRESENTATION_CONTEXT(2) 
PARAMETRIC_REPRESENTATION_CONTEXT() REPRESENTATION_CONTEXT('2D SPACE',''
  ) );
#6294 = PCURVE('',#5133,#6295);
#6295 = DEFINITIONAL_REPRESENTATION('',(#6296),#6300);
#6296 = LINE('',#6297,#6298);
#6297 = CARTESIAN_POINT('',(0.,0.));
#6298 = VECTOR('',#6299,1.);
#6299 = DIRECTION('',(0.,1.));
#6300 = ( GEOMETRIC_REPRESENTATION_CONTEXT(2) 
PARAMETRIC_REPRESENTATION_CONTEXT() REPRESENTATION_CONTEXT('2D SPACE',''
  ) );
#6301 = ORIENTED_EDGE('',*,*,#6302,.F.);
#6302 = EDGE_CURVE('',#6142,#6280,#6303,.T.);
#6303 = SURFACE_CURVE('',#6304,(#6310,#6319),.PCURVE_S1.);
#6304 = B_SPLINE_CURVE_WITH_KNOTS('',4,(#6305,#6306,#6307,#6308,#6309),
  .UNSPECIFIED.,.F.,.F.,(5,5),(0.,1.),.PIECEWISE_BEZIER_KNOTS.);
#6305 = CARTESIAN_POINT('',(22.5,57.645060167444,40.5));
#6306 = CARTESIAN_POINT('',(22.5,57.645060167444,37.75));
#6307 = CARTESIAN_POINT('',(22.5,57.645060167444,35.));
#6308 = CARTESIAN_POINT('',(22.5,57.645060167444,32.25));
#6309 = CARTESIAN_POINT('',(22.5,57.645060167444,29.5));
#6310 = PCURVE('',#5107,#6311);
#6311 = DEFINITIONAL_REPRESENTATION('',(#6312),#6318);
#6312 = B_SPLINE_CURVE_WITH_KNOTS('',4,(#6313,#6314,#6315,#6316,#6317),
  .UNSPECIFIED.,.F.,.F.,(5,5),(0.,1.),.PIECEWISE_BEZIER_KNOTS.);
#6313 = CARTESIAN_POINT('',(11.,-4.645060167444));
#6314 = CARTESIAN_POINT('',(8.25,-4.645060167444));
#6315 = CARTESIAN_POINT('',(5.5,-4.645060167444));
#6316 = CARTESIAN_POINT('',(2.75,-4.645060167444));
#6317 = CARTESIAN_POINT('',(0.,-4.645060167444));
#6318 = ( GEOMETRIC_REPRESENTATION_CONTEXT(2) 
PARAMETRIC_REPRESENTATION_CONTEXT() REPRESENTATION_CONTEXT('2D SPACE',''
  ) );
#6319 = PCURVE('',#6256,#6320);
#6320 = DEFINITIONAL_REPRESENTATION('',(#6321),#6327);
#6321 = B_SPLINE_CURVE_WITH_KNOTS('',4,(#6322,#6323,#6324,#6325,#6326),
  .UNSPECIFIED.,.F.,.F.,(5,5),(0.,1.),.PIECEWISE_BEZIER_KNOTS.);
#6322 = CARTESIAN_POINT('',(6.074291289917,-15.5));
#6323 = CARTESIAN_POINT('',(6.074291289917,-12.75));
#6324 = CARTESIAN_POINT('',(6.074291289917,-10.));
#6325 = CARTESIAN_POINT('',(6.074291289917,-7.25));
#6326 = CARTESIAN_POINT('',(6.074291289917,-4.5));
#6327 = ( GEOMETRIC_REPRESENTATION_CONTEXT(2) 
PARAMETRIC_REPRESENTATION_CONTEXT() REPRESENTATION_CONTEXT('2D SPACE',''
  ) );
#6328 = ADVANCED_FACE('',(#6329),#5157,.F.);
#6329 = FACE_BOUND('',#6330,.F.);
#6330 = EDGE_LOOP('',(#6331,#6332,#6333,#6354));
#6331 = ORIENTED_EDGE('',*,*,#6165,.F.);
#6332 = ORIENTED_EDGE('',*,*,#5144,.T.);
#6333 = ORIENTED_EDGE('',*,*,#6334,.T.);
#6334 = EDGE_CURVE('',#5119,#5360,#6335,.T.);
#6335 = SURFACE_CURVE('',#6336,(#6340,#6347),.PCURVE_S1.);
#6336 = LINE('',#6337,#6338);
#6337 = CARTESIAN_POINT('',(25.5,53.,29.5));
#6338 = VECTOR('',#6339,1.);
#6339 = DIRECTION('',(0.,1.,0.));
#6340 = PCURVE('',#5157,#6341);
#6341 = DEFINITIONAL_REPRESENTATION('',(#6342),#6346);
#6342 = LINE('',#6343,#6344);
#6343 = CARTESIAN_POINT('',(0.,0.));
#6344 = VECTOR('',#6345,1.);
#6345 = DIRECTION('',(0.,-1.));
#6346 = ( GEOMETRIC_REPRESENTATION_CONTEXT(2) 
PARAMETRIC_REPRESENTATION_CONTEXT() REPRESENTATION_CONTEXT('2D SPACE',''
  ) );
#6347 = PCURVE('',#5133,#6348);
#6348 = DEFINITIONAL_REPRESENTATION('',(#6349),#6353);
#6349 = LINE('',#6350,#6351);
#6350 = CARTESIAN_POINT('',(3.,0.));
#6351 = VECTOR('',#6352,1.);
#6352 = DIRECTION('',(0.,1.));
#6353 = ( GEOMETRIC_REPRESENTATION_CONTEXT(2) 
PARAMETRIC_REPRESENTATION_CONTEXT() REPRESENTATION_CONTEXT('2D SPACE',''
  ) );
#6354 = ORIENTED_EDGE('',*,*,#5380,.F.);
#6355 = ADVANCED_FACE('',(#6356),#5133,.T.);
#6356 = FACE_BOUND('',#6357,.T.);
#6357 = EDGE_LOOP('',(#6358,#6359,#6360,#6361,#6362,#6385,#6406));
#6358 = ORIENTED_EDGE('',*,*,#6279,.F.);
#6359 = ORIENTED_EDGE('',*,*,#5118,.T.);
#6360 = ORIENTED_EDGE('',*,*,#6334,.T.);
#6361 = ORIENTED_EDGE('',*,*,#5359,.F.);
#6362 = ORIENTED_EDGE('',*,*,#6363,.F.);
#6363 = EDGE_CURVE('',#6364,#5334,#6366,.T.);
#6364 = VERTEX_POINT('',#6365);
#6365 = CARTESIAN_POINT('',(22.5,62.,29.5));
#6366 = SURFACE_CURVE('',#6367,(#6371,#6378),.PCURVE_S1.);
#6367 = LINE('',#6368,#6369);
#6368 = CARTESIAN_POINT('',(22.5,53.,29.5));
#6369 = VECTOR('',#6370,1.);
#6370 = DIRECTION('',(0.,1.,0.));
#6371 = PCURVE('',#5133,#6372);
#6372 = DEFINITIONAL_REPRESENTATION('',(#6373),#6377);
#6373 = LINE('',#6374,#6375);
#6374 = CARTESIAN_POINT('',(0.,0.));
#6375 = VECTOR('',#6376,1.);
#6376 = DIRECTION('',(0.,1.));
#6377 = ( GEOMETRIC_REPRESENTATION_CONTEXT(2) 
PARAMETRIC_REPRESENTATION_CONTEXT() REPRESENTATION_CONTEXT('2D SPACE',''
  ) );
#6378 = PCURVE('',#5348,#6379);
#6379 = DEFINITIONAL_REPRESENTATION('',(#6380),#6384);
#6380 = LINE('',#6381,#6382);
#6381 = CARTESIAN_POINT('',(0.,0.));
#6382 = VECTOR('',#6383,1.);
#6383 = DIRECTION('',(0.,-1.));
#6384 = ( GEOMETRIC_REPRESENTATION_CONTEXT(2) 
PARAMETRIC_REPRESENTATION_CONTEXT() REPRESENTATION_CONTEXT('2D SPACE',''
  ) );
#6385 = ORIENTED_EDGE('',*,*,#6386,.T.);
#6386 = EDGE_CURVE('',#6364,#6387,#6389,.T.);
#6387 = VERTEX_POINT('',#6388);
#6388 = CARTESIAN_POINT('',(23.,62.,29.5));
#6389 = SURFACE_CURVE('',#6390,(#6394,#6400),.PCURVE_S1.);
#6390 = LINE('',#6391,#6392);
#6391 = CARTESIAN_POINT('',(-8.75,62.,29.5));
#6392 = VECTOR('',#6393,1.);
#6393 = DIRECTION('',(1.,0.,0.));
#6394 = PCURVE('',#5133,#6395);
#6395 = DEFINITIONAL_REPRESENTATION('',(#6396),#6399);
#6396 = B_SPLINE_CURVE_WITH_KNOTS('',1,(#6397,#6398),.UNSPECIFIED.,.F.,
  .F.,(2,2),(31.25,31.75),.PIECEWISE_BEZIER_KNOTS.);
#6397 = CARTESIAN_POINT('',(0.,9.));
#6398 = CARTESIAN_POINT('',(0.5,9.));
#6399 = ( GEOMETRIC_REPRESENTATION_CONTEXT(2) 
PARAMETRIC_REPRESENTATION_CONTEXT() REPRESENTATION_CONTEXT('2D SPACE',''
  ) );
#6400 = PCURVE('',#6225,#6401);
#6401 = DEFINITIONAL_REPRESENTATION('',(#6402),#6405);
#6402 = B_SPLINE_CURVE_WITH_KNOTS('',1,(#6403,#6404),.UNSPECIFIED.,.F.,
  .F.,(2,2),(31.25,31.75),.PIECEWISE_BEZIER_KNOTS.);
#6403 = CARTESIAN_POINT('',(6.5,62.5));
#6404 = CARTESIAN_POINT('',(6.5,63.));
#6405 = ( GEOMETRIC_REPRESENTATION_CONTEXT(2) 
PARAMETRIC_REPRESENTATION_CONTEXT() REPRESENTATION_CONTEXT('2D SPACE',''
  ) );
#6406 = ORIENTED_EDGE('',*,*,#6407,.T.);
#6407 = EDGE_CURVE('',#6387,#6280,#6408,.T.);
#6408 = SURFACE_CURVE('',#6409,(#6416,#6426),.PCURVE_S1.);
#6409 = B_SPLINE_CURVE_WITH_KNOTS('',5,(#6410,#6411,#6412,#6413,#6414,
    #6415),.UNSPECIFIED.,.F.,.F.,(6,6),(0.,1.),
  .PIECEWISE_BEZIER_KNOTS.);
#6410 = CARTESIAN_POINT('',(23.,62.,29.5));
#6411 = CARTESIAN_POINT('',(23.,61.121391756034,29.5));
#6412 = CARTESIAN_POINT('',(22.949673575826,60.242763110298,29.5));
#6413 = CARTESIAN_POINT('',(22.84902072198,59.368017012507,29.5));
#6414 = CARTESIAN_POINT('',(22.698707829023,58.50091134952,29.5));
#6415 = CARTESIAN_POINT('',(22.5,57.645060167444,29.5));
#6416 = PCURVE('',#5133,#6417);
#6417 = DEFINITIONAL_REPRESENTATION('',(#6418),#6425);
#6418 = B_SPLINE_CURVE_WITH_KNOTS('',5,(#6419,#6420,#6421,#6422,#6423,
    #6424),.UNSPECIFIED.,.F.,.F.,(6,6),(0.,1.),
  .PIECEWISE_BEZIER_KNOTS.);
#6419 = CARTESIAN_POINT('',(0.5,9.));
#6420 = CARTESIAN_POINT('',(0.5,8.121391756034));
#6421 = CARTESIAN_POINT('',(0.449673575826,7.242763110298));
#6422 = CARTESIAN_POINT('',(0.34902072198,6.368017012507));
#6423 = CARTESIAN_POINT('',(0.198707829023,5.50091134952));
#6424 = CARTESIAN_POINT('',(0.,4.645060167444));
#6425 = ( GEOMETRIC_REPRESENTATION_CONTEXT(2) 
PARAMETRIC_REPRESENTATION_CONTEXT() REPRESENTATION_CONTEXT('2D SPACE',''
  ) );
#6426 = PCURVE('',#6256,#6427);
#6427 = DEFINITIONAL_REPRESENTATION('',(#6428),#6435);
#6428 = B_SPLINE_CURVE_WITH_KNOTS('',5,(#6429,#6430,#6431,#6432,#6433,
    #6434),.UNSPECIFIED.,.F.,.F.,(6,6),(0.,1.),
  .PIECEWISE_BEZIER_KNOTS.);
#6429 = CARTESIAN_POINT('',(6.28318530718,-4.5));
#6430 = CARTESIAN_POINT('',(6.241346819372,-4.5));
#6431 = CARTESIAN_POINT('',(6.199507364892,-4.5));
#6432 = CARTESIAN_POINT('',(6.157700186722,-4.5));
#6433 = CARTESIAN_POINT('',(6.115951770738,-4.5));
#6434 = CARTESIAN_POINT('',(6.074291289917,-4.5));
#6435 = ( GEOMETRIC_REPRESENTATION_CONTEXT(2) 
PARAMETRIC_REPRESENTATION_CONTEXT() REPRESENTATION_CONTEXT('2D SPACE',''
  ) );
#6436 = ADVANCED_FACE('',(#6437),#5187,.F.);
#6437 = FACE_BOUND('',#6438,.F.);
#6438 = EDGE_LOOP('',(#6439,#6462,#6463,#6484,#6485,#6508,#6534));
#6439 = ORIENTED_EDGE('',*,*,#6440,.F.);
#6440 = EDGE_CURVE('',#5171,#6441,#6443,.T.);
#6441 = VERTEX_POINT('',#6442);
#6442 = CARTESIAN_POINT('',(22.5,57.645060167444,68.5));
#6443 = SURFACE_CURVE('',#6444,(#6448,#6455),.PCURVE_S1.);
#6444 = LINE('',#6445,#6446);
#6445 = CARTESIAN_POINT('',(22.5,53.,68.5));
#6446 = VECTOR('',#6447,1.);
#6447 = DIRECTION('',(0.,1.,0.));
#6448 = PCURVE('',#5187,#6449);
#6449 = DEFINITIONAL_REPRESENTATION('',(#6450),#6454);
#6450 = LINE('',#6451,#6452);
#6451 = CARTESIAN_POINT('',(0.,0.));
#6452 = VECTOR('',#6453,1.);
#6453 = DIRECTION('',(0.,1.));
#6454 = ( GEOMETRIC_REPRESENTATION_CONTEXT(2) 
PARAMETRIC_REPRESENTATION_CONTEXT() REPRESENTATION_CONTEXT('2D SPACE',''
  ) );
#6455 = PCURVE('',#5213,#6456);
#6456 = DEFINITIONAL_REPRESENTATION('',(#6457),#6461);
#6457 = LINE('',#6458,#6459);
#6458 = CARTESIAN_POINT('',(11.,0.));
#6459 = VECTOR('',#6460,1.);
#6460 = DIRECTION('',(0.,-1.));
#6461 = ( GEOMETRIC_REPRESENTATION_CONTEXT(2) 
PARAMETRIC_REPRESENTATION_CONTEXT() REPRESENTATION_CONTEXT('2D SPACE',''
  ) );
#6462 = ORIENTED_EDGE('',*,*,#5170,.T.);
#6463 = ORIENTED_EDGE('',*,*,#6464,.T.);
#6464 = EDGE_CURVE('',#5173,#5404,#6465,.T.);
#6465 = SURFACE_CURVE('',#6466,(#6470,#6477),.PCURVE_S1.);
#6466 = LINE('',#6467,#6468);
#6467 = CARTESIAN_POINT('',(25.5,53.,68.5));
#6468 = VECTOR('',#6469,1.);
#6469 = DIRECTION('',(0.,1.,0.));
#6470 = PCURVE('',#5187,#6471);
#6471 = DEFINITIONAL_REPRESENTATION('',(#6472),#6476);
#6472 = LINE('',#6473,#6474);
#6473 = CARTESIAN_POINT('',(3.,0.));
#6474 = VECTOR('',#6475,1.);
#6475 = DIRECTION('',(0.,1.));
#6476 = ( GEOMETRIC_REPRESENTATION_CONTEXT(2) 
PARAMETRIC_REPRESENTATION_CONTEXT() REPRESENTATION_CONTEXT('2D SPACE',''
  ) );
#6477 = PCURVE('',#5263,#6478);
#6478 = DEFINITIONAL_REPRESENTATION('',(#6479),#6483);
#6479 = LINE('',#6480,#6481);
#6480 = CARTESIAN_POINT('',(11.,0.));
#6481 = VECTOR('',#6482,1.);
#6482 = DIRECTION('',(0.,-1.));
#6483 = ( GEOMETRIC_REPRESENTATION_CONTEXT(2) 
PARAMETRIC_REPRESENTATION_CONTEXT() REPRESENTATION_CONTEXT('2D SPACE',''
  ) );
#6484 = ORIENTED_EDGE('',*,*,#5401,.F.);
#6485 = ORIENTED_EDGE('',*,*,#6486,.F.);
#6486 = EDGE_CURVE('',#6487,#5402,#6489,.T.);
#6487 = VERTEX_POINT('',#6488);
#6488 = CARTESIAN_POINT('',(22.5,62.,68.5));
#6489 = SURFACE_CURVE('',#6490,(#6494,#6501),.PCURVE_S1.);
#6490 = LINE('',#6491,#6492);
#6491 = CARTESIAN_POINT('',(22.5,53.,68.5));
#6492 = VECTOR('',#6493,1.);
#6493 = DIRECTION('',(0.,1.,0.));
#6494 = PCURVE('',#5187,#6495);
#6495 = DEFINITIONAL_REPRESENTATION('',(#6496),#6500);
#6496 = LINE('',#6497,#6498);
#6497 = CARTESIAN_POINT('',(0.,0.));
#6498 = VECTOR('',#6499,1.);
#6499 = DIRECTION('',(0.,1.));
#6500 = ( GEOMETRIC_REPRESENTATION_CONTEXT(2) 
PARAMETRIC_REPRESENTATION_CONTEXT() REPRESENTATION_CONTEXT('2D SPACE',''
  ) );
#6501 = PCURVE('',#5439,#6502);
#6502 = DEFINITIONAL_REPRESENTATION('',(#6503),#6507);
#6503 = LINE('',#6504,#6505);
#6504 = CARTESIAN_POINT('',(11.,0.));
#6505 = VECTOR('',#6506,1.);
#6506 = DIRECTION('',(0.,-1.));
#6507 = ( GEOMETRIC_REPRESENTATION_CONTEXT(2) 
PARAMETRIC_REPRESENTATION_CONTEXT() REPRESENTATION_CONTEXT('2D SPACE',''
  ) );
#6508 = ORIENTED_EDGE('',*,*,#6509,.T.);
#6509 = EDGE_CURVE('',#6487,#6510,#6512,.T.);
#6510 = VERTEX_POINT('',#6511);
#6511 = CARTESIAN_POINT('',(23.,62.,68.5));
#6512 = SURFACE_CURVE('',#6513,(#6517,#6523),.PCURVE_S1.);
#6513 = LINE('',#6514,#6515);
#6514 = CARTESIAN_POINT('',(-8.75,62.,68.5));
#6515 = VECTOR('',#6516,1.);
#6516 = DIRECTION('',(1.,0.,0.));
#6517 = PCURVE('',#5187,#6518);
#6518 = DEFINITIONAL_REPRESENTATION('',(#6519),#6522);
#6519 = B_SPLINE_CURVE_WITH_KNOTS('',1,(#6520,#6521),.UNSPECIFIED.,.F.,
  .F.,(2,2),(31.25,31.75),.PIECEWISE_BEZIER_KNOTS.);
#6520 = CARTESIAN_POINT('',(0.,9.));
#6521 = CARTESIAN_POINT('',(0.5,9.));
#6522 = ( GEOMETRIC_REPRESENTATION_CONTEXT(2) 
PARAMETRIC_REPRESENTATION_CONTEXT() REPRESENTATION_CONTEXT('2D SPACE',''
  ) );
#6523 = PCURVE('',#6524,#6529);
#6524 = PLANE('',#6525);
#6525 = AXIS2_PLACEMENT_3D('',#6526,#6527,#6528);
#6526 = CARTESIAN_POINT('',(-40.,62.,23.));
#6527 = DIRECTION('',(0.,1.,0.));
#6528 = DIRECTION('',(0.,0.,1.));
#6529 = DEFINITIONAL_REPRESENTATION('',(#6530),#6533);
#6530 = B_SPLINE_CURVE_WITH_KNOTS('',1,(#6531,#6532),.UNSPECIFIED.,.F.,
  .F.,(2,2),(31.25,31.75),.PIECEWISE_BEZIER_KNOTS.);
#6531 = CARTESIAN_POINT('',(45.5,62.5));
#6532 = CARTESIAN_POINT('',(45.5,63.));
#6533 = ( GEOMETRIC_REPRESENTATION_CONTEXT(2) 
PARAMETRIC_REPRESENTATION_CONTEXT() REPRESENTATION_CONTEXT('2D SPACE',''
  ) );
#6534 = ORIENTED_EDGE('',*,*,#6535,.T.);
#6535 = EDGE_CURVE('',#6510,#6441,#6536,.T.);
#6536 = SURFACE_CURVE('',#6537,(#6544,#6554),.PCURVE_S1.);
#6537 = B_SPLINE_CURVE_WITH_KNOTS('',5,(#6538,#6539,#6540,#6541,#6542,
    #6543),.UNSPECIFIED.,.F.,.F.,(6,6),(0.,1.),
  .PIECEWISE_BEZIER_KNOTS.);
#6538 = CARTESIAN_POINT('',(23.,62.,68.5));
#6539 = CARTESIAN_POINT('',(23.,61.121391756034,68.5));
#6540 = CARTESIAN_POINT('',(22.949673575826,60.242763110298,68.5));
#6541 = CARTESIAN_POINT('',(22.84902072198,59.368017012507,68.5));
#6542 = CARTESIAN_POINT('',(22.698707829023,58.50091134952,68.5));
#6543 = CARTESIAN_POINT('',(22.5,57.645060167444,68.5));
#6544 = PCURVE('',#5187,#6545);
#6545 = DEFINITIONAL_REPRESENTATION('',(#6546),#6553);
#6546 = B_SPLINE_CURVE_WITH_KNOTS('',5,(#6547,#6548,#6549,#6550,#6551,
    #6552),.UNSPECIFIED.,.F.,.F.,(6,6),(0.,1.),
  .PIECEWISE_BEZIER_KNOTS.);
#6547 = CARTESIAN_POINT('',(0.5,9.));
#6548 = CARTESIAN_POINT('',(0.5,8.121391756034));
#6549 = CARTESIAN_POINT('',(0.449673575826,7.242763110298));
#6550 = CARTESIAN_POINT('',(0.34902072198,6.368017012507));
#6551 = CARTESIAN_POINT('',(0.198707829023,5.50091134952));
#6552 = CARTESIAN_POINT('',(0.,4.645060167444));
#6553 = ( GEOMETRIC_REPRESENTATION_CONTEXT(2) 
PARAMETRIC_REPRESENTATION_CONTEXT() REPRESENTATION_CONTEXT('2D SPACE',''
  ) );
#6554 = PCURVE('',#6555,#6563);
#6555 = SURFACE_OF_LINEAR_EXTRUSION('',#6556,#6561);
#6556 = ELLIPSE('',#6557,23.,21.);
#6557 = AXIS2_PLACEMENT_3D('',#6558,#6559,#6560);
#6558 = CARTESIAN_POINT('',(0.,62.,25.));
#6559 = DIRECTION('',(0.,0.,1.));
#6560 = DIRECTION('',(1.,0.,0.));
#6561 = VECTOR('',#6562,1.);
#6562 = DIRECTION('',(-0.,-0.,-1.));
#6563 = DEFINITIONAL_REPRESENTATION('',(#6564),#6571);
#6564 = B_SPLINE_CURVE_WITH_KNOTS('',5,(#6565,#6566,#6567,#6568,#6569,
    #6570),.UNSPECIFIED.,.F.,.F.,(6,6),(0.,1.),
  .PIECEWISE_BEZIER_KNOTS.);
#6565 = CARTESIAN_POINT('',(6.28318530718,-43.5));
#6566 = CARTESIAN_POINT('',(6.241346819372,-43.5));
#6567 = CARTESIAN_POINT('',(6.199507364892,-43.5));
#6568 = CARTESIAN_POINT('',(6.157700186722,-43.5));
#6569 = CARTESIAN_POINT('',(6.115951770738,-43.5));
#6570 = CARTESIAN_POINT('',(6.074291289917,-43.5));
#6571 = ( GEOMETRIC_REPRESENTATION_CONTEXT(2) 
PARAMETRIC_REPRESENTATION_CONTEXT() REPRESENTATION_CONTEXT('2D SPACE',''
  ) );
#6572 = ADVANCED_FACE('',(#6573),#5213,.T.);
#6573 = FACE_BOUND('',#6574,.T.);
#6574 = EDGE_LOOP('',(#6575,#6576,#6577,#6600));
#6575 = ORIENTED_EDGE('',*,*,#6440,.F.);
#6576 = ORIENTED_EDGE('',*,*,#5198,.T.);
#6577 = ORIENTED_EDGE('',*,*,#6578,.T.);
#6578 = EDGE_CURVE('',#5199,#6579,#6581,.T.);
#6579 = VERTEX_POINT('',#6580);
#6580 = CARTESIAN_POINT('',(22.5,57.645060167444,57.5));
#6581 = SURFACE_CURVE('',#6582,(#6586,#6593),.PCURVE_S1.);
#6582 = LINE('',#6583,#6584);
#6583 = CARTESIAN_POINT('',(22.5,53.,57.5));
#6584 = VECTOR('',#6585,1.);
#6585 = DIRECTION('',(0.,1.,0.));
#6586 = PCURVE('',#5213,#6587);
#6587 = DEFINITIONAL_REPRESENTATION('',(#6588),#6592);
#6588 = LINE('',#6589,#6590);
#6589 = CARTESIAN_POINT('',(0.,0.));
#6590 = VECTOR('',#6591,1.);
#6591 = DIRECTION('',(0.,-1.));
#6592 = ( GEOMETRIC_REPRESENTATION_CONTEXT(2) 
PARAMETRIC_REPRESENTATION_CONTEXT() REPRESENTATION_CONTEXT('2D SPACE',''
  ) );
#6593 = PCURVE('',#5239,#6594);
#6594 = DEFINITIONAL_REPRESENTATION('',(#6595),#6599);
#6595 = LINE('',#6596,#6597);
#6596 = CARTESIAN_POINT('',(0.,0.));
#6597 = VECTOR('',#6598,1.);
#6598 = DIRECTION('',(0.,1.));
#6599 = ( GEOMETRIC_REPRESENTATION_CONTEXT(2) 
PARAMETRIC_REPRESENTATION_CONTEXT() REPRESENTATION_CONTEXT('2D SPACE',''
  ) );
#6600 = ORIENTED_EDGE('',*,*,#6601,.F.);
#6601 = EDGE_CURVE('',#6441,#6579,#6602,.T.);
#6602 = SURFACE_CURVE('',#6603,(#6609,#6618),.PCURVE_S1.);
#6603 = B_SPLINE_CURVE_WITH_KNOTS('',4,(#6604,#6605,#6606,#6607,#6608),
  .UNSPECIFIED.,.F.,.F.,(5,5),(0.,1.),.PIECEWISE_BEZIER_KNOTS.);
#6604 = CARTESIAN_POINT('',(22.5,57.645060167444,68.5));
#6605 = CARTESIAN_POINT('',(22.5,57.645060167444,65.75));
#6606 = CARTESIAN_POINT('',(22.5,57.645060167444,63.));
#6607 = CARTESIAN_POINT('',(22.5,57.645060167444,60.25));
#6608 = CARTESIAN_POINT('',(22.5,57.645060167444,57.5));
#6609 = PCURVE('',#5213,#6610);
#6610 = DEFINITIONAL_REPRESENTATION('',(#6611),#6617);
#6611 = B_SPLINE_CURVE_WITH_KNOTS('',4,(#6612,#6613,#6614,#6615,#6616),
  .UNSPECIFIED.,.F.,.F.,(5,5),(0.,1.),.PIECEWISE_BEZIER_KNOTS.);
#6612 = CARTESIAN_POINT('',(11.,-4.645060167444));
#6613 = CARTESIAN_POINT('',(8.25,-4.645060167444));
#6614 = CARTESIAN_POINT('',(5.5,-4.645060167444));
#6615 = CARTESIAN_POINT('',(2.75,-4.645060167444));
#6616 = CARTESIAN_POINT('',(0.,-4.645060167444));
#6617 = ( GEOMETRIC_REPRESENTATION_CONTEXT(2) 
PARAMETRIC_REPRESENTATION_CONTEXT() REPRESENTATION_CONTEXT('2D SPACE',''
  ) );
#6618 = PCURVE('',#6555,#6619);
#6619 = DEFINITIONAL_REPRESENTATION('',(#6620),#6626);
#6620 = B_SPLINE_CURVE_WITH_KNOTS('',4,(#6621,#6622,#6623,#6624,#6625),
  .UNSPECIFIED.,.F.,.F.,(5,5),(0.,1.),.PIECEWISE_BEZIER_KNOTS.);
#6621 = CARTESIAN_POINT('',(6.074291289917,-43.5));
#6622 = CARTESIAN_POINT('',(6.074291289917,-40.75));
#6623 = CARTESIAN_POINT('',(6.074291289917,-38.));
#6624 = CARTESIAN_POINT('',(6.074291289917,-35.25));
#6625 = CARTESIAN_POINT('',(6.074291289917,-32.5));
#6626 = ( GEOMETRIC_REPRESENTATION_CONTEXT(2) 
PARAMETRIC_REPRESENTATION_CONTEXT() REPRESENTATION_CONTEXT('2D SPACE',''
  ) );
#6627 = ADVANCED_FACE('',(#6628),#5263,.F.);
#6628 = FACE_BOUND('',#6629,.F.);
#6629 = EDGE_LOOP('',(#6630,#6631,#6632,#6653));
#6630 = ORIENTED_EDGE('',*,*,#6464,.F.);
#6631 = ORIENTED_EDGE('',*,*,#5250,.T.);
#6632 = ORIENTED_EDGE('',*,*,#6633,.T.);
#6633 = EDGE_CURVE('',#5225,#5451,#6634,.T.);
#6634 = SURFACE_CURVE('',#6635,(#6639,#6646),.PCURVE_S1.);
#6635 = LINE('',#6636,#6637);
#6636 = CARTESIAN_POINT('',(25.5,53.,57.5));
#6637 = VECTOR('',#6638,1.);
#6638 = DIRECTION('',(0.,1.,0.));
#6639 = PCURVE('',#5263,#6640);
#6640 = DEFINITIONAL_REPRESENTATION('',(#6641),#6645);
#6641 = LINE('',#6642,#6643);
#6642 = CARTESIAN_POINT('',(0.,0.));
#6643 = VECTOR('',#6644,1.);
#6644 = DIRECTION('',(0.,-1.));
#6645 = ( GEOMETRIC_REPRESENTATION_CONTEXT(2) 
PARAMETRIC_REPRESENTATION_CONTEXT() REPRESENTATION_CONTEXT('2D SPACE',''
  ) );
#6646 = PCURVE('',#5239,#6647);
#6647 = DEFINITIONAL_REPRESENTATION('',(#6648),#6652);
#6648 = LINE('',#6649,#6650);
#6649 = CARTESIAN_POINT('',(3.,0.));
#6650 = VECTOR('',#6651,1.);
#6651 = DIRECTION('',(0.,1.));
#6652 = ( GEOMETRIC_REPRESENTATION_CONTEXT(2) 
PARAMETRIC_REPRESENTATION_CONTEXT() REPRESENTATION_CONTEXT('2D SPACE',''
  ) );
#6653 = ORIENTED_EDGE('',*,*,#5471,.F.);
#6654 = ADVANCED_FACE('',(#6655),#5239,.T.);
#6655 = FACE_BOUND('',#6656,.T.);
#6656 = EDGE_LOOP('',(#6657,#6658,#6659,#6660,#6661,#6684,#6705));
#6657 = ORIENTED_EDGE('',*,*,#6578,.F.);
#6658 = ORIENTED_EDGE('',*,*,#5224,.T.);
#6659 = ORIENTED_EDGE('',*,*,#6633,.T.);
#6660 = ORIENTED_EDGE('',*,*,#5450,.F.);
#6661 = ORIENTED_EDGE('',*,*,#6662,.F.);
#6662 = EDGE_CURVE('',#6663,#5425,#6665,.T.);
#6663 = VERTEX_POINT('',#6664);
#6664 = CARTESIAN_POINT('',(22.5,62.,57.5));
#6665 = SURFACE_CURVE('',#6666,(#6670,#6677),.PCURVE_S1.);
#6666 = LINE('',#6667,#6668);
#6667 = CARTESIAN_POINT('',(22.5,53.,57.5));
#6668 = VECTOR('',#6669,1.);
#6669 = DIRECTION('',(0.,1.,0.));
#6670 = PCURVE('',#5239,#6671);
#6671 = DEFINITIONAL_REPRESENTATION('',(#6672),#6676);
#6672 = LINE('',#6673,#6674);
#6673 = CARTESIAN_POINT('',(0.,0.));
#6674 = VECTOR('',#6675,1.);
#6675 = DIRECTION('',(0.,1.));
#6676 = ( GEOMETRIC_REPRESENTATION_CONTEXT(2) 
PARAMETRIC_REPRESENTATION_CONTEXT() REPRESENTATION_CONTEXT('2D SPACE',''
  ) );
#6677 = PCURVE('',#5439,#6678);
#6678 = DEFINITIONAL_REPRESENTATION('',(#6679),#6683);
#6679 = LINE('',#6680,#6681);
#6680 = CARTESIAN_POINT('',(0.,0.));
#6681 = VECTOR('',#6682,1.);
#6682 = DIRECTION('',(0.,-1.));
#6683 = ( GEOMETRIC_REPRESENTATION_CONTEXT(2) 
PARAMETRIC_REPRESENTATION_CONTEXT() REPRESENTATION_CONTEXT('2D SPACE',''
  ) );
#6684 = ORIENTED_EDGE('',*,*,#6685,.T.);
#6685 = EDGE_CURVE('',#6663,#6686,#6688,.T.);
#6686 = VERTEX_POINT('',#6687);
#6687 = CARTESIAN_POINT('',(23.,62.,57.5));
#6688 = SURFACE_CURVE('',#6689,(#6693,#6699),.PCURVE_S1.);
#6689 = LINE('',#6690,#6691);
#6690 = CARTESIAN_POINT('',(-8.75,62.,57.5));
#6691 = VECTOR('',#6692,1.);
#6692 = DIRECTION('',(1.,0.,0.));
#6693 = PCURVE('',#5239,#6694);
#6694 = DEFINITIONAL_REPRESENTATION('',(#6695),#6698);
#6695 = B_SPLINE_CURVE_WITH_KNOTS('',1,(#6696,#6697),.UNSPECIFIED.,.F.,
  .F.,(2,2),(31.25,31.75),.PIECEWISE_BEZIER_KNOTS.);
#6696 = CARTESIAN_POINT('',(0.,9.));
#6697 = CARTESIAN_POINT('',(0.5,9.));
#6698 = ( GEOMETRIC_REPRESENTATION_CONTEXT(2) 
PARAMETRIC_REPRESENTATION_CONTEXT() REPRESENTATION_CONTEXT('2D SPACE',''
  ) );
#6699 = PCURVE('',#6524,#6700);
#6700 = DEFINITIONAL_REPRESENTATION('',(#6701),#6704);
#6701 = B_SPLINE_CURVE_WITH_KNOTS('',1,(#6702,#6703),.UNSPECIFIED.,.F.,
  .F.,(2,2),(31.25,31.75),.PIECEWISE_BEZIER_KNOTS.);
#6702 = CARTESIAN_POINT('',(34.5,62.5));
#6703 = CARTESIAN_POINT('',(34.5,63.));
#6704 = ( GEOMETRIC_REPRESENTATION_CONTEXT(2) 
PARAMETRIC_REPRESENTATION_CONTEXT() REPRESENTATION_CONTEXT('2D SPACE',''
  ) );
#6705 = ORIENTED_EDGE('',*,*,#6706,.T.);
#6706 = EDGE_CURVE('',#6686,#6579,#6707,.T.);
#6707 = SURFACE_CURVE('',#6708,(#6715,#6725),.PCURVE_S1.);
#6708 = B_SPLINE_CURVE_WITH_KNOTS('',5,(#6709,#6710,#6711,#6712,#6713,
    #6714),.UNSPECIFIED.,.F.,.F.,(6,6),(0.,1.),
  .PIECEWISE_BEZIER_KNOTS.);
#6709 = CARTESIAN_POINT('',(23.,62.,57.5));
#6710 = CARTESIAN_POINT('',(23.,61.121391756034,57.5));
#6711 = CARTESIAN_POINT('',(22.949673575826,60.242763110298,57.5));
#6712 = CARTESIAN_POINT('',(22.84902072198,59.368017012507,57.5));
#6713 = CARTESIAN_POINT('',(22.698707829023,58.50091134952,57.5));
#6714 = CARTESIAN_POINT('',(22.5,57.645060167444,57.5));
#6715 = PCURVE('',#5239,#6716);
#6716 = DEFINITIONAL_REPRESENTATION('',(#6717),#6724);
#6717 = B_SPLINE_CURVE_WITH_KNOTS('',5,(#6718,#6719,#6720,#6721,#6722,
    #6723),.UNSPECIFIED.,.F.,.F.,(6,6),(0.,1.),
  .PIECEWISE_BEZIER_KNOTS.);
#6718 = CARTESIAN_POINT('',(0.5,9.));
#6719 = CARTESIAN_POINT('',(0.5,8.121391756034));
#6720 = CARTESIAN_POINT('',(0.449673575826,7.242763110298));
#6721 = CARTESIAN_POINT('',(0.34902072198,6.368017012507));
#6722 = CARTESIAN_POINT('',(0.198707829023,5.50091134952));
#6723 = CARTESIAN_POINT('',(0.,4.645060167444));
#6724 = ( GEOMETRIC_REPRESENTATION_CONTEXT(2) 
PARAMETRIC_REPRESENTATION_CONTEXT() REPRESENTATION_CONTEXT('2D SPACE',''
  ) );
#6725 = PCURVE('',#6555,#6726);
#6726 = DEFINITIONAL_REPRESENTATION('',(#6727),#6734);
#6727 = B_SPLINE_CURVE_WITH_KNOTS('',5,(#6728,#6729,#6730,#6731,#6732,
    #6733),.UNSPECIFIED.,.F.,.F.,(6,6),(0.,1.),
  .PIECEWISE_BEZIER_KNOTS.);
#6728 = CARTESIAN_POINT('',(6.28318530718,-32.5));
#6729 = CARTESIAN_POINT('',(6.241346819372,-32.5));
#6730 = CARTESIAN_POINT('',(6.199507364892,-32.5));
#6731 = CARTESIAN_POINT('',(6.157700186722,-32.5));
#6732 = CARTESIAN_POINT('',(6.115951770738,-32.5));
#6733 = CARTESIAN_POINT('',(6.074291289917,-32.5));
#6734 = ( GEOMETRIC_REPRESENTATION_CONTEXT(2) 
PARAMETRIC_REPRESENTATION_CONTEXT() REPRESENTATION_CONTEXT('2D SPACE',''
  ) );
#6735 = ADVANCED_FACE('',(#6736),#5348,.T.);
#6736 = FACE_BOUND('',#6737,.T.);
#6737 = EDGE_LOOP('',(#6738,#6739,#6758,#6759));
#6738 = ORIENTED_EDGE('',*,*,#6187,.F.);
#6739 = ORIENTED_EDGE('',*,*,#6740,.T.);
#6740 = EDGE_CURVE('',#6188,#6364,#6741,.T.);
#6741 = SURFACE_CURVE('',#6742,(#6746,#6752),.PCURVE_S1.);
#6742 = LINE('',#6743,#6744);
#6743 = CARTESIAN_POINT('',(22.5,62.,26.25));
#6744 = VECTOR('',#6745,1.);
#6745 = DIRECTION('',(0.,0.,-1.));
#6746 = PCURVE('',#5348,#6747);
#6747 = DEFINITIONAL_REPRESENTATION('',(#6748),#6751);
#6748 = B_SPLINE_CURVE_WITH_KNOTS('',1,(#6749,#6750),.UNSPECIFIED.,.F.,
  .F.,(2,2),(-14.25,-3.25),.PIECEWISE_BEZIER_KNOTS.);
#6749 = CARTESIAN_POINT('',(11.,-9.));
#6750 = CARTESIAN_POINT('',(0.,-9.));
#6751 = ( GEOMETRIC_REPRESENTATION_CONTEXT(2) 
PARAMETRIC_REPRESENTATION_CONTEXT() REPRESENTATION_CONTEXT('2D SPACE',''
  ) );
#6752 = PCURVE('',#6225,#6753);
#6753 = DEFINITIONAL_REPRESENTATION('',(#6754),#6757);
#6754 = B_SPLINE_CURVE_WITH_KNOTS('',1,(#6755,#6756),.UNSPECIFIED.,.F.,
  .F.,(2,2),(-14.25,-3.25),.PIECEWISE_BEZIER_KNOTS.);
#6755 = CARTESIAN_POINT('',(17.5,62.5));
#6756 = CARTESIAN_POINT('',(6.5,62.5));
#6757 = ( GEOMETRIC_REPRESENTATION_CONTEXT(2) 
PARAMETRIC_REPRESENTATION_CONTEXT() REPRESENTATION_CONTEXT('2D SPACE',''
  ) );
#6758 = ORIENTED_EDGE('',*,*,#6363,.T.);
#6759 = ORIENTED_EDGE('',*,*,#5333,.F.);
#6760 = ADVANCED_FACE('',(#6761),#5439,.T.);
#6761 = FACE_BOUND('',#6762,.T.);
#6762 = EDGE_LOOP('',(#6763,#6764,#6783,#6784));
#6763 = ORIENTED_EDGE('',*,*,#6486,.F.);
#6764 = ORIENTED_EDGE('',*,*,#6765,.T.);
#6765 = EDGE_CURVE('',#6487,#6663,#6766,.T.);
#6766 = SURFACE_CURVE('',#6767,(#6771,#6777),.PCURVE_S1.);
#6767 = LINE('',#6768,#6769);
#6768 = CARTESIAN_POINT('',(22.5,62.,40.25));
#6769 = VECTOR('',#6770,1.);
#6770 = DIRECTION('',(0.,0.,-1.));
#6771 = PCURVE('',#5439,#6772);
#6772 = DEFINITIONAL_REPRESENTATION('',(#6773),#6776);
#6773 = B_SPLINE_CURVE_WITH_KNOTS('',1,(#6774,#6775),.UNSPECIFIED.,.F.,
  .F.,(2,2),(-28.25,-17.25),.PIECEWISE_BEZIER_KNOTS.);
#6774 = CARTESIAN_POINT('',(11.,-9.));
#6775 = CARTESIAN_POINT('',(0.,-9.));
#6776 = ( GEOMETRIC_REPRESENTATION_CONTEXT(2) 
PARAMETRIC_REPRESENTATION_CONTEXT() REPRESENTATION_CONTEXT('2D SPACE',''
  ) );
#6777 = PCURVE('',#6524,#6778);
#6778 = DEFINITIONAL_REPRESENTATION('',(#6779),#6782);
#6779 = B_SPLINE_CURVE_WITH_KNOTS('',1,(#6780,#6781),.UNSPECIFIED.,.F.,
  .F.,(2,2),(-28.25,-17.25),.PIECEWISE_BEZIER_KNOTS.);
#6780 = CARTESIAN_POINT('',(45.5,62.5));
#6781 = CARTESIAN_POINT('',(34.5,62.5));
#6782 = ( GEOMETRIC_REPRESENTATION_CONTEXT(2) 
PARAMETRIC_REPRESENTATION_CONTEXT() REPRESENTATION_CONTEXT('2D SPACE',''
  ) );
#6783 = ORIENTED_EDGE('',*,*,#6662,.T.);
#6784 = ORIENTED_EDGE('',*,*,#5424,.F.);
#6785 = ADVANCED_FACE('',(#6786),#5593,.T.);
#6786 = FACE_BOUND('',#6787,.T.);
#6787 = EDGE_LOOP('',(#6788,#6815,#6816,#6817));
#6788 = ORIENTED_EDGE('',*,*,#6789,.F.);
#6789 = EDGE_CURVE('',#5539,#5729,#6790,.T.);
#6790 = SURFACE_CURVE('',#6791,(#6797,#6806),.PCURVE_S1.);
#6791 = B_SPLINE_CURVE_WITH_KNOTS('',4,(#6792,#6793,#6794,#6795,#6796),
  .UNSPECIFIED.,.F.,.F.,(5,5),(0.,1.),.PIECEWISE_BEZIER_KNOTS.);
#6792 = CARTESIAN_POINT('',(-23.,62.,73.0000006));
#6793 = CARTESIAN_POINT('',(-23.,62.,61.0000003));
#6794 = CARTESIAN_POINT('',(-23.,62.,49.));
#6795 = CARTESIAN_POINT('',(-23.,62.,36.9999997));
#6796 = CARTESIAN_POINT('',(-23.,62.,24.9999994));
#6797 = PCURVE('',#5593,#6798);
#6798 = DEFINITIONAL_REPRESENTATION('',(#6799),#6805);
#6799 = B_SPLINE_CURVE_WITH_KNOTS('',4,(#6800,#6801,#6802,#6803,#6804),
  .UNSPECIFIED.,.F.,.F.,(5,5),(0.,1.),.PIECEWISE_BEZIER_KNOTS.);
#6800 = CARTESIAN_POINT('',(50.0000006,17.));
#6801 = CARTESIAN_POINT('',(38.0000003,17.));
#6802 = CARTESIAN_POINT('',(26.,17.));
#6803 = CARTESIAN_POINT('',(13.9999997,17.));
#6804 = CARTESIAN_POINT('',(1.9999994,17.));
#6805 = ( GEOMETRIC_REPRESENTATION_CONTEXT(2) 
PARAMETRIC_REPRESENTATION_CONTEXT() REPRESENTATION_CONTEXT('2D SPACE',''
  ) );
#6806 = PCURVE('',#5560,#6807);
#6807 = DEFINITIONAL_REPRESENTATION('',(#6808),#6814);
#6808 = B_SPLINE_CURVE_WITH_KNOTS('',4,(#6809,#6810,#6811,#6812,#6813),
  .UNSPECIFIED.,.F.,.F.,(5,5),(0.,1.),.PIECEWISE_BEZIER_KNOTS.);
#6809 = CARTESIAN_POINT('',(3.14159265359,-48.0000006));
#6810 = CARTESIAN_POINT('',(3.14159265359,-36.0000003));
#6811 = CARTESIAN_POINT('',(3.14159265359,-24.));
#6812 = CARTESIAN_POINT('',(3.14159265359,-11.9999997));
#6813 = CARTESIAN_POINT('',(3.14159265359,5.999999999062E-07));
#6814 = ( GEOMETRIC_REPRESENTATION_CONTEXT(2) 
PARAMETRIC_REPRESENTATION_CONTEXT() REPRESENTATION_CONTEXT('2D SPACE',''
  ) );
#6815 = ORIENTED_EDGE('',*,*,#5578,.T.);
#6816 = ORIENTED_EDGE('',*,*,#5657,.T.);
#6817 = ORIENTED_EDGE('',*,*,#5760,.F.);
#6818 = ADVANCED_FACE('',(#6819),#5560,.F.);
#6819 = FACE_BOUND('',#6820,.F.);
#6820 = EDGE_LOOP('',(#6821,#6822,#6823,#6824));
#6821 = ORIENTED_EDGE('',*,*,#5728,.T.);
#6822 = ORIENTED_EDGE('',*,*,#6789,.F.);
#6823 = ORIENTED_EDGE('',*,*,#5538,.F.);
#6824 = ORIENTED_EDGE('',*,*,#6078,.T.);
#6825 = ADVANCED_FACE('',(#6826),#5884,.T.);
#6826 = FACE_BOUND('',#6827,.T.);
#6827 = EDGE_LOOP('',(#6828,#6855,#6856,#6857));
#6828 = ORIENTED_EDGE('',*,*,#6829,.F.);
#6829 = EDGE_CURVE('',#5830,#6013,#6830,.T.);
#6830 = SURFACE_CURVE('',#6831,(#6837,#6846),.PCURVE_S1.);
#6831 = B_SPLINE_CURVE_WITH_KNOTS('',4,(#6832,#6833,#6834,#6835,#6836),
  .UNSPECIFIED.,.F.,.F.,(5,5),(0.,1.),.PIECEWISE_BEZIER_KNOTS.);
#6832 = CARTESIAN_POINT('',(-23.,62.,73.0000006));
#6833 = CARTESIAN_POINT('',(-23.,62.,61.0000003));
#6834 = CARTESIAN_POINT('',(-23.,62.,49.));
#6835 = CARTESIAN_POINT('',(-23.,62.,36.9999997));
#6836 = CARTESIAN_POINT('',(-23.,62.,24.9999994));
#6837 = PCURVE('',#5884,#6838);
#6838 = DEFINITIONAL_REPRESENTATION('',(#6839),#6845);
#6839 = B_SPLINE_CURVE_WITH_KNOTS('',4,(#6840,#6841,#6842,#6843,#6844),
  .UNSPECIFIED.,.F.,.F.,(5,5),(0.,1.),.PIECEWISE_BEZIER_KNOTS.);
#6840 = CARTESIAN_POINT('',(50.0000006,17.));
#6841 = CARTESIAN_POINT('',(38.0000003,17.));
#6842 = CARTESIAN_POINT('',(26.,17.));
#6843 = CARTESIAN_POINT('',(13.9999997,17.));
#6844 = CARTESIAN_POINT('',(1.9999994,17.));
#6845 = ( GEOMETRIC_REPRESENTATION_CONTEXT(2) 
PARAMETRIC_REPRESENTATION_CONTEXT() REPRESENTATION_CONTEXT('2D SPACE',''
  ) );
#6846 = PCURVE('',#5851,#6847);
#6847 = DEFINITIONAL_REPRESENTATION('',(#6848),#6854);
#6848 = B_SPLINE_CURVE_WITH_KNOTS('',4,(#6849,#6850,#6851,#6852,#6853),
  .UNSPECIFIED.,.F.,.F.,(5,5),(0.,1.),.PIECEWISE_BEZIER_KNOTS.);
#6849 = CARTESIAN_POINT('',(3.14159265359,-48.0000006));
#6850 = CARTESIAN_POINT('',(3.14159265359,-36.0000003));
#6851 = CARTESIAN_POINT('',(3.14159265359,-24.));
#6852 = CARTESIAN_POINT('',(3.14159265359,-11.9999997));
#6853 = CARTESIAN_POINT('',(3.14159265359,5.999999999062E-07));
#6854 = ( GEOMETRIC_REPRESENTATION_CONTEXT(2) 
PARAMETRIC_REPRESENTATION_CONTEXT() REPRESENTATION_CONTEXT('2D SPACE',''
  ) );
#6855 = ORIENTED_EDGE('',*,*,#5869,.T.);
#6856 = ORIENTED_EDGE('',*,*,#5921,.T.);
#6857 = ORIENTED_EDGE('',*,*,#6044,.F.);
#6858 = ADVANCED_FACE('',(#6859),#5851,.F.);
#6859 = FACE_BOUND('',#6860,.F.);
#6860 = EDGE_LOOP('',(#6861,#6862,#6863,#6864));
#6861 = ORIENTED_EDGE('',*,*,#6829,.F.);
#6862 = ORIENTED_EDGE('',*,*,#5829,.F.);
#6863 = ORIENTED_EDGE('',*,*,#6111,.T.);
#6864 = ORIENTED_EDGE('',*,*,#6012,.T.);
#6865 = ADVANCED_FACE('',(#6866),#6256,.F.);
#6866 = FACE_BOUND('',#6867,.F.);
#6867 = EDGE_LOOP('',(#6868,#6889,#6890,#6891));
#6868 = ORIENTED_EDGE('',*,*,#6869,.F.);
#6869 = EDGE_CURVE('',#6387,#6211,#6870,.T.);
#6870 = SURFACE_CURVE('',#6871,(#6875,#6882),.PCURVE_S1.);
#6871 = LINE('',#6872,#6873);
#6872 = CARTESIAN_POINT('',(23.,62.,25.));
#6873 = VECTOR('',#6874,1.);
#6874 = DIRECTION('',(0.,0.,1.));
#6875 = PCURVE('',#6256,#6876);
#6876 = DEFINITIONAL_REPRESENTATION('',(#6877),#6881);
#6877 = LINE('',#6878,#6879);
#6878 = CARTESIAN_POINT('',(6.28318530718,0.));
#6879 = VECTOR('',#6880,1.);
#6880 = DIRECTION('',(0.,-1.));
#6881 = ( GEOMETRIC_REPRESENTATION_CONTEXT(2) 
PARAMETRIC_REPRESENTATION_CONTEXT() REPRESENTATION_CONTEXT('2D SPACE',''
  ) );
#6882 = PCURVE('',#6225,#6883);
#6883 = DEFINITIONAL_REPRESENTATION('',(#6884),#6888);
#6884 = LINE('',#6885,#6886);
#6885 = CARTESIAN_POINT('',(2.,63.));
#6886 = VECTOR('',#6887,1.);
#6887 = DIRECTION('',(1.,0.));
#6888 = ( GEOMETRIC_REPRESENTATION_CONTEXT(2) 
PARAMETRIC_REPRESENTATION_CONTEXT() REPRESENTATION_CONTEXT('2D SPACE',''
  ) );
#6889 = ORIENTED_EDGE('',*,*,#6407,.T.);
#6890 = ORIENTED_EDGE('',*,*,#6302,.F.);
#6891 = ORIENTED_EDGE('',*,*,#6236,.F.);
#6892 = ADVANCED_FACE('',(#6893),#6225,.T.);
#6893 = FACE_BOUND('',#6894,.T.);
#6894 = EDGE_LOOP('',(#6895,#6896,#6897,#6898));
#6895 = ORIENTED_EDGE('',*,*,#6869,.F.);
#6896 = ORIENTED_EDGE('',*,*,#6386,.F.);
#6897 = ORIENTED_EDGE('',*,*,#6740,.F.);
#6898 = ORIENTED_EDGE('',*,*,#6210,.T.);
#6899 = ADVANCED_FACE('',(#6900),#6555,.F.);
#6900 = FACE_BOUND('',#6901,.F.);
#6901 = EDGE_LOOP('',(#6902,#6923,#6924,#6925));
#6902 = ORIENTED_EDGE('',*,*,#6903,.F.);
#6903 = EDGE_CURVE('',#6686,#6510,#6904,.T.);
#6904 = SURFACE_CURVE('',#6905,(#6909,#6916),.PCURVE_S1.);
#6905 = LINE('',#6906,#6907);
#6906 = CARTESIAN_POINT('',(23.,62.,25.));
#6907 = VECTOR('',#6908,1.);
#6908 = DIRECTION('',(0.,0.,1.));
#6909 = PCURVE('',#6555,#6910);
#6910 = DEFINITIONAL_REPRESENTATION('',(#6911),#6915);
#6911 = LINE('',#6912,#6913);
#6912 = CARTESIAN_POINT('',(6.28318530718,0.));
#6913 = VECTOR('',#6914,1.);
#6914 = DIRECTION('',(0.,-1.));
#6915 = ( GEOMETRIC_REPRESENTATION_CONTEXT(2) 
PARAMETRIC_REPRESENTATION_CONTEXT() REPRESENTATION_CONTEXT('2D SPACE',''
  ) );
#6916 = PCURVE('',#6524,#6917);
#6917 = DEFINITIONAL_REPRESENTATION('',(#6918),#6922);
#6918 = LINE('',#6919,#6920);
#6919 = CARTESIAN_POINT('',(2.,63.));
#6920 = VECTOR('',#6921,1.);
#6921 = DIRECTION('',(1.,0.));
#6922 = ( GEOMETRIC_REPRESENTATION_CONTEXT(2) 
PARAMETRIC_REPRESENTATION_CONTEXT() REPRESENTATION_CONTEXT('2D SPACE',''
  ) );
#6923 = ORIENTED_EDGE('',*,*,#6706,.T.);
#6924 = ORIENTED_EDGE('',*,*,#6601,.F.);
#6925 = ORIENTED_EDGE('',*,*,#6535,.F.);
#6926 = ADVANCED_FACE('',(#6927),#6524,.T.);
#6927 = FACE_BOUND('',#6928,.T.);
#6928 = EDGE_LOOP('',(#6929,#6930,#6931,#6932));
#6929 = ORIENTED_EDGE('',*,*,#6903,.F.);
#6930 = ORIENTED_EDGE('',*,*,#6685,.F.);
#6931 = ORIENTED_EDGE('',*,*,#6765,.F.);
#6932 = ORIENTED_EDGE('',*,*,#6509,.T.);
#6933 = ( GEOMETRIC_REPRESENTATION_CONTEXT(3) 
GLOBAL_UNCERTAINTY_ASSIGNED_CONTEXT((#6937)) 
GLOBAL_UNIT_ASSIGNED_CONTEXT((#6934,#6935,#6936)) REPRESENTATION_CONTEXT
('Context #1','3D Context with UNIT and UNCERTAINTY') );
#6934 = ( LENGTH_UNIT() NAMED_UNIT(*) SI_UNIT(.MILLI.,.METRE.) );
#6935 = ( NAMED_UNIT(*) PLANE_ANGLE_UNIT() SI_UNIT($,.RADIAN.) );
#6936 = ( NAMED_UNIT(*) SI_UNIT($,.STERADIAN.) SOLID_ANGLE_UNIT() );
#6937 = UNCERTAINTY_MEASURE_WITH_UNIT(LENGTH_MEASURE(2.E-05),#6934,
  'distance_accuracy_value','confusion accuracy');
#6938 = PRODUCT_RELATED_PRODUCT_CATEGORY('part',$,(#7));
ENDSEC;
END-ISO-10303-21;
